secim,oran,ornek,tuttu,tutma,vaat,getiri,hata,getiri_maks
hepsi,1.01,1,1,1.0,0.9901,1.01,0.0,1.04
hepsi,1.02,3,2,0.6667,0.9804,0.68,0.5441,0.6967
hepsi,1.03,11,11,1.0,0.9709,1.03,0.0,1.05
hepsi,1.04,20,20,1.0,0.9615,1.04,0.0,1.0655
hepsi,1.05,39,38,0.9744,0.9524,1.0231,0.052,1.0549
hepsi,1.06,47,44,0.9362,0.9434,0.9923,0.0741,1.0172
hepsi,1.07,61,58,0.9508,0.9346,1.0174,0.0581,1.0425
hepsi,1.08,89,79,0.8876,0.9259,0.9587,0.0709,0.9855
hepsi,1.09,111,93,0.8378,0.9174,0.9132,0.0748,0.9431
hepsi,1.10,101,89,0.8812,0.9091,0.9693,0.0694,0.9983
hepsi,1.11,150,134,0.8933,0.9009,0.9916,0.0548,1.0207
hepsi,1.12,160,148,0.925,0.8929,1.036,0.0457,1.0661
hepsi,1.13,193,166,0.8601,0.885,0.9719,0.0553,0.9998
hepsi,1.14,167,141,0.8443,0.8772,0.9625,0.0627,0.992
hepsi,1.15,235,204,0.8681,0.8696,0.9983,0.0498,1.0287
hepsi,1.16,214,182,0.8505,0.8621,0.9865,0.0554,1.0158
hepsi,1.17,248,210,0.8468,0.8547,0.9907,0.0524,1.0225
hepsi,1.18,286,228,0.7972,0.8475,0.9407,0.055,0.9698
hepsi,1.19,275,233,0.8473,0.8403,1.0083,0.0506,1.0401
hepsi,1.20,278,241,0.8669,0.8333,1.0403,0.0479,1.0729
hepsi,1.21,316,266,0.8418,0.8264,1.0185,0.0487,1.0532
hepsi,1.22,298,243,0.8154,0.8197,0.9948,0.0537,1.0272
hepsi,1.23,293,237,0.8089,0.813,0.9949,0.0554,1.0272
hepsi,1.24,286,236,0.8252,0.8065,1.0232,0.0546,1.0592
hepsi,1.25,312,250,0.8013,0.8,1.0016,0.0553,1.0386
hepsi,1.26,314,254,0.8089,0.7937,1.0192,0.0548,1.0556
hepsi,1.27,299,232,0.7759,0.7874,0.9854,0.06,1.0204
hepsi,1.28,323,239,0.7399,0.7812,0.9471,0.0612,0.9795
hepsi,1.29,341,253,0.7419,0.7752,0.9571,0.0599,0.9903
hepsi,1.30,387,308,0.7959,0.7692,1.0346,0.0522,1.0714
hepsi,1.31,313,244,0.7796,0.7634,1.0212,0.0602,1.0587
hepsi,1.32,383,300,0.7833,0.7576,1.0339,0.0545,1.0721
hepsi,1.33,380,277,0.7289,0.7519,0.9695,0.0594,1.0043
hepsi,1.34,422,306,0.7251,0.7463,0.9717,0.0571,1.0069
hepsi,1.35,439,333,0.7585,0.7407,1.024,0.054,1.0623
hepsi,1.36,415,296,0.7133,0.7353,0.97,0.0592,1.0049
hepsi,1.37,452,327,0.7235,0.7299,0.9911,0.0565,1.0266
hepsi,1.38,443,317,0.7156,0.7246,0.9875,0.058,1.0241
hepsi,1.39,469,334,0.7122,0.7194,0.9899,0.057,1.0265
hepsi,1.40,397,269,0.6776,0.7143,0.9486,0.0644,0.9846
hepsi,1.41,442,307,0.6946,0.7092,0.9793,0.0605,1.0173
hepsi,1.42,445,320,0.7191,0.7042,1.0211,0.0593,1.0602
hepsi,1.43,467,321,0.6874,0.6993,0.9829,0.0601,1.0208
hepsi,1.44,511,361,0.7065,0.6944,1.0173,0.0569,1.0567
hepsi,1.45,478,315,0.659,0.6897,0.9555,0.0616,0.9936
hepsi,1.46,489,329,0.6728,0.6849,0.9823,0.0607,1.0207
hepsi,1.47,501,338,0.6747,0.6803,0.9917,0.0603,1.0308
hepsi,1.48,483,322,0.6667,0.6757,0.9867,0.0622,1.0245
hepsi,1.49,529,324,0.6125,0.6711,0.9126,0.0619,0.949
hepsi,1.50,526,327,0.6217,0.6667,0.9325,0.0622,0.9676
hepsi,1.51,559,357,0.6386,0.6623,0.9643,0.0601,1.0021
hepsi,1.52,562,362,0.6441,0.6579,0.9791,0.0602,1.0152
hepsi,1.53,591,361,0.6108,0.6536,0.9346,0.0601,0.9707
hepsi,1.54,548,343,0.6259,0.6494,0.9639,0.0624,1.0014
hepsi,1.55,611,406,0.6645,0.6452,1.03,0.058,1.0697
hepsi,1.56,599,368,0.6144,0.641,0.9584,0.0608,1.0019
hepsi,1.57,603,372,0.6169,0.6369,0.9686,0.0609,1.0069
hepsi,1.58,622,384,0.6174,0.6329,0.9754,0.0603,1.0132
hepsi,1.59,628,378,0.6019,0.6289,0.957,0.0609,0.9982
hepsi,1.60,666,389,0.5841,0.625,0.9345,0.0599,0.9716
hepsi,1.61,635,392,0.6173,0.6211,0.9939,0.0609,1.0345
hepsi,1.62,665,400,0.6015,0.6173,0.9744,0.0603,1.0152
hepsi,1.63,663,405,0.6109,0.6135,0.9957,0.0605,1.0364
hepsi,1.64,677,386,0.5702,0.6098,0.9351,0.0612,0.9719
hepsi,1.65,692,399,0.5766,0.6061,0.9514,0.0607,0.9902
hepsi,1.66,693,395,0.57,0.6024,0.9462,0.0612,0.9832
hepsi,1.67,692,396,0.5723,0.5988,0.9557,0.0616,0.9927
hepsi,1.68,710,408,0.5746,0.5952,0.9654,0.0611,1.0056
hepsi,1.69,736,432,0.587,0.5917,0.992,0.0601,1.0319
hepsi,1.70,713,415,0.582,0.5882,0.9895,0.0615,1.0303
hepsi,1.71,783,420,0.5364,0.5848,0.9172,0.0597,0.9552
hepsi,1.72,783,438,0.5594,0.5814,0.9621,0.0598,1.0039
hepsi,1.73,779,430,0.552,0.578,0.9549,0.0604,0.996
hepsi,1.74,796,458,0.5754,0.5747,1.0012,0.0597,1.0426
hepsi,1.75,767,415,0.5411,0.5714,0.9469,0.0617,0.9861
hepsi,1.76,802,458,0.5711,0.5682,1.0051,0.0603,1.046
hepsi,1.77,803,428,0.533,0.565,0.9434,0.0611,0.9839
hepsi,1.78,762,392,0.5144,0.5618,0.9157,0.0632,0.9548
hepsi,1.79,803,406,0.5056,0.5587,0.905,0.0619,0.9428
hepsi,1.80,773,419,0.542,0.5556,0.9757,0.0632,1.0163
hepsi,1.81,825,424,0.5139,0.5525,0.9302,0.0617,0.971
hepsi,1.82,811,422,0.5203,0.5495,0.947,0.0626,0.987
hepsi,1.83,826,433,0.5242,0.5464,0.9593,0.0623,1.0017
hepsi,1.84,802,427,0.5324,0.5435,0.9797,0.0635,1.0228
hepsi,1.85,792,422,0.5328,0.5405,0.9857,0.0643,1.0303
hepsi,1.86,754,395,0.5239,0.5376,0.9744,0.0663,1.0184
hepsi,1.87,788,398,0.5051,0.5348,0.9445,0.0653,0.9863
hepsi,1.88,819,418,0.5104,0.5319,0.9595,0.0644,1.0019
hepsi,1.89,831,435,0.5235,0.5291,0.9894,0.0642,1.0337
hepsi,1.90,793,386,0.4868,0.5263,0.9248,0.0661,0.9665
hepsi,1.91,867,444,0.5121,0.5236,0.9781,0.0636,1.0219
hepsi,1.92,825,396,0.48,0.5208,0.9216,0.0655,0.961
hepsi,1.93,833,386,0.4634,0.5181,0.8943,0.0654,0.9331
hepsi,1.94,899,422,0.4694,0.5155,0.9107,0.0633,0.9512
hepsi,1.95,915,462,0.5049,0.5128,0.9846,0.0632,1.0286
hepsi,1.96,888,437,0.4921,0.5102,0.9645,0.0644,1.0095
hepsi,1.97,882,424,0.4807,0.5076,0.947,0.065,0.992
hepsi,1.98,850,406,0.4776,0.5051,0.9457,0.0665,0.9913
hepsi,1.99,906,417,0.4603,0.5025,0.9159,0.0646,0.958
hepsi,2.00,914,434,0.4748,0.5,0.9497,0.0647,0.9935
hepsi,2.01,1028,510,0.4961,0.4975,0.9972,0.0614,1.0445
hepsi,2.02,918,438,0.4771,0.495,0.9638,0.0653,1.0093
hepsi,2.03,959,447,0.4661,0.4926,0.9462,0.0641,0.99
hepsi,2.04,947,459,0.4847,0.4902,0.9888,0.0649,1.0352
hepsi,2.05,958,436,0.4551,0.4878,0.933,0.0646,0.9771
hepsi,2.06,972,467,0.4805,0.4854,0.9897,0.0647,1.0374
hepsi,2.07,929,422,0.4543,0.4831,0.9403,0.0663,0.9841
hepsi,2.08,965,426,0.4415,0.4808,0.9182,0.0652,0.9638
hepsi,2.09,933,449,0.4812,0.4785,1.0058,0.067,1.0534
hepsi,2.10,973,440,0.4522,0.4762,0.9496,0.0657,0.9966
hepsi,2.11,929,411,0.4424,0.4739,0.9335,0.0674,0.9776
hepsi,2.12,972,455,0.4681,0.4717,0.9924,0.0665,1.0399
hepsi,2.13,906,402,0.4437,0.4695,0.9451,0.0689,0.9936
hepsi,2.14,917,381,0.4155,0.4673,0.8891,0.0683,0.9332
hepsi,2.15,970,417,0.4299,0.4651,0.9243,0.067,0.9687
hepsi,2.16,933,423,0.4534,0.463,0.9793,0.069,1.0252
hepsi,2.17,973,390,0.4008,0.4608,0.8698,0.0668,0.9119
hepsi,2.18,967,417,0.4312,0.4587,0.9401,0.068,0.986
hepsi,2.19,942,400,0.4246,0.4566,0.9299,0.0691,0.9759
hepsi,2.20,933,413,0.4427,0.4545,0.9738,0.0701,1.0208
hepsi,2.21,962,407,0.4231,0.4525,0.935,0.069,0.9812
hepsi,2.22,950,424,0.4463,0.4505,0.9908,0.0702,1.041
hepsi,2.23,981,422,0.4302,0.4484,0.9593,0.0691,1.0074
hepsi,2.24,950,429,0.4516,0.4464,1.0115,0.0709,1.0619
hepsi,2.25,919,400,0.4353,0.4444,0.9793,0.0721,1.029
hepsi,2.26,915,376,0.4109,0.4425,0.9287,0.072,0.9758
hepsi,2.27,898,376,0.4187,0.4405,0.9505,0.0732,1.0015
hepsi,2.28,921,411,0.4463,0.4386,1.0175,0.0732,1.0702
hepsi,2.29,957,413,0.4316,0.4367,0.9883,0.0719,1.0404
hepsi,2.30,943,386,0.4093,0.4348,0.9415,0.0722,0.9918
hepsi,2.31,857,353,0.4119,0.4329,0.9515,0.0761,0.9993
hepsi,2.32,924,395,0.4275,0.431,0.9918,0.074,1.0424
hepsi,2.33,884,375,0.4242,0.4292,0.9884,0.0759,1.0386
hepsi,2.34,881,365,0.4143,0.4274,0.9695,0.0761,1.0188
hepsi,2.35,893,357,0.3998,0.4255,0.9395,0.0755,0.9888
hepsi,2.36,882,327,0.3707,0.4237,0.875,0.0752,0.9198
hepsi,2.37,882,339,0.3844,0.4219,0.9109,0.0761,0.959
hepsi,2.38,972,398,0.4095,0.4202,0.9745,0.0736,1.0261
hepsi,2.39,889,344,0.387,0.4184,0.9248,0.0765,0.9719
hepsi,2.40,914,336,0.3676,0.4167,0.8823,0.075,0.9287
hepsi,2.41,892,377,0.4226,0.4149,1.0186,0.0781,1.0723
hepsi,2.42,889,366,0.4117,0.4132,0.9963,0.0783,1.0507
hepsi,2.43,905,366,0.4044,0.4115,0.9827,0.0777,1.0346
hepsi,2.44,887,337,0.3799,0.4098,0.927,0.0779,0.978
hepsi,2.45,856,316,0.3692,0.4082,0.9044,0.0792,0.9554
hepsi,2.46,918,337,0.3671,0.4065,0.9031,0.0767,0.9534
hepsi,2.47,830,299,0.3602,0.4049,0.8898,0.0807,0.941
hepsi,2.48,829,292,0.3522,0.4032,0.8735,0.0806,0.921
hepsi,2.49,804,294,0.3657,0.4016,0.9105,0.0829,0.9615
hepsi,2.50,822,296,0.3601,0.4,0.9002,0.082,0.9506
hepsi,2.51,777,288,0.3707,0.3984,0.9303,0.0852,0.9813
hepsi,2.52,792,298,0.3763,0.3968,0.9482,0.085,1.0033
hepsi,2.53,799,290,0.363,0.3953,0.9183,0.0844,0.9713
hepsi,2.54,769,277,0.3602,0.3937,0.9149,0.0862,0.9674
hepsi,2.55,787,266,0.338,0.3922,0.8619,0.0843,0.9112
hepsi,2.56,758,280,0.3694,0.3906,0.9456,0.088,0.9985
hepsi,2.57,763,290,0.3801,0.3891,0.9768,0.0885,1.0332
hepsi,2.58,746,268,0.3592,0.3876,0.9269,0.0888,0.9806
hepsi,2.59,716,251,0.3506,0.3861,0.9079,0.0905,0.9618
hepsi,2.60,706,268,0.3796,0.3846,0.987,0.0931,1.0409
hepsi,2.61,735,267,0.3633,0.3831,0.9481,0.0908,1.0035
hepsi,2.62,726,269,0.3705,0.3817,0.9708,0.092,1.0273
hepsi,2.63,716,256,0.3575,0.3802,0.9403,0.0923,0.9936
hepsi,2.64,748,255,0.3409,0.3788,0.9,0.0897,0.952
hepsi,2.65,674,223,0.3309,0.3774,0.8768,0.0941,0.9303
hepsi,2.66,758,260,0.343,0.3759,0.9124,0.0899,0.9657
hepsi,2.67,686,237,0.3455,0.3745,0.9224,0.095,0.9766
hepsi,2.68,743,276,0.3715,0.3731,0.9955,0.0931,1.055
hepsi,2.69,711,240,0.3376,0.3717,0.908,0.0935,0.9636
hepsi,2.70,731,230,0.3146,0.3704,0.8495,0.0909,0.8982
hepsi,2.71,737,248,0.3365,0.369,0.9119,0.0924,0.9684
hepsi,2.72,722,241,0.3338,0.3676,0.9079,0.0936,0.9611
hepsi,2.73,731,275,0.3762,0.3663,1.027,0.0959,1.089
hepsi,2.74,734,273,0.3719,0.365,1.0191,0.0958,1.081
hepsi,2.75,731,240,0.3283,0.3636,0.9029,0.0936,0.9606
hepsi,2.76,713,239,0.3352,0.3623,0.9252,0.0956,0.9812
hepsi,2.77,723,233,0.3223,0.361,0.8927,0.0944,0.9473
hepsi,2.78,716,263,0.3673,0.3597,1.0211,0.0982,1.0856
hepsi,2.79,770,251,0.326,0.3584,0.9095,0.0924,0.9654
hepsi,2.80,778,282,0.3625,0.3571,1.0149,0.0946,1.0773
hepsi,2.81,754,239,0.317,0.3559,0.8907,0.0933,0.9473
hepsi,2.82,790,265,0.3354,0.3546,0.9459,0.0928,1.0073
hepsi,2.83,820,284,0.3463,0.3534,0.9801,0.0922,1.0403
hepsi,2.84,864,298,0.3449,0.3521,0.9795,0.09,1.0404
hepsi,2.85,860,276,0.3209,0.3509,0.9147,0.0889,0.9743
hepsi,2.86,886,288,0.3251,0.3497,0.9297,0.0882,0.9899
hepsi,2.87,901,280,0.3108,0.3484,0.8919,0.0867,0.9482
hepsi,2.88,871,293,0.3364,0.3472,0.9688,0.0904,1.0297
hepsi,2.89,883,276,0.3126,0.346,0.9033,0.0884,0.9607
hepsi,2.90,891,295,0.3311,0.3448,0.9602,0.0896,1.0197
hepsi,2.91,901,294,0.3263,0.3436,0.9495,0.0891,1.0102
hepsi,2.92,966,308,0.3188,0.3425,0.931,0.0858,0.9896
hepsi,2.93,980,319,0.3255,0.3413,0.9537,0.086,1.0132
hepsi,2.94,1032,335,0.3246,0.3401,0.9544,0.084,1.0142
hepsi,2.95,1060,340,0.3208,0.339,0.9462,0.0829,1.0087
hepsi,2.96,1081,339,0.3136,0.3378,0.9283,0.0819,0.9859
hepsi,2.97,1110,344,0.3099,0.3367,0.9204,0.0808,0.9787
hepsi,2.98,1129,375,0.3322,0.3356,0.9898,0.0819,1.0514
hepsi,2.99,1130,365,0.323,0.3344,0.9658,0.0815,1.0273
hepsi,3.00,1174,379,0.3228,0.3333,0.9685,0.0802,1.0271
hepsi,3.01,1188,402,0.3384,0.3322,1.0185,0.081,1.0836
hepsi,3.02,1190,397,0.3336,0.3311,1.0075,0.0809,1.0687
hepsi,3.03,1213,389,0.3207,0.33,0.9717,0.0796,1.0315
hepsi,3.04,1310,400,0.3053,0.3289,0.9282,0.0758,0.9864
hepsi,3.05,1212,386,0.3185,0.3279,0.9714,0.08,1.0312
hepsi,3.06,1294,394,0.3045,0.3268,0.9317,0.0767,0.9904
hepsi,3.07,1238,400,0.3231,0.3257,0.9919,0.08,1.0525
hepsi,3.08,1331,392,0.2945,0.3247,0.9071,0.0754,0.9632
hepsi,3.09,1398,450,0.3219,0.3236,0.9946,0.0757,1.0571
hepsi,3.10,1396,422,0.3023,0.3226,0.9371,0.0747,0.9938
hepsi,3.11,1378,413,0.2997,0.3215,0.9321,0.0752,0.9899
hepsi,3.12,1420,424,0.2986,0.3205,0.9316,0.0743,0.9879
hepsi,3.13,1458,456,0.3128,0.3195,0.9789,0.0745,1.038
hepsi,3.14,1554,464,0.2986,0.3185,0.9376,0.0714,0.9959
hepsi,3.15,1483,423,0.2852,0.3175,0.8985,0.0724,0.9533
hepsi,3.16,1508,466,0.309,0.3165,0.9765,0.0737,1.0372
hepsi,3.17,1591,453,0.2847,0.3155,0.9026,0.0703,0.9578
hepsi,3.18,1774,536,0.3021,0.3145,0.9608,0.0679,1.0213
hepsi,3.19,1779,551,0.3097,0.3135,0.988,0.0685,1.0483
hepsi,3.20,1756,498,0.2836,0.3125,0.9075,0.0675,0.9622
hepsi,3.21,1971,550,0.279,0.3115,0.8957,0.0636,0.9515
hepsi,3.22,2075,604,0.2911,0.3106,0.9373,0.0629,0.9943
hepsi,3.23,2046,626,0.306,0.3096,0.9883,0.0645,1.0489
hepsi,3.24,2203,631,0.2864,0.3086,0.928,0.0612,0.9863
hepsi,3.25,2140,621,0.2902,0.3077,0.9431,0.0625,1.0026
hepsi,3.26,2079,603,0.29,0.3067,0.9455,0.0636,1.0044
hepsi,3.27,2139,625,0.2922,0.3058,0.9555,0.063,1.0157
hepsi,3.28,2136,587,0.2748,0.3049,0.9014,0.0621,0.9567
hepsi,3.29,2096,566,0.27,0.304,0.8884,0.0625,0.9446
hepsi,3.30,2100,555,0.2643,0.303,0.8721,0.0622,0.9281
hepsi,3.31,2061,580,0.2814,0.3021,0.9315,0.0643,0.9927
hepsi,3.32,2033,583,0.2868,0.3012,0.9521,0.0653,1.0133
hepsi,3.33,2064,554,0.2684,0.3003,0.8938,0.0637,0.9511
hepsi,3.34,1952,544,0.2787,0.2994,0.9308,0.0664,0.9892
hepsi,3.35,1962,551,0.2808,0.2985,0.9408,0.0666,0.9998
hepsi,3.36,1880,496,0.2638,0.2976,0.8865,0.0669,0.943
hepsi,3.37,1871,530,0.2833,0.2967,0.9546,0.0688,1.0186
hepsi,3.38,1865,514,0.2756,0.2959,0.9315,0.0685,0.9932
hepsi,3.39,1790,458,0.2559,0.295,0.8674,0.0685,0.9237
hepsi,3.40,1789,476,0.2661,0.2941,0.9046,0.0696,0.9653
hepsi,3.41,1701,453,0.2663,0.2933,0.9081,0.0716,0.9683
hepsi,3.42,1689,441,0.2611,0.2924,0.893,0.0716,0.9537
hepsi,3.43,1672,505,0.302,0.2915,1.036,0.0755,1.1044
hepsi,3.44,1613,440,0.2728,0.2907,0.9384,0.0748,1.0019
hepsi,3.45,1574,392,0.249,0.2899,0.8592,0.0737,0.9177
hepsi,3.46,1510,395,0.2616,0.289,0.9051,0.0767,0.9656
hepsi,3.47,1482,371,0.2503,0.2882,0.8687,0.0765,0.9281
hepsi,3.48,1472,391,0.2656,0.2874,0.9244,0.0785,0.9878
hepsi,3.49,1416,391,0.2761,0.2865,0.9637,0.0813,1.0287
hepsi,3.50,1327,365,0.2751,0.2857,0.9627,0.0841,1.0276
hepsi,3.51,1369,365,0.2666,0.2849,0.9358,0.0822,1.0016
hepsi,3.52,1315,345,0.2624,0.2841,0.9235,0.0837,0.9853
hepsi,3.53,1269,356,0.2805,0.2833,0.9903,0.0873,1.0602
hepsi,3.54,1246,300,0.2408,0.2825,0.8523,0.084,0.912
hepsi,3.55,1196,278,0.2324,0.2817,0.8252,0.085,0.8832
hepsi,3.56,1198,328,0.2738,0.2809,0.9747,0.0899,1.0441
hepsi,3.57,1134,264,0.2328,0.2801,0.8311,0.0878,0.8885
hepsi,3.58,1131,269,0.2378,0.2793,0.8515,0.0888,0.9115
hepsi,3.59,1071,281,0.2624,0.2786,0.9419,0.0946,1.0091
hepsi,3.60,1066,262,0.2458,0.2778,0.8848,0.093,0.9467
hepsi,3.61,1010,253,0.2505,0.277,0.9043,0.0965,0.9696
hepsi,3.62,1019,246,0.2414,0.2762,0.8739,0.0951,0.936
hepsi,3.63,984,252,0.2561,0.2755,0.9296,0.099,0.9963
hepsi,3.64,997,248,0.2487,0.2747,0.9054,0.0977,0.9692
hepsi,3.65,957,274,0.2863,0.274,1.045,0.1045,1.1203
hepsi,3.66,942,261,0.2771,0.2732,1.0141,0.1046,1.0887
hepsi,3.67,915,226,0.247,0.2725,0.9065,0.1026,0.9724
hepsi,3.68,934,220,0.2355,0.2717,0.8668,0.1001,0.9325
hepsi,3.69,886,208,0.2348,0.271,0.8663,0.103,0.9317
hepsi,3.70,908,203,0.2236,0.2703,0.8272,0.1003,0.8887
hepsi,3.71,832,201,0.2416,0.2695,0.8963,0.1079,0.961
hepsi,3.72,829,189,0.228,0.2688,0.8481,0.1062,0.913
hepsi,3.73,855,217,0.2538,0.2681,0.9467,0.1088,1.0203
hepsi,3.74,859,213,0.248,0.2674,0.9274,0.108,0.9972
hepsi,3.75,830,208,0.2506,0.2667,0.9398,0.1106,1.0139
hepsi,3.76,777,182,0.2342,0.266,0.8807,0.112,0.9482
hepsi,3.77,755,182,0.2411,0.2653,0.9088,0.115,0.9795
hepsi,3.78,751,180,0.2397,0.2646,0.906,0.1154,0.9738
hepsi,3.79,658,145,0.2204,0.2639,0.8352,0.12,0.9023
hepsi,3.80,731,169,0.2312,0.2632,0.8785,0.1161,0.9462
hepsi,3.81,671,144,0.2146,0.2625,0.8176,0.1184,0.8846
hepsi,3.82,649,134,0.2065,0.2618,0.7887,0.119,0.8495
hepsi,3.83,698,166,0.2378,0.2611,0.9109,0.121,0.9872
hepsi,3.84,653,163,0.2496,0.2604,0.9585,0.1275,1.0377
hepsi,3.85,618,167,0.2702,0.2597,1.0404,0.1348,1.1188
hepsi,3.86,608,142,0.2336,0.2591,0.9015,0.1298,0.9738
hepsi,3.87,647,166,0.2566,0.2584,0.9929,0.1302,1.0669
hepsi,3.88,641,146,0.2278,0.2577,0.8837,0.126,0.956
hepsi,3.89,612,146,0.2386,0.2571,0.928,0.1314,1.003
hepsi,3.90,633,143,0.2259,0.2564,0.881,0.1271,0.9509
hepsi,3.91,561,124,0.221,0.2558,0.8642,0.1343,0.9366
hepsi,3.92,565,124,0.2195,0.2551,0.8603,0.1338,0.9313
hepsi,3.93,587,138,0.2351,0.2545,0.9239,0.1348,1.0007
hepsi,3.94,530,127,0.2396,0.2538,0.9441,0.1432,1.0249
hepsi,3.95,532,120,0.2256,0.2532,0.891,0.1403,0.9666
hepsi,3.96,535,120,0.2243,0.2525,0.8882,0.14,0.9647
hepsi,3.97,520,131,0.2519,0.2519,1.0001,0.1481,1.0784
hepsi,3.98,496,133,0.2681,0.2513,1.0672,0.1552,1.1554
hepsi,3.99,521,110,0.2111,0.2506,0.8424,0.1398,0.9115
hepsi,4.00,496,120,0.2419,0.25,0.9677,0.1507,1.0533
hepsi,4.01,493,125,0.2535,0.2494,1.0167,0.154,1.1052
hepsi,4.02,454,84,0.185,0.2488,0.7438,0.1436,0.8087
hepsi,4.03,489,110,0.2249,0.2481,0.9065,0.1491,0.9852
hepsi,4.04,477,111,0.2327,0.2475,0.9401,0.1532,1.0208
hepsi,4.05,435,91,0.2092,0.2469,0.8472,0.1548,0.9252
hepsi,4.06,458,95,0.2074,0.2463,0.8421,0.1508,0.9151
hepsi,4.07,431,96,0.2227,0.2457,0.9065,0.1599,0.99
hepsi,4.08,435,79,0.1816,0.2451,0.741,0.1478,0.805
hepsi,4.09,402,72,0.1791,0.2445,0.7325,0.1533,0.7987
hepsi,4.10,420,85,0.2024,0.2439,0.8298,0.1575,0.9
hepsi,4.11,386,83,0.215,0.2433,0.8838,0.1684,0.9564
hepsi,4.12,405,87,0.2148,0.2427,0.885,0.1648,0.9634
hepsi,4.13,397,94,0.2368,0.2421,0.9779,0.1727,1.0642
hepsi,4.14,395,101,0.2557,0.2415,1.0586,0.1781,1.1498
hepsi,4.15,409,91,0.2225,0.241,0.9233,0.1673,0.9992
hepsi,4.16,401,98,0.2444,0.2404,1.0167,0.175,1.1063
hepsi,4.17,397,87,0.2191,0.2398,0.9138,0.1697,0.9914
hepsi,4.18,417,96,0.2302,0.2392,0.9623,0.1689,1.0407
hepsi,4.19,370,76,0.2054,0.2387,0.8606,0.1725,0.9315
hepsi,4.20,389,87,0.2237,0.2381,0.9393,0.1739,1.0189
hepsi,4.21,396,80,0.202,0.2375,0.8505,0.1665,0.9286
hepsi,4.22,398,75,0.1884,0.237,0.7952,0.1621,0.8646
hepsi,4.23,348,68,0.1954,0.2364,0.8266,0.1762,0.8986
hepsi,4.24,366,78,0.2131,0.2358,0.9036,0.1779,0.9857
hepsi,4.25,340,66,0.1941,0.2353,0.825,0.1787,0.9008
hepsi,4.26,334,53,0.1587,0.2347,0.676,0.1669,0.7417
hepsi,4.27,341,90,0.2639,0.2342,1.127,0.1998,1.227
hepsi,4.28,343,67,0.1953,0.2336,0.836,0.1796,0.9112
hepsi,4.29,408,74,0.1814,0.2331,0.7781,0.1604,0.8498
hepsi,4.30,340,63,0.1853,0.2326,0.7968,0.1776,0.8676
hepsi,4.31,338,76,0.2249,0.232,0.9691,0.1918,1.0566
hepsi,4.32,346,63,0.1821,0.2315,0.7866,0.1757,0.861
hepsi,4.33,316,52,0.1646,0.2309,0.7125,0.177,0.78
hepsi,4.34,322,69,0.2143,0.2304,0.93,0.1945,1.0103
hepsi,4.35,327,60,0.1835,0.2299,0.7982,0.1825,0.8684
hepsi,4.36,318,59,0.1855,0.2294,0.8089,0.1863,0.8825
hepsi,4.37,323,68,0.2105,0.2288,0.92,0.1943,0.9995
hepsi,4.38,309,65,0.2104,0.2283,0.9214,0.1991,0.9984
hepsi,4.39,300,63,0.21,0.2278,0.9219,0.2023,1.0064
hepsi,4.40,303,57,0.1881,0.2273,0.8277,0.1936,0.9117
hepsi,4.41,351,72,0.2051,0.2268,0.9046,0.1863,0.9857
hepsi,4.42,313,65,0.2077,0.2262,0.9179,0.1986,0.9991
hepsi,4.43,311,51,0.164,0.2257,0.7265,0.1823,0.7927
hepsi,4.44,331,67,0.2024,0.2252,0.8987,0.1922,0.9867
hepsi,4.45,336,68,0.2024,0.2247,0.9006,0.1912,0.9853
hepsi,4.46,300,54,0.18,0.2242,0.8028,0.1939,0.872
hepsi,4.47,287,46,0.1603,0.2237,0.7164,0.1897,0.7833
hepsi,4.48,272,45,0.1654,0.2232,0.7412,0.1978,0.812
hepsi,4.49,313,64,0.2045,0.2227,0.9181,0.2006,1.0041
hepsi,4.50,269,51,0.1896,0.2222,0.8532,0.2108,0.9328
hepsi,4.51,281,49,0.1744,0.2217,0.7864,0.2001,0.8587
hepsi,4.52,257,46,0.179,0.2212,0.809,0.2118,0.8886
hepsi,4.53,264,43,0.1629,0.2208,0.7378,0.2018,0.8044
hepsi,4.54,278,56,0.2014,0.2203,0.9145,0.214,0.9986
hepsi,4.55,266,53,0.1992,0.2198,0.9066,0.2184,0.9964
hepsi,4.56,246,48,0.1951,0.2193,0.8898,0.2258,0.9809
hepsi,4.57,222,42,0.1892,0.2188,0.8646,0.2355,0.956
hepsi,4.58,258,61,0.2364,0.2183,1.0829,0.2374,1.1825
hepsi,4.59,267,52,0.1948,0.2179,0.8939,0.2181,0.9756
hepsi,4.60,257,59,0.2296,0.2174,1.056,0.2365,1.1582
hepsi,4.61,254,50,0.1969,0.2169,0.9075,0.2254,1.0037
hepsi,4.62,260,46,0.1769,0.2165,0.8174,0.2143,0.8909
hepsi,4.63,257,38,0.1479,0.216,0.6846,0.201,0.7585
hepsi,4.64,246,52,0.2114,0.2155,0.9808,0.2367,1.0818
hepsi,4.65,242,46,0.1901,0.2151,0.8839,0.2299,0.9641
hepsi,4.66,233,41,0.176,0.2146,0.82,0.2279,0.9082
hepsi,4.67,231,38,0.1645,0.2141,0.7682,0.2233,0.8503
hepsi,4.68,236,36,0.1525,0.2137,0.7139,0.2147,0.7852
hepsi,4.69,215,43,0.2,0.2132,0.938,0.2508,1.0338
hepsi,4.70,207,45,0.2174,0.2128,1.0217,0.2641,1.1242
hepsi,4.71,211,38,0.1801,0.2123,0.8482,0.2442,0.9209
hepsi,4.72,223,43,0.1928,0.2119,0.9101,0.2444,0.9996
hepsi,4.73,220,35,0.1591,0.2114,0.7525,0.2286,0.8274
hepsi,4.74,231,39,0.1688,0.211,0.8003,0.229,0.8735
hepsi,4.75,218,54,0.2477,0.2105,1.1766,0.2722,1.2886
hepsi,4.76,211,34,0.1611,0.2101,0.767,0.2361,0.843
hepsi,4.77,221,41,0.1855,0.2096,0.8849,0.2445,0.966
hepsi,4.78,232,46,0.1983,0.2092,0.9478,0.2452,1.0491
hepsi,4.79,218,42,0.1927,0.2088,0.9228,0.2508,1.0096
hepsi,4.80,237,48,0.2025,0.2083,0.9722,0.2456,1.0724
hepsi,4.81,226,41,0.1814,0.2079,0.8726,0.2417,0.9582
hepsi,4.82,221,48,0.2172,0.2075,1.0469,0.262,1.1567
hepsi,4.83,219,48,0.2192,0.207,1.0586,0.2646,1.1561
hepsi,4.84,192,36,0.1875,0.2066,0.9075,0.2672,0.9944
hepsi,4.85,193,37,0.1917,0.2062,0.9298,0.2693,1.0304
hepsi,4.86,204,42,0.2059,0.2058,1.0006,0.2697,1.0988
hepsi,4.87,195,33,0.1692,0.2053,0.8242,0.2563,0.9053
hepsi,4.88,185,38,0.2054,0.2049,1.0024,0.2841,1.1137
hepsi,4.89,191,37,0.1937,0.2045,0.9473,0.2741,1.0397
hepsi,4.90,229,44,0.1921,0.2041,0.9415,0.25,1.0417
hepsi,4.91,196,41,0.2092,0.2037,1.0271,0.2796,1.141
hepsi,4.92,196,33,0.1684,0.2033,0.8284,0.2578,0.9148
hepsi,4.93,208,27,0.1298,0.2028,0.64,0.2252,0.7074
hepsi,4.94,177,30,0.1695,0.2024,0.8373,0.2731,0.9258
hepsi,4.95,202,44,0.2178,0.202,1.0782,0.2818,1.1902
hepsi,4.96,191,24,0.1257,0.2016,0.6232,0.2332,0.6963
hepsi,4.97,172,33,0.1919,0.2012,0.9535,0.2925,1.0492
hepsi,4.98,188,35,0.1862,0.2008,0.9271,0.2771,1.0251
hepsi,4.99,179,27,0.1508,0.2004,0.7527,0.2616,0.8213
hepsi,5.00,190,31,0.1632,0.2,0.8158,0.2627,0.9053
hepsi,5.01,197,35,0.1777,0.1996,0.8901,0.2674,0.9794
hepsi,5.02,169,31,0.1834,0.1992,0.9208,0.2929,1.019
hepsi,5.03,208,40,0.1923,0.1988,0.9673,0.2694,1.0731
hepsi,5.04,180,27,0.15,0.1984,0.756,0.2629,0.8398
hepsi,5.05,162,33,0.2037,0.198,1.0287,0.3132,1.1422
hepsi,5.06,174,25,0.1437,0.1976,0.727,0.2637,0.8005
hepsi,5.07,181,30,0.1657,0.1972,0.8403,0.2746,0.9355
hepsi,5.08,190,36,0.1895,0.1969,0.9625,0.2831,1.0638
hepsi,5.09,186,30,0.1613,0.1965,0.821,0.2691,0.918
hepsi,5.10,165,25,0.1515,0.1961,0.7727,0.279,0.8558
hepsi,5.11,164,31,0.189,0.1957,0.9659,0.3062,1.064
hepsi,5.12,169,24,0.142,0.1953,0.7271,0.2694,0.8024
hepsi,5.13,171,29,0.1696,0.1949,0.87,0.2886,0.9589
hepsi,5.14,161,23,0.1429,0.1946,0.7343,0.2779,0.8006
hepsi,5.15,152,24,0.1579,0.1942,0.8132,0.2985,0.9084
hepsi,5.16,170,28,0.1647,0.1938,0.8499,0.2877,0.9547
hepsi,5.17,140,18,0.1286,0.1934,0.6647,0.2867,0.7376
hepsi,5.18,147,22,0.1497,0.1931,0.7752,0.2988,0.8601
hepsi,5.19,143,28,0.1958,0.1927,1.0162,0.3376,1.1241
hepsi,5.20,161,35,0.2174,0.1923,1.1304,0.3313,1.2596
hepsi,5.21,153,27,0.1765,0.1919,0.9194,0.3147,1.0277
hepsi,5.22,120,19,0.1583,0.1916,0.8265,0.3409,0.9093
hepsi,5.23,149,20,0.1342,0.1912,0.702,0.2863,0.7825
hepsi,5.24,142,25,0.1761,0.1908,0.9225,0.3283,1.0256
hepsi,5.25,133,22,0.1654,0.1905,0.8684,0.3315,0.9675
hepsi,5.26,144,20,0.1389,0.1901,0.7306,0.2971,0.8088
hepsi,5.27,166,23,0.1386,0.1898,0.7302,0.277,0.8089
hepsi,5.28,127,15,0.1181,0.1894,0.6236,0.2964,0.6919
hepsi,5.29,139,28,0.2014,0.189,1.0656,0.3527,1.1673
hepsi,5.30,133,18,0.1353,0.1887,0.7173,0.3081,0.8007
hepsi,5.31,130,28,0.2154,0.1883,1.1437,0.3753,1.2673
hepsi,5.32,133,26,0.1955,0.188,1.04,0.3586,1.1645
hepsi,5.33,147,20,0.1361,0.1876,0.7252,0.2955,0.8105
hepsi,5.34,141,20,0.1418,0.1873,0.7574,0.3075,0.8409
hepsi,5.35,135,23,0.1704,0.1869,0.9115,0.3393,1.0081
hepsi,5.36,130,19,0.1462,0.1866,0.7834,0.3255,0.8645
hepsi,5.37,151,20,0.1325,0.1862,0.7113,0.2904,0.7952
hepsi,5.38,116,17,0.1466,0.1859,0.7884,0.3463,0.8822
hepsi,5.39,143,28,0.1958,0.1855,1.0554,0.3506,1.1854
hepsi,5.40,128,21,0.1641,0.1852,0.8859,0.3465,0.9795
hepsi,5.41,124,21,0.1694,0.1848,0.9162,0.3572,1.016
hepsi,5.42,136,20,0.1471,0.1845,0.7971,0.3227,0.8817
hepsi,5.43,134,16,0.1194,0.1842,0.6484,0.2981,0.7202
hepsi,5.44,112,15,0.1339,0.1838,0.7286,0.3431,0.8018
hepsi,5.45,129,23,0.1783,0.1835,0.9717,0.36,1.0729
hepsi,5.46,121,20,0.1653,0.1832,0.9025,0.3614,1.0019
hepsi,5.47,132,25,0.1894,0.1828,1.036,0.3656,1.1615
hepsi,5.48,123,28,0.2276,0.1825,1.2475,0.4061,1.3891
hepsi,5.49,120,19,0.1583,0.1821,0.8692,0.3586,0.98
hepsi,5.50,129,27,0.2093,0.1818,1.1512,0.3861,1.2836
hepsi,5.51,107,15,0.1402,0.1815,0.7724,0.3625,0.8498
hepsi,5.52,96,12,0.125,0.1812,0.69,0.3652,0.7841
hepsi,5.53,97,14,0.1443,0.1808,0.7981,0.3867,0.9057
hepsi,5.54,117,16,0.1368,0.1805,0.7576,0.345,0.8478
hepsi,5.55,120,24,0.2,0.1802,1.11,0.3972,1.2244
hepsi,5.56,103,12,0.1165,0.1799,0.6478,0.3445,0.7227
hepsi,5.57,118,19,0.161,0.1795,0.8969,0.3694,0.9751
hepsi,5.58,111,23,0.2072,0.1792,1.1562,0.4207,1.2842
hepsi,5.59,130,20,0.1538,0.1789,0.86,0.3467,0.951
hepsi,5.60,91,16,0.1758,0.1786,0.9846,0.438,1.0943
hepsi,5.61,113,17,0.1504,0.1783,0.844,0.3698,0.936
hepsi,5.62,112,22,0.1964,0.1779,1.1039,0.4135,1.2386
hepsi,5.63,120,14,0.1167,0.1776,0.6568,0.3234,0.7496
hepsi,5.64,139,23,0.1655,0.1773,0.9332,0.3484,1.0394
hepsi,5.65,99,11,0.1111,0.177,0.6278,0.3498,0.696
hepsi,5.66,99,14,0.1414,0.1767,0.8004,0.3885,0.8819
hepsi,5.67,112,16,0.1429,0.1764,0.81,0.3675,0.8968
hepsi,5.68,110,22,0.2,0.1761,1.136,0.4246,1.2637
hepsi,5.69,103,16,0.1553,0.1757,0.8839,0.398,0.9791
hepsi,5.70,113,23,0.2035,0.1754,1.1602,0.4231,1.2956
hepsi,5.71,99,19,0.1919,0.1751,1.0959,0.4429,1.2122
hepsi,5.72,102,16,0.1569,0.1748,0.8973,0.4037,1.0059
hepsi,5.73,126,13,0.1032,0.1745,0.5912,0.3044,0.6504
hepsi,5.74,117,17,0.1453,0.1742,0.834,0.3665,0.9309
hepsi,5.75,123,20,0.1626,0.1739,0.935,0.375,1.038
hepsi,5.76,90,13,0.1444,0.1736,0.832,0.4183,0.939
hepsi,5.77,90,13,0.1444,0.1733,0.8334,0.419,0.9396
hepsi,5.78,89,7,0.0787,0.173,0.4546,0.3234,0.5101
hepsi,5.79,109,18,0.1651,0.1727,0.9561,0.4036,1.0713
hepsi,5.80,102,19,0.1863,0.1724,1.0804,0.4383,1.2244
hepsi,5.81,106,14,0.1321,0.1721,0.7674,0.3745,0.8527
hepsi,5.82,120,17,0.1417,0.1718,0.8245,0.3632,0.903
hepsi,5.83,88,19,0.2159,0.1715,1.2587,0.5012,1.4086
hepsi,5.84,109,15,0.1376,0.1712,0.8037,0.3777,0.9066
hepsi,5.85,114,9,0.0789,0.1709,0.4618,0.2895,0.5112
hepsi,5.86,112,17,0.1518,0.1706,0.8895,0.3894,1.0045
hepsi,5.87,102,18,0.1765,0.1704,1.0359,0.4343,1.1713
hepsi,5.88,112,18,0.1607,0.1701,0.945,0.3999,1.0787
hepsi,5.89,102,19,0.1863,0.1698,1.0972,0.4451,1.2213
hepsi,5.90,97,17,0.1753,0.1695,1.034,0.4464,1.162
hepsi,5.91,90,16,0.1778,0.1692,1.0507,0.4668,1.2003
hepsi,5.92,97,17,0.1753,0.1689,1.0375,0.448,1.1604
hepsi,5.93,102,14,0.1373,0.1686,0.8139,0.3961,0.9068
hepsi,5.94,100,18,0.18,0.1684,1.0692,0.4473,1.2104
hepsi,5.95,86,16,0.186,0.1681,1.107,0.4893,1.2547
hepsi,5.96,81,10,0.1235,0.1678,0.7358,0.427,0.8109
hepsi,5.97,95,12,0.1263,0.1675,0.7541,0.3988,0.8384
hepsi,5.98,89,9,0.1011,0.1672,0.6047,0.3745,0.6601
hepsi,5.99,88,11,0.125,0.1669,0.7488,0.4139,0.8343
hepsi,6.00,84,12,0.1429,0.1667,0.8571,0.4491,0.9688
hepsi,6.01,76,12,0.1579,0.1664,0.9489,0.4927,1.0799
hepsi,6.02,84,12,0.1429,0.1661,0.86,0.4506,0.9817
hepsi,6.03,69,12,0.1739,0.1658,1.0487,0.5393,1.1741
hepsi,6.04,75,7,0.0933,0.1656,0.5637,0.3976,0.628
hepsi,6.05,87,9,0.1034,0.1653,0.6259,0.3871,0.6847
hepsi,6.06,84,15,0.1786,0.165,1.0821,0.4964,1.2302
hepsi,6.07,72,10,0.1389,0.1647,0.8431,0.4849,0.9529
hepsi,6.08,98,14,0.1429,0.1645,0.8686,0.4213,0.9734
hepsi,6.09,82,6,0.0732,0.1642,0.4456,0.3433,0.5017
hepsi,6.10,73,7,0.0959,0.1639,0.5849,0.412,0.6551
hepsi,6.11,87,15,0.1724,0.1637,1.0534,0.485,1.1848
hepsi,6.12,89,12,0.1348,0.1634,0.8252,0.4342,0.9403
hepsi,6.13,77,9,0.1169,0.1631,0.7165,0.4399,0.7995
hepsi,6.14,75,10,0.1333,0.1629,0.8187,0.4723,0.9041
hepsi,6.15,76,16,0.2105,0.1626,1.2947,0.5637,1.4649
hepsi,6.16,97,5,0.0515,0.1623,0.3175,0.2709,0.3533
hepsi,6.17,72,14,0.1944,0.1621,1.1997,0.564,1.366
hepsi,6.18,90,13,0.1444,0.1618,0.8927,0.4488,0.9847
hepsi,6.19,73,10,0.137,0.1616,0.8479,0.4883,0.9571
hepsi,6.20,84,12,0.1429,0.1613,0.8857,0.464,0.9898
hepsi,6.21,84,19,0.2262,0.161,1.4046,0.5556,1.6045
hepsi,6.22,80,6,0.075,0.1608,0.4665,0.359,0.5265
hepsi,6.23,78,7,0.0897,0.1605,0.5591,0.3951,0.6337
hepsi,6.24,72,13,0.1806,0.1603,1.1267,0.5545,1.2564
hepsi,6.25,77,9,0.1169,0.16,0.7305,0.4485,0.819
hepsi,6.26,95,15,0.1579,0.1597,0.9884,0.459,1.1075
hepsi,6.27,67,6,0.0896,0.1595,0.5615,0.4288,0.6216
hepsi,6.28,72,9,0.125,0.1592,0.785,0.4797,0.9071
hepsi,6.29,68,9,0.1324,0.159,0.8325,0.5067,0.9291
hepsi,6.30,72,9,0.125,0.1587,0.7875,0.4813,0.8954
hepsi,6.31,73,9,0.1233,0.1585,0.7779,0.4759,0.873
hepsi,6.32,60,6,0.1,0.1582,0.632,0.4798,0.716
hepsi,6.33,62,11,0.1774,0.158,1.1231,0.6019,1.2692
hepsi,6.34,70,7,0.1,0.1577,0.634,0.4456,0.7016
hepsi,6.35,58,8,0.1379,0.1575,0.8759,0.5635,0.9897
hepsi,6.36,81,6,0.0741,0.1572,0.4711,0.3628,0.5289
hepsi,6.37,63,9,0.1429,0.157,0.91,0.5505,0.9987
hepsi,6.38,65,12,0.1846,0.1567,1.1778,0.6018,1.3642
hepsi,6.39,73,8,0.1096,0.1565,0.7003,0.4579,0.7847
hepsi,6.40,64,12,0.1875,0.1562,1.2,0.612,1.3406
hepsi,6.41,69,9,0.1304,0.156,0.8361,0.5093,0.963
hepsi,6.42,62,6,0.0968,0.1558,0.6213,0.4725,0.6903
hepsi,6.43,57,6,0.1053,0.1555,0.6768,0.5124,0.7781
hepsi,6.44,76,12,0.1579,0.1553,1.0168,0.528,1.1541
hepsi,6.45,50,7,0.14,0.155,0.903,0.6204,1.0296
hepsi,6.46,50,10,0.2,0.1548,1.292,0.7162,1.4472
hepsi,6.47,64,4,0.0625,0.1546,0.4044,0.3837,0.4739
hepsi,6.48,72,9,0.125,0.1543,0.81,0.495,0.904
hepsi,6.49,69,14,0.2029,0.1541,1.3168,0.6158,1.4819
hepsi,6.50,69,16,0.2319,0.1538,1.5072,0.6473,1.6628
hepsi,6.51,69,9,0.1304,0.1536,0.8491,0.5173,0.9452
hepsi,6.52,67,6,0.0896,0.1534,0.5839,0.4459,0.6554
hepsi,6.53,62,8,0.129,0.1531,0.8426,0.5449,0.9405
hepsi,6.54,50,7,0.14,0.1529,0.9156,0.629,1.0368
hepsi,6.55,53,5,0.0943,0.1527,0.6179,0.5154,0.7028
hepsi,6.56,46,6,0.1304,0.1524,0.8557,0.6384,0.9378
hepsi,6.57,62,8,0.129,0.1522,0.8477,0.5482,0.9448
hepsi,6.58,67,17,0.2537,0.152,1.6696,0.6856,1.8852
hepsi,6.59,63,11,0.1746,0.1517,1.1506,0.6178,1.2848
hepsi,6.60,75,10,0.1333,0.1515,0.88,0.5077,0.9947
hepsi,6.61,68,6,0.0882,0.1513,0.5832,0.4455,0.6432
hepsi,6.62,63,6,0.0952,0.1511,0.6305,0.4798,0.7105
hepsi,6.63,62,7,0.1129,0.1508,0.7485,0.5223,0.8639
hepsi,6.64,55,11,0.2,0.1506,1.328,0.7019,1.5055
hepsi,6.65,71,9,0.1268,0.1504,0.843,0.5147,0.9697
hepsi,6.66,47,8,0.1702,0.1502,1.1336,0.7156,1.2791
hepsi,6.67,73,9,0.1233,0.1499,0.8223,0.5031,0.9547
hepsi,6.68,62,6,0.0968,0.1497,0.6465,0.4917,0.7268
hepsi,6.69,68,12,0.1765,0.1495,1.1806,0.6062,1.3126
hepsi,6.70,61,12,0.1967,0.1493,1.318,0.6684,1.4666
hepsi,6.71,59,6,0.1017,0.149,0.6824,0.5175,0.7859
hepsi,6.72,64,7,0.1094,0.1488,0.735,0.5139,0.8419
hepsi,6.73,79,13,0.1646,0.1486,1.1075,0.5503,1.2663
hepsi,6.74,69,8,0.1159,0.1484,0.7814,0.5091,0.8829
hepsi,6.75,50,9,0.18,0.1481,1.215,0.7188,1.3684
hepsi,6.76,67,7,0.1045,0.1479,0.7063,0.4952,0.8007
hepsi,6.77,66,10,0.1515,0.1477,1.0258,0.5856,1.1494
hepsi,6.78,62,5,0.0806,0.1475,0.5468,0.4594,0.6271
hepsi,6.79,59,7,0.1186,0.1473,0.8056,0.5602,0.9176
hepsi,6.80,61,10,0.1639,0.1471,1.1148,0.6317,1.2603
hepsi,6.81,54,7,0.1296,0.1468,0.8828,0.6101,1.0063
hepsi,6.82,61,7,0.1148,0.1466,0.7826,0.5456,0.8789
hepsi,6.83,58,7,0.1207,0.1464,0.8243,0.5726,0.9598
hepsi,6.84,67,14,0.209,0.1462,1.4293,0.6659,1.6185
hepsi,6.85,60,7,0.1167,0.146,0.7992,0.5565,0.9072
hepsi,6.86,58,3,0.0517,0.1458,0.3548,0.3909,0.3897
hepsi,6.87,53,5,0.0943,0.1456,0.6481,0.5405,0.7128
hepsi,6.88,46,0,0.0,0.1453,0.0,0.0,0.0
hepsi,6.89,53,7,0.1321,0.1451,0.91,0.6281,1.0621
hepsi,6.90,47,4,0.0851,0.1449,0.5872,0.5504,0.6606
hepsi,6.91,48,6,0.125,0.1447,0.8637,0.6465,0.9919
hepsi,6.92,47,4,0.0851,0.1445,0.5889,0.552,0.6891
hepsi,6.93,47,4,0.0851,0.1443,0.5898,0.5528,0.6532
hepsi,6.94,52,8,0.1538,0.1441,1.0677,0.6805,1.1923
hepsi,6.95,48,5,0.1042,0.1439,0.724,0.6007,0.8183
hepsi,6.96,57,9,0.1579,0.1437,1.0989,0.6589,1.2705
hepsi,6.97,44,9,0.2045,0.1435,1.4257,0.8307,1.6545
hepsi,6.98,47,7,0.1489,0.1433,1.0396,0.7104,1.1879
hepsi,6.99,57,4,0.0702,0.1431,0.4905,0.4636,0.5532
hepsi,7.00,52,8,0.1538,0.1429,1.0769,0.6864,1.2419
hepsi,7.01,53,5,0.0943,0.1427,0.6613,0.5515,0.7308
hepsi,7.02,52,5,0.0962,0.1425,0.675,0.5626,0.781
hepsi,7.03,44,3,0.0682,0.1422,0.4793,0.5236,0.545
hepsi,7.04,54,9,0.1667,0.142,1.1733,0.6998,1.3444
hepsi,7.05,50,6,0.12,0.1418,0.846,0.635,0.9428
hepsi,7.06,53,5,0.0943,0.1416,0.666,0.5555,0.7721
hepsi,7.07,57,10,0.1754,0.1414,1.2404,0.698,1.4295
hepsi,7.08,60,9,0.15,0.1412,1.062,0.6397,1.1993
hepsi,7.09,45,6,0.1333,0.141,0.9453,0.7041,1.0562
hepsi,7.10,47,8,0.1702,0.1408,1.2085,0.7628,1.4126
hepsi,7.11,42,6,0.1429,0.1406,1.0157,0.7525,1.1412
hepsi,7.12,47,4,0.0851,0.1404,0.606,0.568,0.6957
hepsi,7.13,41,1,0.0244,0.1403,0.1739,0.3367,0.2073
hepsi,7.14,52,8,0.1538,0.1401,1.0985,0.7001,1.2248
hepsi,7.15,45,6,0.1333,0.1399,0.9533,0.7101,1.0578
hepsi,7.16,50,3,0.06,0.1397,0.4296,0.4713,0.4984
hepsi,7.17,49,8,0.1633,0.1395,1.1706,0.7421,1.3231
hepsi,7.18,46,3,0.0652,0.1393,0.4683,0.5123,0.5335
hepsi,7.19,47,6,0.1277,0.1391,0.9179,0.6861,1.0511
hepsi,7.20,39,3,0.0769,0.1389,0.5538,0.6021,0.6251
hepsi,7.21,40,5,0.125,0.1387,0.9012,0.739,1.0303
hepsi,7.22,28,3,0.1071,0.1385,0.7736,0.827,0.8964
hepsi,7.23,37,4,0.1081,0.1383,0.7816,0.7234,0.9081
hepsi,7.24,39,3,0.0769,0.1381,0.5569,0.6054,0.6672
hepsi,7.25,36,4,0.1111,0.1379,0.8056,0.7443,0.9053
hepsi,7.26,46,2,0.0435,0.1377,0.3157,0.428,0.3561
hepsi,7.27,38,5,0.1316,0.1376,0.9566,0.7814,1.1332
hepsi,7.28,38,4,0.1053,0.1374,0.7663,0.7105,0.9229
hepsi,7.29,56,5,0.0893,0.1372,0.6509,0.5445,0.7334
hepsi,7.30,46,5,0.1087,0.137,0.7935,0.6566,0.9076
hepsi,7.31,39,6,0.1538,0.1368,1.1246,0.8277,1.2969
hepsi,7.32,47,5,0.1064,0.1366,0.7787,0.6453,0.883
hepsi,7.33,34,6,0.1765,0.1364,1.2935,0.9393,1.4768
hepsi,7.34,44,5,0.1136,0.1362,0.8341,0.6882,0.9307
hepsi,7.35,42,4,0.0952,0.1361,0.7,0.6524,0.7919
hepsi,7.36,38,4,0.1053,0.1359,0.7747,0.7183,0.8805
hepsi,7.37,44,10,0.2273,0.1357,1.675,0.9126,1.9302
hepsi,7.38,43,5,0.1163,0.1355,0.8581,0.7072,0.9751
hepsi,7.39,41,5,0.122,0.1353,0.9012,0.7403,1.0615
hepsi,7.40,49,4,0.0816,0.1351,0.6041,0.5672,0.7155
hepsi,7.41,34,4,0.1176,0.135,0.8718,0.8024,1.0053
hepsi,7.42,29,5,0.1724,0.1348,1.2793,1.0201,1.4479
hepsi,7.43,38,5,0.1316,0.1346,0.9776,0.7986,1.1597
hepsi,7.44,37,6,0.1622,0.1344,1.2065,0.8837,1.3989
hepsi,7.45,41,6,0.1463,0.1342,1.0902,0.8059,1.2534
hepsi,7.46,32,4,0.125,0.134,0.9325,0.8548,1.0603
hepsi,7.47,32,6,0.1875,0.1339,1.4006,1.0102,1.5559
hepsi,7.48,38,4,0.1053,0.1337,0.7874,0.73,0.8668
hepsi,7.49,59,8,0.1356,0.1335,1.0156,0.6543,1.2251
hepsi,7.50,41,5,0.122,0.1333,0.9146,0.7514,1.0683
hepsi,7.51,40,1,0.025,0.1332,0.1878,0.3634,0.2075
hepsi,7.52,25,3,0.12,0.133,0.9024,0.9579,1.058
hepsi,7.53,39,4,0.1026,0.1328,0.7723,0.7171,0.8774
hepsi,7.54,44,5,0.1136,0.1326,0.8568,0.707,0.975
hepsi,7.55,45,4,0.0889,0.1325,0.6711,0.6278,0.7456
hepsi,7.56,33,6,0.1818,0.1323,1.3745,0.9948,1.5591
hepsi,7.57,29,4,0.1379,0.1321,1.0441,0.95,1.1828
hepsi,7.58,32,3,0.0938,0.1319,0.7106,0.7657,0.7897
hepsi,7.59,29,4,0.1379,0.1318,1.0469,0.9525,1.241
hepsi,7.60,38,3,0.0789,0.1316,0.6,0.6514,0.7132
hepsi,7.61,29,1,0.0345,0.1314,0.2624,0.5055,0.2862
hepsi,7.62,35,0,0.0,0.1312,0.0,0.0,0.0
hepsi,7.63,43,5,0.1163,0.1311,0.8872,0.7311,1.0305
hepsi,7.64,39,4,0.1026,0.1309,0.7836,0.7276,0.9128
hepsi,7.65,28,2,0.0714,0.1307,0.5464,0.7296,0.61
hepsi,7.66,35,3,0.0857,0.1305,0.6566,0.7104,0.7251
hepsi,7.67,31,3,0.0968,0.1304,0.7423,0.7984,0.841
hepsi,7.68,38,3,0.0789,0.1302,0.6063,0.6583,0.7008
hepsi,7.69,28,5,0.1786,0.13,1.3732,1.091,1.5989
hepsi,7.70,27,5,0.1852,0.1299,1.4259,1.1283,1.6426
hepsi,7.71,38,2,0.0526,0.1297,0.4058,0.5472,0.4395
hepsi,7.72,29,3,0.1034,0.1295,0.7986,0.8555,0.9793
hepsi,7.73,32,8,0.25,0.1294,1.9325,1.1597,2.1909
hepsi,7.74,40,5,0.125,0.1292,0.9675,0.7933,1.0877
hepsi,7.75,29,4,0.1379,0.129,1.069,0.9726,1.1928
hepsi,7.76,27,1,0.037,0.1289,0.2874,0.5525,0.3193
hepsi,7.77,30,3,0.1,0.1287,0.777,0.8341,0.8933
hepsi,7.78,33,3,0.0909,0.1285,0.7073,0.7631,0.8064
hepsi,7.79,31,5,0.1613,0.1284,1.2565,1.0086,1.4677
hepsi,7.80,42,3,0.0714,0.1282,0.5571,0.6074,0.6381
hepsi,7.81,35,4,0.1143,0.128,0.8926,0.8233,1.064
hepsi,7.82,33,3,0.0909,0.1279,0.7109,0.767,0.8242
hepsi,7.83,27,2,0.0741,0.1277,0.58,0.7736,0.7056
hepsi,7.84,30,3,0.1,0.1276,0.784,0.8417,0.8987
hepsi,7.85,27,3,0.1111,0.1274,0.8722,0.9305,0.9963
hepsi,7.86,37,1,0.027,0.1272,0.2124,0.4105,0.2432
hepsi,7.87,38,2,0.0526,0.1271,0.4142,0.5586,0.4921
hepsi,7.88,24,3,0.125,0.1269,0.985,1.0426,1.1221
hepsi,7.89,26,2,0.0769,0.1267,0.6069,0.808,0.675
hepsi,7.90,26,3,0.1154,0.1266,0.9115,0.9702,1.0477
hepsi,7.91,39,5,0.1282,0.1264,1.0141,0.83,1.1682
hepsi,7.92,29,1,0.0345,0.1263,0.2731,0.5261,0.3103
hepsi,7.93,31,4,0.129,0.1261,1.0232,0.9357,1.2103
hepsi,7.94,31,5,0.1613,0.1259,1.2806,1.0281,1.4403
hepsi,7.95,31,3,0.0968,0.1258,0.7694,0.8275,0.9194
hepsi,7.96,31,5,0.1613,0.1256,1.2839,1.0306,1.4542
hepsi,7.97,30,3,0.1,0.1255,0.797,0.8556,0.912
hepsi,7.98,26,3,0.1154,0.1253,0.9208,0.9801,1.0477
hepsi,7.99,29,1,0.0345,0.1252,0.2755,0.5307,0.3276
hepsi,8.00,35,4,0.1143,0.125,0.9143,0.8433,1.0557
hepsi,8.01,19,2,0.1053,0.1248,0.8432,1.1055,0.9384
hepsi,8.02,35,1,0.0286,0.1247,0.2291,0.4429,0.2857
hepsi,8.03,31,4,0.129,0.1245,1.0361,0.9475,1.1468
hepsi,8.04,25,2,0.08,0.1244,0.6432,0.855,0.716
hepsi,8.05,32,5,0.1562,0.1242,1.2578,1.0126,1.4284
hepsi,8.06,30,4,0.1333,0.1241,1.0747,0.9803,1.2377
hepsi,8.07,22,4,0.1818,0.1239,1.4673,1.3006,1.7686
hepsi,8.08,36,0,0.0,0.1238,0.0,0.0,0.0
hepsi,8.09,29,5,0.1724,0.1236,1.3948,1.1122,1.6448
hepsi,8.10,32,2,0.0625,0.1235,0.5062,0.6793,0.5594
hepsi,8.11,30,3,0.1,0.1233,0.811,0.8706,0.9773
hepsi,8.12,27,1,0.037,0.1232,0.3007,0.5782,0.3259
hepsi,8.13,40,2,0.05,0.123,0.4065,0.5491,0.4625
hepsi,8.14,21,2,0.0952,0.1229,0.7752,1.0218,0.9048
hepsi,8.15,30,1,0.0333,0.1227,0.2717,0.5233,0.3
hepsi,8.16,26,1,0.0385,0.1225,0.3138,0.6035,0.3654
hepsi,8.17,27,5,0.1852,0.1224,1.513,1.1971,1.7722
hepsi,8.18,31,4,0.129,0.1222,1.0555,0.9652,1.2561
hepsi,8.19,24,2,0.0833,0.1221,0.6825,0.9055,0.7729
hepsi,8.20,33,2,0.0606,0.122,0.497,0.6675,0.5909
hepsi,8.21,24,4,0.1667,0.1218,1.3683,1.2242,1.6042
hepsi,8.22,22,3,0.1364,0.1217,1.1209,1.1789,1.2773
hepsi,8.23,30,2,0.0667,0.1215,0.5487,0.7348,0.6167
hepsi,8.24,31,3,0.0968,0.1214,0.7974,0.8577,0.9258
hepsi,8.25,34,5,0.1471,0.1212,1.2132,0.9823,1.4947
hepsi,8.26,27,0,0.0,0.1211,0.0,0.0,0.0
hepsi,8.27,29,2,0.069,0.1209,0.5703,0.7629,0.6983
hepsi,8.28,30,1,0.0333,0.1208,0.276,0.5316,0.319
hepsi,8.29,28,1,0.0357,0.1206,0.2961,0.5697,0.3571
hepsi,8.30,33,1,0.0303,0.1205,0.2515,0.4854,0.2879
hepsi,8.31,21,1,0.0476,0.1203,0.3957,0.7568,0.5
hepsi,8.32,28,2,0.0714,0.1202,0.5943,0.7935,0.6786
hepsi,8.33,24,1,0.0417,0.12,0.3471,0.6662,0.455
hepsi,8.34,23,2,0.087,0.1199,0.7252,0.9606,0.8043
hepsi,8.35,35,2,0.0571,0.1198,0.4771,0.6419,0.544
hepsi,8.36,22,0,0.0,0.1196,0.0,0.0,0.0
hepsi,8.37,10,2,0.2,0.1195,1.674,2.0751,1.924
hepsi,8.38,22,5,0.2273,0.1193,1.9045,1.4676,2.2209
hepsi,8.39,23,1,0.0435,0.1192,0.3648,0.6994,0.413
hepsi,8.40,25,3,0.12,0.119,1.008,1.07,1.168
hepsi,8.41,33,4,0.1212,0.1189,1.0194,0.9365,1.2009
hepsi,8.42,23,1,0.0435,0.1188,0.3661,0.7019,0.4217
hepsi,8.43,23,1,0.0435,0.1186,0.3665,0.7028,0.4783
hepsi,8.44,23,5,0.2174,0.1185,1.8348,1.4228,2.1048
hepsi,8.45,25,5,0.2,0.1183,1.69,1.325,1.9556
hepsi,8.46,21,3,0.1429,0.1182,1.2086,1.2663,1.369
hepsi,8.47,27,1,0.037,0.1181,0.3137,0.6031,0.337
hepsi,8.48,29,2,0.069,0.1179,0.5848,0.7823,0.6559
hepsi,8.49,17,2,0.1176,0.1178,0.9988,1.3001,1.1176
hepsi,8.50,27,3,0.1111,0.1176,0.9444,1.0076,1.1685
hepsi,8.51,15,1,0.0667,0.1175,0.5673,1.0745,0.6667
hepsi,8.52,28,4,0.1429,0.1174,1.2171,1.1045,1.4214
hepsi,8.53,30,2,0.0667,0.1172,0.5687,0.7616,0.68
hepsi,8.54,28,4,0.1429,0.1171,1.22,1.107,1.4246
hepsi,8.55,27,3,0.1111,0.117,0.95,1.0135,1.0956
hepsi,8.56,25,2,0.08,0.1168,0.6848,0.9103,0.806
hepsi,8.57,24,0,0.0,0.1167,0.0,0.0,0.0
hepsi,8.58,25,1,0.04,0.1166,0.3432,0.6591,0.4172
hepsi,8.59,24,6,0.25,0.1164,2.1475,1.4881,2.6267
hepsi,8.60,29,2,0.069,0.1163,0.5931,0.7933,0.6586
hepsi,8.61,31,4,0.129,0.1161,1.111,1.016,1.3416
hepsi,8.62,25,2,0.08,0.116,0.6896,0.9167,0.78
hepsi,8.63,28,1,0.0357,0.1159,0.3082,0.5931,0.3571
hepsi,8.64,24,2,0.0833,0.1157,0.72,0.9552,0.7942
hepsi,8.65,26,4,0.1538,0.1156,1.3308,1.1995,1.5292
hepsi,8.66,24,2,0.0833,0.1155,0.7217,0.9574,0.8271
hepsi,8.67,27,5,0.1852,0.1153,1.6056,1.2704,1.9259
hepsi,8.68,25,1,0.04,0.1152,0.3472,0.6668,0.38
hepsi,8.69,21,1,0.0476,0.1151,0.4138,0.7914,0.4524
hepsi,8.70,23,3,0.1304,0.1149,1.1348,1.1973,1.2717
hepsi,8.71,26,7,0.2692,0.1148,2.345,1.485,2.8058
hepsi,8.72,19,0,0.0,0.1147,0.0,0.0,0.0
hepsi,8.73,17,1,0.0588,0.1145,0.5135,0.9763,0.5735
hepsi,8.74,27,0,0.0,0.1144,0.0,0.0,0.0
hepsi,8.75,18,3,0.1667,0.1143,1.4583,1.5066,1.6389
hepsi,8.76,17,0,0.0,0.1142,0.0,0.0,0.0
hepsi,8.77,30,4,0.1333,0.114,1.1693,1.0667,1.329
hepsi,8.78,30,4,0.1333,0.1139,1.1707,1.0679,1.3597
hepsi,8.79,19,4,0.2105,0.1138,1.8505,1.6113,2.1326
hepsi,8.80,25,2,0.08,0.1136,0.704,0.9359,0.89
hepsi,8.81,24,2,0.0833,0.1135,0.7342,0.974,0.875
hepsi,8.82,13,0,0.0,0.1134,0.0,0.0,0.0
hepsi,8.83,20,2,0.1,0.1133,0.883,1.161,1.038
hepsi,8.84,26,3,0.1154,0.1131,1.02,1.0857,1.1442
hepsi,8.85,29,3,0.1034,0.113,0.9155,0.9808,1.0759
hepsi,8.86,27,1,0.037,0.1129,0.3281,0.6308,0.3878
hepsi,8.87,17,3,0.1765,0.1127,1.5653,1.6075,1.9118
hepsi,8.88,18,1,0.0556,0.1126,0.4933,0.94,0.5567
hepsi,8.89,15,2,0.1333,0.1125,1.1853,1.5292,1.32
hepsi,8.90,26,3,0.1154,0.1124,1.0269,1.093,1.3077
hepsi,8.91,15,1,0.0667,0.1122,0.594,1.125,0.65
hepsi,8.92,20,1,0.05,0.1121,0.446,0.852,0.5
hepsi,8.93,20,3,0.15,0.112,1.3395,1.3975,1.5115
hepsi,8.94,17,0,0.0,0.1119,0.0,0.0,0.0
hepsi,8.95,22,1,0.0455,0.1117,0.4068,0.7794,0.4773
hepsi,8.96,21,0,0.0,0.1116,0.0,0.0,0.0
hepsi,8.97,17,0,0.0,0.1115,0.0,0.0,0.0
hepsi,8.98,26,2,0.0769,0.1114,0.6908,0.9197,0.8462
hepsi,8.99,21,1,0.0476,0.1112,0.4281,0.8187,0.5276
hepsi,9.00,23,3,0.1304,0.1111,1.1739,1.2386,1.3478
hepsi,9.01,12,1,0.0833,0.111,0.7508,1.4087,0.9167
hepsi,9.02,18,0,0.0,0.1109,0.0,0.0,0.0
hepsi,9.03,16,0,0.0,0.1107,0.0,0.0,0.0
hepsi,9.04,14,3,0.2143,0.1106,1.9371,1.9431,2.2179
hepsi,9.05,25,1,0.04,0.1105,0.362,0.6952,0.4
hepsi,9.06,23,3,0.1304,0.1104,1.1817,1.2469,1.3561
hepsi,9.07,23,3,0.1304,0.1103,1.183,1.2482,1.357
hepsi,9.08,18,1,0.0556,0.1101,0.5044,0.9612,0.5933
hepsi,9.09,17,3,0.1765,0.11,1.6041,1.6474,1.9082
hepsi,9.10,22,2,0.0909,0.1099,0.8273,1.0931,0.9936
hepsi,9.11,32,4,0.125,0.1098,1.1387,1.0439,1.3578
hepsi,9.12,18,0,0.0,0.1096,0.0,0.0,0.0
hepsi,9.13,24,1,0.0417,0.1095,0.3804,0.7302,0.4271
hepsi,9.14,21,3,0.1429,0.1094,1.3057,1.3681,1.5214
hepsi,9.15,23,2,0.087,0.1093,0.7957,1.0539,0.9022
hepsi,9.16,19,2,0.1053,0.1092,0.9642,1.2642,1.1579
hepsi,9.17,11,1,0.0909,0.1091,0.8336,1.5578,0.9545
hepsi,9.18,18,3,0.1667,0.1089,1.53,1.5806,1.75
hepsi,9.19,26,1,0.0385,0.1088,0.3535,0.6797,0.3962
hepsi,9.20,16,3,0.1875,0.1087,1.725,1.7595,1.9119
hepsi,9.21,18,1,0.0556,0.1086,0.5117,0.975,0.6056
hepsi,9.22,15,1,0.0667,0.1085,0.6147,1.1642,0.668
hepsi,9.23,21,1,0.0476,0.1083,0.4395,0.8405,0.5
hepsi,9.24,22,2,0.0909,0.1082,0.84,1.11,0.9773
hepsi,9.25,16,2,0.125,0.1081,1.1562,1.499,1.33
hepsi,9.26,13,1,0.0769,0.108,0.7123,1.3412,0.7692
hepsi,9.27,11,0,0.0,0.1079,0.0,0.0,0.0
hepsi,9.28,12,0,0.0,0.1078,0.0,0.0,0.0
hepsi,9.29,15,3,0.2,0.1076,1.858,1.8806,2.16
hepsi,9.30,22,1,0.0455,0.1075,0.4227,0.8099,0.4827
hepsi,9.31,21,5,0.2381,0.1074,2.2167,1.696,2.881
hepsi,9.32,15,1,0.0667,0.1073,0.6213,1.1768,0.7353
hepsi,9.33,21,2,0.0952,0.1072,0.8886,1.1712,1.0
hepsi,9.34,15,0,0.0,0.1071,0.0,0.0,0.0
hepsi,9.35,15,0,0.0,0.107,0.0,0.0,0.0
hepsi,9.36,16,1,0.0625,0.1068,0.585,1.1102,0.6875
hepsi,9.37,17,1,0.0588,0.1067,0.5512,1.0479,0.6471
hepsi,9.38,17,3,0.1765,0.1066,1.6553,1.7,2.0171
hepsi,9.39,15,2,0.1333,0.1065,1.252,1.6152,1.4847
hepsi,9.40,21,2,0.0952,0.1064,0.8952,1.18,1.0238
hepsi,9.41,16,2,0.125,0.1063,1.1763,1.5249,1.5137
hepsi,9.42,16,0,0.0,0.1062,0.0,0.0,0.0
hepsi,9.43,15,2,0.1333,0.106,1.2573,1.6221,1.5167
hepsi,9.44,16,1,0.0625,0.1059,0.59,1.1197,0.6875
hepsi,9.45,24,0,0.0,0.1058,0.0,0.0,0.0
hepsi,9.46,18,0,0.0,0.1057,0.0,0.0,0.0
hepsi,9.47,21,1,0.0476,0.1056,0.451,0.8624,0.5
hepsi,9.48,17,1,0.0588,0.1055,0.5576,1.0602,0.6471
hepsi,9.49,20,3,0.15,0.1054,1.4235,1.4851,1.7625
hepsi,9.50,17,0,0.0,0.1053,0.0,0.0,0.0
hepsi,9.51,13,0,0.0,0.1052,0.0,0.0,0.0
hepsi,9.52,13,1,0.0769,0.105,0.7323,1.3788,0.8846
hepsi,9.53,19,1,0.0526,0.1049,0.5016,0.9566,0.5947
hepsi,9.54,23,0,0.0,0.1048,0.0,0.0,0.0
hepsi,9.55,15,3,0.2,0.1047,1.91,1.9332,2.4827
hepsi,9.56,20,1,0.05,0.1046,0.478,0.9132,0.5
hepsi,9.57,25,2,0.08,0.1045,0.7656,1.0177,0.8848
hepsi,9.58,27,4,0.1481,0.1044,1.4193,1.2835,1.7074
hepsi,9.59,16,2,0.125,0.1043,1.1987,1.5541,1.3844
hepsi,9.60,12,0,0.0,0.1042,0.0,0.0,0.0
hepsi,9.61,16,1,0.0625,0.1041,0.6006,1.1398,0.75
hepsi,9.62,14,0,0.0,0.104,0.0,0.0,0.0
hepsi,9.63,18,0,0.0,0.1038,0.0,0.0,0.0
hepsi,9.64,15,1,0.0667,0.1037,0.6427,1.2172,0.8333
hepsi,9.65,17,0,0.0,0.1036,0.0,0.0,0.0
hepsi,9.66,22,1,0.0455,0.1035,0.4391,0.8412,0.5455
hepsi,9.67,17,0,0.0,0.1034,0.0,0.0,0.0
hepsi,9.68,15,0,0.0,0.1033,0.0,0.0,0.0
hepsi,9.69,11,0,0.0,0.1032,0.0,0.0,0.0
hepsi,9.70,16,2,0.125,0.1031,1.2125,1.5719,1.4375
hepsi,9.71,19,2,0.1053,0.103,1.0221,1.3401,1.1579
hepsi,9.72,14,2,0.1429,0.1029,1.3886,1.7819,1.5807
hepsi,9.73,15,2,0.1333,0.1028,1.2973,1.6737,1.6667
hepsi,9.74,18,1,0.0556,0.1027,0.5411,1.0311,0.6667
hepsi,9.75,11,1,0.0909,0.1026,0.8864,1.6564,1.1
hepsi,9.76,18,1,0.0556,0.1025,0.5422,1.0332,0.6294
hepsi,9.77,13,2,0.1538,0.1024,1.5031,1.916,1.7077
hepsi,9.78,8,1,0.125,0.1022,1.2225,2.2413,1.4312
hepsi,9.79,22,4,0.1818,0.1021,1.78,1.5778,2.05
hepsi,9.80,16,1,0.0625,0.102,0.6125,1.1624,0.7438
hepsi,9.81,18,1,0.0556,0.1019,0.545,1.0385,0.5833
hepsi,9.82,15,0,0.0,0.1018,0.0,0.0,0.0
hepsi,9.83,15,0,0.0,0.1017,0.0,0.0,0.0
hepsi,9.84,8,1,0.125,0.1016,1.23,2.2551,1.5625
hepsi,9.85,12,1,0.0833,0.1015,0.8208,1.5401,0.9667
hepsi,9.86,14,3,0.2143,0.1014,2.1129,2.1194,2.5
hepsi,9.87,16,0,0.0,0.1013,0.0,0.0,0.0
hepsi,9.88,17,1,0.0588,0.1012,0.5812,1.1049,0.7059
hepsi,9.89,15,1,0.0667,0.1011,0.6593,1.2488,0.9333
hepsi,9.90,17,1,0.0588,0.101,0.5824,1.1071,0.7059
hepsi,9.91,14,1,0.0714,0.1009,0.7079,1.3367,1.0286
hepsi,9.92,16,2,0.125,0.1008,1.24,1.6076,1.4688
hepsi,9.93,11,0,0.0,0.1007,0.0,0.0,0.0
hepsi,9.94,11,0,0.0,0.1006,0.0,0.0,0.0
hepsi,9.95,11,2,0.1818,0.1005,1.8091,2.2678,2.2727
hepsi,9.96,12,1,0.0833,0.1004,0.83,1.5573,1.0
hepsi,9.97,17,1,0.0588,0.1003,0.5865,1.115,0.7059
hepsi,9.98,10,0,0.0,0.1002,0.0,0.0,0.0
hepsi,9.99,18,0,0.0,0.1001,0.0,0.0,0.0
hepsi,10.00,23,1,0.0435,0.1,0.4348,0.8336,0.4865
hepsi,10.01,11,0,0.0,0.0999,0.0,0.0,0.0
hepsi,10.02,14,1,0.0714,0.0998,0.7157,1.3515,0.9286
hepsi,10.03,12,0,0.0,0.0997,0.0,0.0,0.0
hepsi,10.04,14,0,0.0,0.0996,0.0,0.0,0.0
hepsi,10.05,15,1,0.0667,0.0995,0.67,1.269,0.7333
hepsi,10.06,16,2,0.125,0.0994,1.2575,1.6302,1.75
hepsi,10.07,16,2,0.125,0.0993,1.2588,1.6319,1.4613
hepsi,10.08,9,0,0.0,0.0992,0.0,0.0,0.0
hepsi,10.09,16,1,0.0625,0.0991,0.6306,1.1968,0.805
hepsi,10.10,13,1,0.0769,0.099,0.7769,1.4628,0.8462
hepsi,10.11,24,2,0.0833,0.0989,0.8425,1.1177,1.0121
hepsi,10.12,12,2,0.1667,0.0988,1.6867,2.1341,2.0417
hepsi,10.13,10,2,0.2,0.0987,2.026,2.5115,2.275
hepsi,10.14,7,1,0.1429,0.0986,1.4486,2.6289,1.7143
hepsi,10.15,12,1,0.0833,0.0985,0.8458,1.587,1.0
hepsi,10.16,12,0,0.0,0.0984,0.0,0.0,0.0
hepsi,10.17,7,1,0.1429,0.0983,1.4529,2.6367,1.7143
hepsi,10.18,7,0,0.0,0.0982,0.0,0.0,0.0
hepsi,10.19,10,1,0.1,0.0981,1.019,1.8947,1.3
hepsi,10.20,9,0,0.0,0.098,0.0,0.0,0.0
hepsi,10.21,15,1,0.0667,0.0979,0.6807,1.2892,0.8
hepsi,10.22,10,1,0.1,0.0978,1.022,1.9003,1.242
hepsi,10.23,15,1,0.0667,0.0978,0.682,1.2917,0.8
hepsi,10.24,9,2,0.2222,0.0977,2.2756,2.7813,2.6656
hepsi,10.25,9,1,0.1111,0.0976,1.1389,2.1045,1.4444
hepsi,10.26,10,1,0.1,0.0975,1.026,1.9078,1.251
hepsi,10.27,10,0,0.0,0.0974,0.0,0.0,0.0
hepsi,10.28,11,1,0.0909,0.0973,0.9345,1.7464,1.0909
hepsi,10.29,16,4,0.25,0.0972,2.5725,2.1833,3.1706
hepsi,10.30,17,0,0.0,0.0971,0.0,0.0,0.0
hepsi,10.31,8,2,0.25,0.097,2.5775,3.0936,2.975
hepsi,10.32,10,2,0.2,0.0969,2.064,2.5586,2.5
hepsi,10.33,19,2,0.1053,0.0968,1.0874,1.4257,1.2632
hepsi,10.34,12,0,0.0,0.0967,0.0,0.0,0.0
hepsi,10.35,13,1,0.0769,0.0966,0.7962,1.499,0.9231
hepsi,10.36,15,0,0.0,0.0965,0.0,0.0,0.0
hepsi,10.37,17,1,0.0588,0.0964,0.61,1.1597,0.7412
hepsi,10.38,17,1,0.0588,0.0963,0.6106,1.1608,0.7441
hepsi,10.39,16,2,0.125,0.0962,1.2988,1.6837,1.4619
hepsi,10.40,9,2,0.2222,0.0962,2.3111,2.8247,2.5556
hepsi,10.41,25,2,0.08,0.0961,0.8328,1.1071,0.96
hepsi,10.42,17,0,0.0,0.096,0.0,0.0,0.0
hepsi,10.43,7,1,0.1429,0.0959,1.49,2.7041,1.7143
hepsi,10.44,10,0,0.0,0.0958,0.0,0.0,0.0
hepsi,10.45,11,1,0.0909,0.0957,0.95,1.7753,1.1882
hepsi,10.46,12,2,0.1667,0.0956,1.7433,2.2058,2.1625
hepsi,10.47,12,0,0.0,0.0955,0.0,0.0,0.0
hepsi,10.48,15,1,0.0667,0.0954,0.6987,1.3233,0.8
hepsi,10.49,9,0,0.0,0.0953,0.0,0.0,0.0
hepsi,10.50,11,2,0.1818,0.0952,1.9091,2.3932,2.4545
hepsi,10.51,13,0,0.0,0.0951,0.0,0.0,0.0
hepsi,10.52,10,0,0.0,0.0951,0.0,0.0,0.0
hepsi,10.53,6,0,0.0,0.095,0.0,0.0,0.0
hepsi,10.54,16,0,0.0,0.0949,0.0,0.0,0.0
hepsi,10.55,9,1,0.1111,0.0948,1.1722,2.1661,1.4444
hepsi,10.56,11,2,0.1818,0.0947,1.92,2.4069,2.1982
hepsi,10.57,17,0,0.0,0.0946,0.0,0.0,0.0
hepsi,10.58,13,3,0.2308,0.0945,2.4415,2.4233,2.9231
hepsi,10.59,9,1,0.1111,0.0944,1.1767,2.1743,1.2778
hepsi,10.60,20,2,0.1,0.0943,1.06,1.3937,1.4
hepsi,10.61,9,1,0.1111,0.0943,1.1789,2.1784,1.4444
hepsi,10.62,6,0,0.0,0.0942,0.0,0.0,0.0
hepsi,10.63,19,0,0.0,0.0941,0.0,0.0,0.0
hepsi,10.64,9,0,0.0,0.094,0.0,0.0,0.0
hepsi,10.65,15,1,0.0667,0.0939,0.71,1.3447,0.8333
hepsi,10.66,12,0,0.0,0.0938,0.0,0.0,0.0
hepsi,10.67,11,0,0.0,0.0937,0.0,0.0,0.0
hepsi,10.68,14,0,0.0,0.0936,0.0,0.0,0.0
hepsi,10.69,10,1,0.1,0.0935,1.069,1.9877,1.254
hepsi,10.70,5,0,0.0,0.0935,0.0,0.0,0.0
hepsi,10.71,5,0,0.0,0.0934,0.0,0.0,0.0
hepsi,10.72,8,0,0.0,0.0933,0.0,0.0,0.0
hepsi,10.73,7,0,0.0,0.0932,0.0,0.0,0.0
hepsi,10.74,11,1,0.0909,0.0931,0.9764,1.8245,1.0882
hepsi,10.75,10,4,0.4,0.093,4.3,3.2642,5.0
hepsi,10.76,7,1,0.1429,0.0929,1.5371,2.7897,1.7143
hepsi,10.77,10,2,0.2,0.0929,2.154,2.6701,2.4
hepsi,10.78,6,0,0.0,0.0928,0.0,0.0,0.0
hepsi,10.79,14,1,0.0714,0.0927,0.7707,1.4554,0.8571
hepsi,10.80,6,1,0.1667,0.0926,1.8,3.2209,2.0833
hepsi,10.81,7,1,0.1429,0.0925,1.5443,2.8026,1.9357
hepsi,10.82,10,1,0.1,0.0924,1.082,2.0119,1.4
hepsi,10.83,15,0,0.0,0.0923,0.0,0.0,0.0
hepsi,10.84,17,0,0.0,0.0923,0.0,0.0,0.0
hepsi,10.85,5,0,0.0,0.0922,0.0,0.0,0.0
hepsi,10.86,9,0,0.0,0.0921,0.0,0.0,0.0
hepsi,10.87,7,0,0.0,0.092,0.0,0.0,0.0
hepsi,10.88,16,3,0.1875,0.0919,2.04,2.0808,2.5625
hepsi,10.89,7,0,0.0,0.0918,0.0,0.0,0.0
hepsi,10.90,7,0,0.0,0.0917,0.0,0.0,0.0
hepsi,10.91,11,2,0.1818,0.0917,1.9836,2.4866,2.2727
hepsi,10.92,11,1,0.0909,0.0916,0.9927,1.8551,1.2245
hepsi,10.93,10,0,0.0,0.0915,0.0,0.0,0.0
hepsi,10.94,10,0,0.0,0.0914,0.0,0.0,0.0
hepsi,10.95,6,0,0.0,0.0913,0.0,0.0,0.0
hepsi,10.96,8,0,0.0,0.0912,0.0,0.0,0.0
hepsi,10.97,9,2,0.2222,0.0912,2.4378,2.9795,2.8556
hepsi,10.98,5,0,0.0,0.0911,0.0,0.0,0.0
hepsi,10.99,11,1,0.0909,0.091,0.9991,1.867,1.1818
hepsi,11.00,12,2,0.1667,0.0909,1.8333,2.3197,2.4167
hepsi,11.01,6,1,0.1667,0.0908,1.835,3.2835,2.1667
hepsi,11.02,11,1,0.0909,0.0907,1.0018,1.8721,1.1818
hepsi,11.03,7,1,0.1429,0.0907,1.5757,2.8597,1.9286
hepsi,11.04,5,0,0.0,0.0906,0.0,0.0,0.0
hepsi,11.05,9,1,0.1111,0.0905,1.2278,2.2687,1.5
hepsi,11.06,10,0,0.0,0.0904,0.0,0.0,0.0
hepsi,11.07,5,1,0.2,0.0903,2.214,3.8813,2.6
hepsi,11.08,9,0,0.0,0.0903,0.0,0.0,0.0
hepsi,11.09,7,0,0.0,0.0902,0.0,0.0,0.0
hepsi,11.10,11,0,0.0,0.0901,0.0,0.0,0.0
hepsi,11.11,7,0,0.0,0.09,0.0,0.0,0.0
hepsi,11.12,10,0,0.0,0.0899,0.0,0.0,0.0
hepsi,11.13,11,1,0.0909,0.0898,1.0118,1.8908,1.5455
hepsi,11.14,9,0,0.0,0.0898,0.0,0.0,0.0
hepsi,11.15,7,1,0.1429,0.0897,1.5929,2.8908,2.0
hepsi,11.16,13,0,0.0,0.0896,0.0,0.0,0.0
hepsi,11.17,11,2,0.1818,0.0895,2.0309,2.5459,2.4545
hepsi,11.18,7,0,0.0,0.0894,0.0,0.0,0.0
hepsi,11.19,10,0,0.0,0.0894,0.0,0.0,0.0
hepsi,11.20,9,0,0.0,0.0893,0.0,0.0,0.0
hepsi,11.21,9,1,0.1111,0.0892,1.2456,2.3016,1.4444
hepsi,11.22,11,0,0.0,0.0891,0.0,0.0,0.0
hepsi,11.23,6,0,0.0,0.089,0.0,0.0,0.0
hepsi,11.24,7,0,0.0,0.089,0.0,0.0,0.0
hepsi,11.25,6,0,0.0,0.0889,0.0,0.0,0.0
hepsi,11.26,11,0,0.0,0.0888,0.0,0.0,0.0
hepsi,11.27,9,0,0.0,0.0887,0.0,0.0,0.0
hepsi,11.28,9,1,0.1111,0.0887,1.2533,2.3159,1.5556
hepsi,11.29,4,0,0.0,0.0886,0.0,0.0,0.0
hepsi,11.30,8,0,0.0,0.0885,0.0,0.0,0.0
hepsi,11.31,9,0,0.0,0.0884,0.0,0.0,0.0
hepsi,11.32,9,1,0.1111,0.0883,1.2578,2.3242,1.3611
hepsi,11.33,4,1,0.25,0.0883,2.8325,4.8079,3.25
hepsi,11.34,10,1,0.1,0.0882,1.134,2.1086,1.3
hepsi,11.35,14,0,0.0,0.0881,0.0,0.0,0.0
hepsi,11.36,8,0,0.0,0.088,0.0,0.0,0.0
hepsi,11.37,10,0,0.0,0.088,0.0,0.0,0.0
hepsi,11.38,10,0,0.0,0.0879,0.0,0.0,0.0
hepsi,11.39,6,0,0.0,0.0878,0.0,0.0,0.0
hepsi,11.40,3,0,0.0,0.0877,0.0,0.0,0.0
hepsi,11.41,6,0,0.0,0.0876,0.0,0.0,0.0
hepsi,11.42,10,1,0.1,0.0876,1.142,2.1235,1.41
hepsi,11.43,7,0,0.0,0.0875,0.0,0.0,0.0
hepsi,11.44,14,2,0.1429,0.0874,1.6343,2.0972,1.8929
hepsi,11.45,10,0,0.0,0.0873,0.0,0.0,0.0
hepsi,11.46,7,1,0.1429,0.0873,1.6371,2.9711,1.8571
hepsi,11.47,11,0,0.0,0.0872,0.0,0.0,0.0
hepsi,11.48,3,0,0.0,0.0871,0.0,0.0,0.0
hepsi,11.49,7,0,0.0,0.087,0.0,0.0,0.0
hepsi,11.50,12,1,0.0833,0.087,0.9583,1.798,1.0833
hepsi,11.51,12,0,0.0,0.0869,0.0,0.0,0.0
hepsi,11.52,6,3,0.5,0.0868,5.76,4.609,6.6667
hepsi,11.53,10,0,0.0,0.0867,0.0,0.0,0.0
hepsi,11.54,11,0,0.0,0.0867,0.0,0.0,0.0
hepsi,11.55,10,0,0.0,0.0866,0.0,0.0,0.0
hepsi,11.56,6,0,0.0,0.0865,0.0,0.0,0.0
hepsi,11.57,11,2,0.1818,0.0864,2.1036,2.6371,2.4773
hepsi,11.58,15,0,0.0,0.0864,0.0,0.0,0.0
hepsi,11.59,7,0,0.0,0.0863,0.0,0.0,0.0
hepsi,11.60,8,0,0.0,0.0862,0.0,0.0,0.0
hepsi,11.61,9,1,0.1111,0.0861,1.29,2.3837,1.4444
hepsi,11.62,5,1,0.2,0.0861,2.324,4.0742,2.6
hepsi,11.63,10,1,0.1,0.086,1.163,2.1625,1.35
hepsi,11.64,8,0,0.0,0.0859,0.0,0.0,0.0
hepsi,11.65,7,0,0.0,0.0858,0.0,0.0,0.0
hepsi,11.66,6,2,0.3333,0.0858,3.8867,4.3981,4.5833
hepsi,11.67,11,1,0.0909,0.0857,1.0609,1.9825,1.1936
hepsi,11.68,11,1,0.0909,0.0856,1.0618,1.9842,1.2727
hepsi,11.69,6,0,0.0,0.0855,0.0,0.0,0.0
hepsi,11.70,7,1,0.1429,0.0855,1.6714,3.0334,1.8571
hepsi,11.71,7,0,0.0,0.0854,0.0,0.0,0.0
hepsi,11.72,9,1,0.1111,0.0853,1.3022,2.4063,1.4722
hepsi,11.73,8,0,0.0,0.0853,0.0,0.0,0.0
hepsi,11.74,8,0,0.0,0.0852,0.0,0.0,0.0
hepsi,11.75,7,0,0.0,0.0851,0.0,0.0,0.0
hepsi,11.76,10,2,0.2,0.085,2.352,2.9156,2.85
hepsi,11.77,14,1,0.0714,0.085,0.8407,1.5876,1.0714
hepsi,11.78,5,0,0.0,0.0849,0.0,0.0,0.0
hepsi,11.79,13,1,0.0769,0.0848,0.9069,1.7076,1.0
hepsi,11.80,11,1,0.0909,0.0847,1.0727,2.0046,1.1873
hepsi,11.81,10,0,0.0,0.0847,0.0,0.0,0.0
hepsi,11.82,6,0,0.0,0.0846,0.0,0.0,0.0
hepsi,11.83,3,0,0.0,0.0845,0.0,0.0,0.0
hepsi,11.84,13,1,0.0769,0.0845,0.9108,1.7148,1.1962
hepsi,11.85,8,1,0.125,0.0844,1.4812,2.7157,1.7412
hepsi,11.86,5,0,0.0,0.0843,0.0,0.0,0.0
hepsi,11.87,8,0,0.0,0.0842,0.0,0.0,0.0
hepsi,11.88,9,0,0.0,0.0842,0.0,0.0,0.0
hepsi,11.89,4,1,0.25,0.0841,2.9725,5.0456,3.75
hepsi,11.90,8,1,0.125,0.084,1.4875,2.7272,1.7325
hepsi,11.91,12,1,0.0833,0.084,0.9925,1.8621,1.1667
hepsi,11.92,7,1,0.1429,0.0839,1.7029,3.0904,2.21
hepsi,11.93,8,0,0.0,0.0838,0.0,0.0,0.0
hepsi,11.94,9,0,0.0,0.0838,0.0,0.0,0.0
hepsi,11.95,10,1,0.1,0.0837,1.195,2.222,1.6
hepsi,11.96,5,0,0.0,0.0836,0.0,0.0,0.0
hepsi,11.97,11,0,0.0,0.0835,0.0,0.0,0.0
hepsi,11.98,7,1,0.1429,0.0835,1.7114,3.106,2.3571
hepsi,11.99,11,2,0.1818,0.0834,2.18,2.7328,2.5
hepsi,12.00,14,1,0.0714,0.0833,0.8571,1.6186,1.1671
hepsi,12.01,7,0,0.0,0.0833,0.0,0.0,0.0
hepsi,12.02,9,1,0.1111,0.0832,1.3356,2.4679,1.79
hepsi,12.03,8,2,0.25,0.0831,3.0075,3.6098,3.8025
hepsi,12.04,7,0,0.0,0.0831,0.0,0.0,0.0
hepsi,12.05,9,2,0.2222,0.083,2.6778,3.2729,3.3467
hepsi,12.06,17,1,0.0588,0.0829,0.7094,1.3487,0.8824
hepsi,12.07,7,0,0.0,0.0829,0.0,0.0,0.0
hepsi,12.08,8,1,0.125,0.0828,1.51,2.7685,1.75
hepsi,12.09,8,1,0.125,0.0827,1.5112,2.7707,2.375
hepsi,12.10,7,0,0.0,0.0826,0.0,0.0,0.0
hepsi,12.11,6,1,0.1667,0.0826,2.0183,3.6115,2.3333
hepsi,12.12,9,0,0.0,0.0825,0.0,0.0,0.0
hepsi,12.13,10,2,0.2,0.0824,2.426,3.0073,2.887
hepsi,12.14,4,0,0.0,0.0824,0.0,0.0,0.0
hepsi,12.15,11,0,0.0,0.0823,0.0,0.0,0.0
hepsi,12.16,6,0,0.0,0.0822,0.0,0.0,0.0
hepsi,12.17,8,0,0.0,0.0822,0.0,0.0,0.0
hepsi,12.18,8,1,0.125,0.0821,1.5225,2.7914,2.0
hepsi,12.19,10,0,0.0,0.082,0.0,0.0,0.0
hepsi,12.20,10,2,0.2,0.082,2.44,3.0247,3.1
hepsi,12.21,7,1,0.1429,0.0819,1.7443,3.1656,1.9386
hepsi,12.22,6,0,0.0,0.0818,0.0,0.0,0.0
hepsi,12.23,9,2,0.2222,0.0818,2.7178,3.3218,3.1111
hepsi,12.24,4,0,0.0,0.0817,0.0,0.0,0.0
hepsi,12.25,7,0,0.0,0.0816,0.0,0.0,0.0
hepsi,12.26,4,0,0.0,0.0816,0.0,0.0,0.0
hepsi,12.27,5,0,0.0,0.0815,0.0,0.0,0.0
hepsi,12.28,7,0,0.0,0.0814,0.0,0.0,0.0
hepsi,12.29,5,0,0.0,0.0814,0.0,0.0,0.0
hepsi,12.30,10,0,0.0,0.0813,0.0,0.0,0.0
hepsi,12.31,4,0,0.0,0.0812,0.0,0.0,0.0
hepsi,12.32,3,0,0.0,0.0812,0.0,0.0,0.0
hepsi,12.33,8,0,0.0,0.0811,0.0,0.0,0.0
hepsi,12.34,8,0,0.0,0.081,0.0,0.0,0.0
hepsi,12.35,11,1,0.0909,0.081,1.1227,2.098,1.3164
hepsi,12.36,3,0,0.0,0.0809,0.0,0.0,0.0
hepsi,12.37,7,0,0.0,0.0808,0.0,0.0,0.0
hepsi,12.38,9,1,0.1111,0.0808,1.3756,2.5418,1.5556
hepsi,12.39,4,0,0.0,0.0807,0.0,0.0,0.0
hepsi,12.40,8,0,0.0,0.0806,0.0,0.0,0.0
hepsi,12.41,6,1,0.1667,0.0806,2.0683,3.701,2.5
hepsi,12.42,8,1,0.125,0.0805,1.5525,2.8464,1.7475
hepsi,12.43,10,0,0.0,0.0805,0.0,0.0,0.0
hepsi,12.44,6,0,0.0,0.0804,0.0,0.0,0.0
hepsi,12.45,5,0,0.0,0.0803,0.0,0.0,0.0
hepsi,12.46,8,0,0.0,0.0803,0.0,0.0,0.0
hepsi,12.47,6,0,0.0,0.0802,0.0,0.0,0.0
hepsi,12.48,4,1,0.25,0.0801,3.12,5.2959,3.4225
hepsi,12.49,9,2,0.2222,0.0801,2.7756,3.3924,3.4722
hepsi,12.50,8,0,0.0,0.08,0.0,0.0,0.0
hepsi,12.51,7,0,0.0,0.0799,0.0,0.0,0.0
hepsi,12.52,3,0,0.0,0.0799,0.0,0.0,0.0
hepsi,12.53,5,0,0.0,0.0798,0.0,0.0,0.0
hepsi,12.54,7,0,0.0,0.0797,0.0,0.0,0.0
hepsi,12.55,6,0,0.0,0.0797,0.0,0.0,0.0
hepsi,12.56,7,0,0.0,0.0796,0.0,0.0,0.0
hepsi,12.57,5,0,0.0,0.0796,0.0,0.0,0.0
hepsi,12.58,8,0,0.0,0.0795,0.0,0.0,0.0
hepsi,12.59,6,0,0.0,0.0794,0.0,0.0,0.0
hepsi,12.60,8,2,0.25,0.0794,3.15,3.7808,3.625
hepsi,12.61,6,1,0.1667,0.0793,2.1017,3.7607,2.6667
hepsi,12.62,7,0,0.0,0.0792,0.0,0.0,0.0
hepsi,12.63,6,0,0.0,0.0792,0.0,0.0,0.0
hepsi,12.64,9,0,0.0,0.0791,0.0,0.0,0.0
hepsi,12.65,2,0,0.0,0.0791,0.0,0.0,0.0
hepsi,12.66,9,0,0.0,0.079,0.0,0.0,0.0
hepsi,12.67,5,0,0.0,0.0789,0.0,0.0,0.0
hepsi,12.68,3,0,0.0,0.0789,0.0,0.0,0.0
hepsi,12.69,8,1,0.125,0.0788,1.5862,2.9082,2.125
hepsi,12.70,7,1,0.1429,0.0787,1.8143,3.2926,2.0714
hepsi,12.71,7,1,0.1429,0.0787,1.8157,3.2952,2.1986
hepsi,12.72,4,0,0.0,0.0786,0.0,0.0,0.0
hepsi,12.73,9,0,0.0,0.0786,0.0,0.0,0.0
hepsi,12.74,1,0,0.0,0.0785,0.0,0.0,0.0
hepsi,12.75,6,1,0.1667,0.0784,2.125,3.8024,2.7833
hepsi,12.76,5,0,0.0,0.0784,0.0,0.0,0.0
hepsi,12.77,5,0,0.0,0.0783,0.0,0.0,0.0
hepsi,12.78,7,2,0.2857,0.0782,3.6514,4.2769,4.6743
hepsi,12.79,6,0,0.0,0.0782,0.0,0.0,0.0
hepsi,12.80,9,0,0.0,0.0781,0.0,0.0,0.0
hepsi,12.81,6,0,0.0,0.0781,0.0,0.0,0.0
hepsi,12.82,2,0,0.0,0.078,0.0,0.0,0.0
hepsi,12.83,8,1,0.125,0.0779,1.6038,2.9403,1.9075
hepsi,12.84,9,0,0.0,0.0779,0.0,0.0,0.0
hepsi,12.85,8,1,0.125,0.0778,1.6062,2.9449,1.875
hepsi,12.86,6,0,0.0,0.0778,0.0,0.0,0.0
hepsi,12.87,7,1,0.1429,0.0777,1.8386,3.3367,2.2857
hepsi,12.88,5,1,0.2,0.0776,2.576,4.5159,3.0
hepsi,12.89,5,0,0.0,0.0776,0.0,0.0,0.0
hepsi,12.90,4,0,0.0,0.0775,0.0,0.0,0.0
hepsi,12.91,9,1,0.1111,0.0775,1.4344,2.6506,1.8889
hepsi,12.92,9,1,0.1111,0.0774,1.4356,2.6527,1.8522
hepsi,12.93,3,0,0.0,0.0773,0.0,0.0,0.0
hepsi,12.94,6,0,0.0,0.0773,0.0,0.0,0.0
hepsi,12.95,3,0,0.0,0.0772,0.0,0.0,0.0
hepsi,12.96,6,0,0.0,0.0772,0.0,0.0,0.0
hepsi,12.97,9,1,0.1111,0.0771,1.4411,2.6629,1.7778
hepsi,12.98,4,1,0.25,0.077,3.245,5.5081,4.03
hepsi,12.99,2,0,0.0,0.077,0.0,0.0,0.0
hepsi,13.00,7,0,0.0,0.0769,0.0,0.0,0.0
hepsi,13.01,6,1,0.1667,0.0769,2.1683,3.88,2.5833
hepsi,13.02,4,0,0.0,0.0768,0.0,0.0,0.0
hepsi,13.03,6,0,0.0,0.0767,0.0,0.0,0.0
hepsi,13.04,5,0,0.0,0.0767,0.0,0.0,0.0
hepsi,13.05,4,0,0.0,0.0766,0.0,0.0,0.0
hepsi,13.06,10,0,0.0,0.0766,0.0,0.0,0.0
hepsi,13.07,5,0,0.0,0.0765,0.0,0.0,0.0
hepsi,13.08,6,1,0.1667,0.0765,2.18,3.9008,2.8333
hepsi,13.09,4,0,0.0,0.0764,0.0,0.0,0.0
hepsi,13.10,5,0,0.0,0.0763,0.0,0.0,0.0
hepsi,13.11,6,2,0.3333,0.0763,4.37,4.945,5.0
hepsi,13.12,8,0,0.0,0.0762,0.0,0.0,0.0
hepsi,13.13,4,0,0.0,0.0762,0.0,0.0,0.0
hepsi,13.14,6,0,0.0,0.0761,0.0,0.0,0.0
hepsi,13.15,2,0,0.0,0.076,0.0,0.0,0.0
hepsi,13.16,6,0,0.0,0.076,0.0,0.0,0.0
hepsi,13.17,6,0,0.0,0.0759,0.0,0.0,0.0
hepsi,13.18,7,1,0.1429,0.0759,1.8829,3.4171,2.5714
hepsi,13.19,2,0,0.0,0.0758,0.0,0.0,0.0
hepsi,13.20,6,0,0.0,0.0758,0.0,0.0,0.0
hepsi,13.21,3,0,0.0,0.0757,0.0,0.0,0.0
hepsi,13.22,4,1,0.25,0.0756,3.305,5.6099,4.125
hepsi,13.23,5,0,0.0,0.0756,0.0,0.0,0.0
hepsi,13.24,7,0,0.0,0.0755,0.0,0.0,0.0
hepsi,13.25,5,1,0.2,0.0755,2.65,4.6457,3.0
hepsi,13.26,10,2,0.2,0.0754,2.652,3.2875,3.2
hepsi,13.27,9,0,0.0,0.0754,0.0,0.0,0.0
hepsi,13.28,5,0,0.0,0.0753,0.0,0.0,0.0
hepsi,13.29,5,2,0.4,0.0752,5.316,5.7069,6.54
hepsi,13.30,6,2,0.3333,0.0752,4.4333,5.0167,5.2183
hepsi,13.31,6,0,0.0,0.0751,0.0,0.0,0.0
hepsi,13.32,7,0,0.0,0.0751,0.0,0.0,0.0
hepsi,13.33,8,0,0.0,0.075,0.0,0.0,0.0
hepsi,13.34,3,0,0.0,0.075,0.0,0.0,0.0
hepsi,13.35,5,0,0.0,0.0749,0.0,0.0,0.0
hepsi,13.36,5,0,0.0,0.0749,0.0,0.0,0.0
hepsi,13.37,4,1,0.25,0.0748,3.3425,5.6736,4.25
hepsi,13.38,4,0,0.0,0.0747,0.0,0.0,0.0
hepsi,13.39,5,1,0.2,0.0747,2.678,4.6947,3.0
hepsi,13.40,6,0,0.0,0.0746,0.0,0.0,0.0
hepsi,13.41,5,0,0.0,0.0746,0.0,0.0,0.0
hepsi,13.42,6,0,0.0,0.0745,0.0,0.0,0.0
hepsi,13.43,3,0,0.0,0.0745,0.0,0.0,0.0
hepsi,13.44,2,0,0.0,0.0744,0.0,0.0,0.0
hepsi,13.45,3,0,0.0,0.0743,0.0,0.0,0.0
hepsi,13.46,4,0,0.0,0.0743,0.0,0.0,0.0
hepsi,13.47,2,0,0.0,0.0742,0.0,0.0,0.0
hepsi,13.48,7,1,0.1429,0.0742,1.9257,3.4949,2.2129
hepsi,13.49,2,0,0.0,0.0741,0.0,0.0,0.0
hepsi,13.50,6,1,0.1667,0.0741,2.25,4.0261,2.5
hepsi,13.51,2,0,0.0,0.074,0.0,0.0,0.0
hepsi,13.52,7,0,0.0,0.074,0.0,0.0,0.0
hepsi,13.53,5,0,0.0,0.0739,0.0,0.0,0.0
hepsi,13.54,7,0,0.0,0.0739,0.0,0.0,0.0
hepsi,13.55,8,0,0.0,0.0738,0.0,0.0,0.0
hepsi,13.56,6,1,0.1667,0.0737,2.26,4.044,2.5417
hepsi,13.57,2,0,0.0,0.0737,0.0,0.0,0.0
hepsi,13.58,6,0,0.0,0.0736,0.0,0.0,0.0
hepsi,13.59,8,0,0.0,0.0736,0.0,0.0,0.0
hepsi,13.60,4,0,0.0,0.0735,0.0,0.0,0.0
hepsi,13.61,5,1,0.2,0.0735,2.722,4.7719,3.6
hepsi,13.62,7,0,0.0,0.0734,0.0,0.0,0.0
hepsi,13.63,6,0,0.0,0.0734,0.0,0.0,0.0
hepsi,13.64,3,0,0.0,0.0733,0.0,0.0,0.0
hepsi,13.65,2,0,0.0,0.0733,0.0,0.0,0.0
hepsi,13.66,9,1,0.1111,0.0732,1.5178,2.8046,1.9
hepsi,13.67,8,1,0.125,0.0732,1.7087,3.1328,1.9375
hepsi,13.68,7,1,0.1429,0.0731,1.9543,3.5467,2.4286
hepsi,13.69,11,0,0.0,0.073,0.0,0.0,0.0
hepsi,13.70,10,0,0.0,0.073,0.0,0.0,0.0
hepsi,13.71,5,0,0.0,0.0729,0.0,0.0,0.0
hepsi,13.72,7,1,0.1429,0.0729,1.96,3.5571,2.3929
hepsi,13.73,6,0,0.0,0.0728,0.0,0.0,0.0
hepsi,13.74,8,0,0.0,0.0728,0.0,0.0,0.0
hepsi,13.75,4,1,0.25,0.0727,3.4375,5.8348,4.25
hepsi,13.76,3,0,0.0,0.0727,0.0,0.0,0.0
hepsi,13.77,8,0,0.0,0.0726,0.0,0.0,0.0
hepsi,13.78,2,1,0.5,0.0726,6.89,9.5491,8.5
hepsi,13.79,6,1,0.1667,0.0725,2.2983,4.1126,2.5
hepsi,13.81,7,0,0.0,0.0724,0.0,0.0,0.0
hepsi,13.82,3,0,0.0,0.0724,0.0,0.0,0.0
hepsi,13.83,8,0,0.0,0.0723,0.0,0.0,0.0
hepsi,13.84,6,0,0.0,0.0723,0.0,0.0,0.0
hepsi,13.85,6,0,0.0,0.0722,0.0,0.0,0.0
hepsi,13.86,5,0,0.0,0.0722,0.0,0.0,0.0
hepsi,13.87,5,0,0.0,0.0721,0.0,0.0,0.0
hepsi,13.88,4,0,0.0,0.072,0.0,0.0,0.0
hepsi,13.89,5,0,0.0,0.072,0.0,0.0,0.0
hepsi,13.90,5,0,0.0,0.0719,0.0,0.0,0.0
hepsi,13.91,5,0,0.0,0.0719,0.0,0.0,0.0
hepsi,13.92,3,0,0.0,0.0718,0.0,0.0,0.0
hepsi,13.93,6,0,0.0,0.0718,0.0,0.0,0.0
hepsi,13.94,7,1,0.1429,0.0717,1.9914,3.6141,2.2857
hepsi,13.95,4,0,0.0,0.0717,0.0,0.0,0.0
hepsi,13.96,2,0,0.0,0.0716,0.0,0.0,0.0
hepsi,13.97,6,0,0.0,0.0716,0.0,0.0,0.0
hepsi,13.98,4,0,0.0,0.0715,0.0,0.0,0.0
hepsi,13.99,5,0,0.0,0.0715,0.0,0.0,0.0
hepsi,14.00,9,0,0.0,0.0714,0.0,0.0,0.0
hepsi,14.01,7,0,0.0,0.0714,0.0,0.0,0.0
hepsi,14.02,2,1,0.5,0.0713,7.01,9.7154,9.0
hepsi,14.03,5,0,0.0,0.0713,0.0,0.0,0.0
hepsi,14.04,5,1,0.2,0.0712,2.808,4.9226,3.778
hepsi,14.05,3,1,0.3333,0.0712,4.6833,7.4947,5.1667
hepsi,14.07,3,0,0.0,0.0711,0.0,0.0,0.0
hepsi,14.08,7,0,0.0,0.071,0.0,0.0,0.0
hepsi,14.09,5,0,0.0,0.071,0.0,0.0,0.0
hepsi,14.10,4,0,0.0,0.0709,0.0,0.0,0.0
hepsi,14.11,3,0,0.0,0.0709,0.0,0.0,0.0
hepsi,14.12,4,1,0.25,0.0708,3.53,5.9919,4.125
hepsi,14.13,3,0,0.0,0.0708,0.0,0.0,0.0
hepsi,14.14,4,0,0.0,0.0707,0.0,0.0,0.0
hepsi,14.15,5,0,0.0,0.0707,0.0,0.0,0.0
hepsi,14.16,4,0,0.0,0.0706,0.0,0.0,0.0
hepsi,14.17,5,0,0.0,0.0706,0.0,0.0,0.0
hepsi,14.18,2,0,0.0,0.0705,0.0,0.0,0.0
hepsi,14.19,3,0,0.0,0.0705,0.0,0.0,0.0
hepsi,14.20,3,0,0.0,0.0704,0.0,0.0,0.0
hepsi,14.21,1,0,0.0,0.0704,0.0,0.0,0.0
hepsi,14.22,6,1,0.1667,0.0703,2.37,4.2408,3.3333
hepsi,14.23,4,0,0.0,0.0703,0.0,0.0,0.0
hepsi,14.24,6,1,0.1667,0.0702,2.3733,4.2468,3.1667
hepsi,14.25,3,0,0.0,0.0702,0.0,0.0,0.0
hepsi,14.26,7,0,0.0,0.0701,0.0,0.0,0.0
hepsi,14.27,3,0,0.0,0.0701,0.0,0.0,0.0
hepsi,14.28,1,0,0.0,0.07,0.0,0.0,0.0
hepsi,14.29,6,0,0.0,0.07,0.0,0.0,0.0
hepsi,14.30,4,0,0.0,0.0699,0.0,0.0,0.0
hepsi,14.31,6,0,0.0,0.0699,0.0,0.0,0.0
hepsi,14.32,6,0,0.0,0.0698,0.0,0.0,0.0
hepsi,14.33,3,1,0.3333,0.0698,4.7767,7.6441,6.3333
hepsi,14.34,4,0,0.0,0.0697,0.0,0.0,0.0
hepsi,14.35,6,0,0.0,0.0697,0.0,0.0,0.0
hepsi,14.36,3,0,0.0,0.0696,0.0,0.0,0.0
hepsi,14.37,6,0,0.0,0.0696,0.0,0.0,0.0
hepsi,14.38,5,0,0.0,0.0695,0.0,0.0,0.0
hepsi,14.39,2,0,0.0,0.0695,0.0,0.0,0.0
hepsi,14.40,5,1,0.2,0.0694,2.88,5.0489,4.2
hepsi,14.41,3,0,0.0,0.0694,0.0,0.0,0.0
hepsi,14.42,5,0,0.0,0.0693,0.0,0.0,0.0
hepsi,14.43,6,0,0.0,0.0693,0.0,0.0,0.0
hepsi,14.44,4,0,0.0,0.0693,0.0,0.0,0.0
hepsi,14.45,5,0,0.0,0.0692,0.0,0.0,0.0
hepsi,14.46,10,0,0.0,0.0692,0.0,0.0,0.0
hepsi,14.47,3,0,0.0,0.0691,0.0,0.0,0.0
hepsi,14.48,8,0,0.0,0.0691,0.0,0.0,0.0
hepsi,14.49,4,0,0.0,0.069,0.0,0.0,0.0
hepsi,14.50,6,0,0.0,0.069,0.0,0.0,0.0
hepsi,14.51,1,0,0.0,0.0689,0.0,0.0,0.0
hepsi,14.52,3,0,0.0,0.0689,0.0,0.0,0.0
hepsi,14.53,5,0,0.0,0.0688,0.0,0.0,0.0
hepsi,14.54,6,0,0.0,0.0688,0.0,0.0,0.0
hepsi,14.55,7,0,0.0,0.0687,0.0,0.0,0.0
hepsi,14.56,4,0,0.0,0.0687,0.0,0.0,0.0
hepsi,14.57,2,0,0.0,0.0686,0.0,0.0,0.0
hepsi,14.58,4,0,0.0,0.0686,0.0,0.0,0.0
hepsi,14.59,4,1,0.25,0.0685,3.6475,6.1913,5.25
hepsi,14.60,3,1,0.3333,0.0685,4.8667,7.7881,5.6667
hepsi,14.61,2,0,0.0,0.0684,0.0,0.0,0.0
hepsi,14.62,3,0,0.0,0.0684,0.0,0.0,0.0
hepsi,14.63,6,0,0.0,0.0684,0.0,0.0,0.0
hepsi,14.64,2,0,0.0,0.0683,0.0,0.0,0.0
hepsi,14.65,2,0,0.0,0.0683,0.0,0.0,0.0
hepsi,14.66,2,0,0.0,0.0682,0.0,0.0,0.0
hepsi,14.67,1,0,0.0,0.0682,0.0,0.0,0.0
hepsi,14.68,7,0,0.0,0.0681,0.0,0.0,0.0
hepsi,14.69,5,0,0.0,0.0681,0.0,0.0,0.0
hepsi,14.70,5,0,0.0,0.068,0.0,0.0,0.0
hepsi,14.71,2,0,0.0,0.068,0.0,0.0,0.0
hepsi,14.72,5,0,0.0,0.0679,0.0,0.0,0.0
hepsi,14.73,5,1,0.2,0.0679,2.946,5.1646,3.714
hepsi,14.74,4,0,0.0,0.0678,0.0,0.0,0.0
hepsi,14.75,3,0,0.0,0.0678,0.0,0.0,0.0
hepsi,14.76,4,0,0.0,0.0678,0.0,0.0,0.0
hepsi,14.77,4,0,0.0,0.0677,0.0,0.0,0.0
hepsi,14.78,2,0,0.0,0.0677,0.0,0.0,0.0
hepsi,14.79,6,1,0.1667,0.0676,2.465,4.4108,2.8333
hepsi,14.80,3,0,0.0,0.0676,0.0,0.0,0.0
hepsi,14.81,7,0,0.0,0.0675,0.0,0.0,0.0
hepsi,14.82,3,0,0.0,0.0675,0.0,0.0,0.0
hepsi,14.83,5,0,0.0,0.0674,0.0,0.0,0.0
hepsi,14.84,3,0,0.0,0.0674,0.0,0.0,0.0
hepsi,14.85,5,1,0.2,0.0673,2.97,5.2066,3.8
hepsi,14.86,3,0,0.0,0.0673,0.0,0.0,0.0
hepsi,14.88,4,0,0.0,0.0672,0.0,0.0,0.0
hepsi,14.89,2,0,0.0,0.0672,0.0,0.0,0.0
hepsi,14.90,3,0,0.0,0.0671,0.0,0.0,0.0
hepsi,14.91,3,0,0.0,0.0671,0.0,0.0,0.0
hepsi,14.92,1,0,0.0,0.067,0.0,0.0,0.0
hepsi,14.93,5,0,0.0,0.067,0.0,0.0,0.0
hepsi,14.94,3,0,0.0,0.0669,0.0,0.0,0.0
hepsi,14.95,4,0,0.0,0.0669,0.0,0.0,0.0
hepsi,14.96,5,0,0.0,0.0668,0.0,0.0,0.0
hepsi,14.97,4,0,0.0,0.0668,0.0,0.0,0.0
hepsi,14.99,2,0,0.0,0.0667,0.0,0.0,0.0
hepsi,15.00,6,1,0.1667,0.0667,2.5,4.4734,3.0317
hepsi,15.01,3,0,0.0,0.0666,0.0,0.0,0.0
hepsi,15.02,1,1,1.0,0.0666,15.02,0.0,19.35
hepsi,15.03,3,0,0.0,0.0665,0.0,0.0,0.0
hepsi,15.04,5,0,0.0,0.0665,0.0,0.0,0.0
hepsi,15.05,4,0,0.0,0.0664,0.0,0.0,0.0
hepsi,15.06,3,0,0.0,0.0664,0.0,0.0,0.0
hepsi,15.07,1,0,0.0,0.0664,0.0,0.0,0.0
hepsi,15.09,1,0,0.0,0.0663,0.0,0.0,0.0
hepsi,15.10,1,0,0.0,0.0662,0.0,0.0,0.0
hepsi,15.11,7,0,0.0,0.0662,0.0,0.0,0.0
hepsi,15.12,4,0,0.0,0.0661,0.0,0.0,0.0
hepsi,15.13,5,1,0.2,0.0661,3.026,5.3048,3.4
hepsi,15.14,3,0,0.0,0.0661,0.0,0.0,0.0
hepsi,15.15,3,0,0.0,0.066,0.0,0.0,0.0
hepsi,15.16,6,0,0.0,0.066,0.0,0.0,0.0
hepsi,15.17,3,0,0.0,0.0659,0.0,0.0,0.0
hepsi,15.18,2,0,0.0,0.0659,0.0,0.0,0.0
hepsi,15.19,2,0,0.0,0.0658,0.0,0.0,0.0
hepsi,15.20,6,0,0.0,0.0658,0.0,0.0,0.0
hepsi,15.21,1,0,0.0,0.0657,0.0,0.0,0.0
hepsi,15.22,8,0,0.0,0.0657,0.0,0.0,0.0
hepsi,15.23,2,0,0.0,0.0657,0.0,0.0,0.0
hepsi,15.24,4,1,0.25,0.0656,3.81,6.4671,6.5
hepsi,15.25,5,0,0.0,0.0656,0.0,0.0,0.0
hepsi,15.26,5,0,0.0,0.0655,0.0,0.0,0.0
hepsi,15.27,4,0,0.0,0.0655,0.0,0.0,0.0
hepsi,15.28,4,0,0.0,0.0654,0.0,0.0,0.0
hepsi,15.29,2,0,0.0,0.0654,0.0,0.0,0.0
hepsi,15.30,2,0,0.0,0.0654,0.0,0.0,0.0
hepsi,15.31,7,1,0.1429,0.0653,2.1871,3.9693,2.8571
hepsi,15.32,8,0,0.0,0.0653,0.0,0.0,0.0
hepsi,15.33,5,0,0.0,0.0652,0.0,0.0,0.0
hepsi,15.34,1,0,0.0,0.0652,0.0,0.0,0.0
hepsi,15.35,4,0,0.0,0.0651,0.0,0.0,0.0
hepsi,15.36,2,0,0.0,0.0651,0.0,0.0,0.0
hepsi,15.37,2,0,0.0,0.0651,0.0,0.0,0.0
hepsi,15.38,3,1,0.3333,0.065,5.1267,8.2042,6.1
hepsi,15.39,3,0,0.0,0.065,0.0,0.0,0.0
hepsi,15.40,5,0,0.0,0.0649,0.0,0.0,0.0
hepsi,15.41,5,0,0.0,0.0649,0.0,0.0,0.0
hepsi,15.42,2,0,0.0,0.0649,0.0,0.0,0.0
hepsi,15.43,3,1,0.3333,0.0648,5.1433,8.2308,5.8
hepsi,15.44,3,0,0.0,0.0648,0.0,0.0,0.0
hepsi,15.45,6,0,0.0,0.0647,0.0,0.0,0.0
hepsi,15.46,2,0,0.0,0.0647,0.0,0.0,0.0
hepsi,15.47,5,0,0.0,0.0646,0.0,0.0,0.0
hepsi,15.48,3,1,0.3333,0.0646,5.16,8.2575,8.6667
hepsi,15.49,1,0,0.0,0.0646,0.0,0.0,0.0
hepsi,15.50,1,0,0.0,0.0645,0.0,0.0,0.0
hepsi,15.51,3,0,0.0,0.0645,0.0,0.0,0.0
hepsi,15.52,2,1,0.5,0.0644,7.76,10.7548,9.895
hepsi,15.53,2,0,0.0,0.0644,0.0,0.0,0.0
hepsi,15.54,4,0,0.0,0.0644,0.0,0.0,0.0
hepsi,15.55,2,0,0.0,0.0643,0.0,0.0,0.0
hepsi,15.56,1,0,0.0,0.0643,0.0,0.0,0.0
hepsi,15.57,3,0,0.0,0.0642,0.0,0.0,0.0
hepsi,15.58,3,1,0.3333,0.0642,5.1933,8.3109,7.0
hepsi,15.59,3,0,0.0,0.0641,0.0,0.0,0.0
hepsi,15.60,4,0,0.0,0.0641,0.0,0.0,0.0
hepsi,15.61,5,0,0.0,0.0641,0.0,0.0,0.0
hepsi,15.62,4,0,0.0,0.064,0.0,0.0,0.0
hepsi,15.63,7,1,0.1429,0.064,2.2329,4.0523,3.2857
hepsi,15.64,5,0,0.0,0.0639,0.0,0.0,0.0
hepsi,15.65,7,1,0.1429,0.0639,2.2357,4.0575,2.7143
hepsi,15.66,1,0,0.0,0.0639,0.0,0.0,0.0
hepsi,15.67,7,0,0.0,0.0638,0.0,0.0,0.0
hepsi,15.68,2,0,0.0,0.0638,0.0,0.0,0.0
hepsi,15.69,5,0,0.0,0.0637,0.0,0.0,0.0
hepsi,15.70,6,0,0.0,0.0637,0.0,0.0,0.0
hepsi,15.71,6,0,0.0,0.0637,0.0,0.0,0.0
hepsi,15.72,5,0,0.0,0.0636,0.0,0.0,0.0
hepsi,15.73,5,0,0.0,0.0636,0.0,0.0,0.0
hepsi,15.74,4,0,0.0,0.0635,0.0,0.0,0.0
hepsi,15.75,2,0,0.0,0.0635,0.0,0.0,0.0
hepsi,15.76,2,0,0.0,0.0635,0.0,0.0,0.0
hepsi,15.77,5,0,0.0,0.0634,0.0,0.0,0.0
hepsi,15.78,4,0,0.0,0.0634,0.0,0.0,0.0
hepsi,15.79,5,0,0.0,0.0633,0.0,0.0,0.0
hepsi,15.80,4,0,0.0,0.0633,0.0,0.0,0.0
hepsi,15.81,2,0,0.0,0.0633,0.0,0.0,0.0
hepsi,15.82,1,0,0.0,0.0632,0.0,0.0,0.0
hepsi,15.83,2,0,0.0,0.0632,0.0,0.0,0.0
hepsi,15.84,3,0,0.0,0.0631,0.0,0.0,0.0
hepsi,15.85,1,0,0.0,0.0631,0.0,0.0,0.0
hepsi,15.87,5,0,0.0,0.063,0.0,0.0,0.0
hepsi,15.88,3,0,0.0,0.063,0.0,0.0,0.0
hepsi,15.89,3,0,0.0,0.0629,0.0,0.0,0.0
hepsi,15.90,2,0,0.0,0.0629,0.0,0.0,0.0
hepsi,15.91,4,0,0.0,0.0629,0.0,0.0,0.0
hepsi,15.92,3,1,0.3333,0.0628,5.3067,8.4922,6.3333
hepsi,15.93,1,0,0.0,0.0628,0.0,0.0,0.0
hepsi,15.94,5,0,0.0,0.0627,0.0,0.0,0.0
hepsi,15.95,3,0,0.0,0.0627,0.0,0.0,0.0
hepsi,15.97,5,0,0.0,0.0626,0.0,0.0,0.0
hepsi,15.98,2,0,0.0,0.0626,0.0,0.0,0.0
hepsi,15.99,2,1,0.5,0.0625,7.995,11.0805,9.5
hepsi,16.00,4,0,0.0,0.0625,0.0,0.0,0.0
hepsi,16.01,4,1,0.25,0.0625,4.0025,6.7939,4.75
hepsi,16.02,3,0,0.0,0.0624,0.0,0.0,0.0
hepsi,16.03,3,1,0.3333,0.0624,5.3433,8.5509,6.1033
hepsi,16.04,1,0,0.0,0.0623,0.0,0.0,0.0
hepsi,16.05,2,0,0.0,0.0623,0.0,0.0,0.0
hepsi,16.06,1,0,0.0,0.0623,0.0,0.0,0.0
hepsi,16.07,3,0,0.0,0.0622,0.0,0.0,0.0
hepsi,16.08,3,0,0.0,0.0622,0.0,0.0,0.0
hepsi,16.09,6,1,0.1667,0.0622,2.6817,4.7985,3.5
hepsi,16.10,1,0,0.0,0.0621,0.0,0.0,0.0
hepsi,16.11,5,0,0.0,0.0621,0.0,0.0,0.0
hepsi,16.13,3,0,0.0,0.062,0.0,0.0,0.0
hepsi,16.14,4,0,0.0,0.062,0.0,0.0,0.0
hepsi,16.15,4,0,0.0,0.0619,0.0,0.0,0.0
hepsi,16.16,5,0,0.0,0.0619,0.0,0.0,0.0
hepsi,16.18,3,1,0.3333,0.0618,5.3933,8.6309,6.3333
hepsi,16.19,2,0,0.0,0.0618,0.0,0.0,0.0
hepsi,16.20,2,0,0.0,0.0617,0.0,0.0,0.0
hepsi,16.21,1,0,0.0,0.0617,0.0,0.0,0.0
hepsi,16.22,3,0,0.0,0.0617,0.0,0.0,0.0
hepsi,16.23,1,0,0.0,0.0616,0.0,0.0,0.0
hepsi,16.24,5,0,0.0,0.0616,0.0,0.0,0.0
hepsi,16.25,2,0,0.0,0.0615,0.0,0.0,0.0
hepsi,16.26,4,0,0.0,0.0615,0.0,0.0,0.0
hepsi,16.27,5,0,0.0,0.0615,0.0,0.0,0.0
hepsi,16.28,1,0,0.0,0.0614,0.0,0.0,0.0
hepsi,16.29,2,0,0.0,0.0614,0.0,0.0,0.0
hepsi,16.30,3,0,0.0,0.0613,0.0,0.0,0.0
hepsi,16.31,2,0,0.0,0.0613,0.0,0.0,0.0
hepsi,16.32,4,0,0.0,0.0613,0.0,0.0,0.0
hepsi,16.33,1,0,0.0,0.0612,0.0,0.0,0.0
hepsi,16.34,1,1,1.0,0.0612,16.34,0.0,20.95
hepsi,16.35,5,0,0.0,0.0612,0.0,0.0,0.0
hepsi,16.36,3,0,0.0,0.0611,0.0,0.0,0.0
hepsi,16.37,1,0,0.0,0.0611,0.0,0.0,0.0
hepsi,16.38,5,1,0.2,0.0611,3.276,5.7431,4.2
hepsi,16.39,2,0,0.0,0.061,0.0,0.0,0.0
hepsi,16.40,2,0,0.0,0.061,0.0,0.0,0.0
hepsi,16.41,1,0,0.0,0.0609,0.0,0.0,0.0
hepsi,16.42,1,0,0.0,0.0609,0.0,0.0,0.0
hepsi,16.43,3,0,0.0,0.0609,0.0,0.0,0.0
hepsi,16.44,2,0,0.0,0.0608,0.0,0.0,0.0
hepsi,16.46,7,1,0.1429,0.0608,2.3514,4.2675,3.0
hepsi,16.47,2,0,0.0,0.0607,0.0,0.0,0.0
hepsi,16.48,2,0,0.0,0.0607,0.0,0.0,0.0
hepsi,16.49,1,0,0.0,0.0606,0.0,0.0,0.0
hepsi,16.50,5,0,0.0,0.0606,0.0,0.0,0.0
hepsi,16.51,3,0,0.0,0.0606,0.0,0.0,0.0
hepsi,16.52,1,0,0.0,0.0605,0.0,0.0,0.0
hepsi,16.53,1,0,0.0,0.0605,0.0,0.0,0.0
hepsi,16.54,3,1,0.3333,0.0605,5.5133,8.823,7.0
hepsi,16.55,4,0,0.0,0.0604,0.0,0.0,0.0
hepsi,16.56,2,0,0.0,0.0604,0.0,0.0,0.0
hepsi,16.57,4,0,0.0,0.0604,0.0,0.0,0.0
hepsi,16.58,5,0,0.0,0.0603,0.0,0.0,0.0
hepsi,16.59,2,0,0.0,0.0603,0.0,0.0,0.0
hepsi,16.60,3,0,0.0,0.0602,0.0,0.0,0.0
hepsi,16.61,1,0,0.0,0.0602,0.0,0.0,0.0
hepsi,16.62,1,0,0.0,0.0602,0.0,0.0,0.0
hepsi,16.63,5,0,0.0,0.0601,0.0,0.0,0.0
hepsi,16.64,3,0,0.0,0.0601,0.0,0.0,0.0
hepsi,16.68,3,1,0.3333,0.06,5.56,8.8976,6.6667
hepsi,16.69,1,0,0.0,0.0599,0.0,0.0,0.0
hepsi,16.70,1,0,0.0,0.0599,0.0,0.0,0.0
hepsi,16.71,2,0,0.0,0.0598,0.0,0.0,0.0
hepsi,16.72,3,0,0.0,0.0598,0.0,0.0,0.0
hepsi,16.73,3,1,0.3333,0.0598,5.5767,8.9243,7.1933
hepsi,16.75,6,1,0.1667,0.0597,2.7917,4.9953,3.8333
hepsi,16.76,2,0,0.0,0.0597,0.0,0.0,0.0
hepsi,16.77,4,1,0.25,0.0596,4.1925,7.1164,5.5
hepsi,16.78,4,0,0.0,0.0596,0.0,0.0,0.0
hepsi,16.79,4,0,0.0,0.0596,0.0,0.0,0.0
hepsi,16.80,3,0,0.0,0.0595,0.0,0.0,0.0
hepsi,16.81,2,0,0.0,0.0595,0.0,0.0,0.0
hepsi,16.82,2,0,0.0,0.0595,0.0,0.0,0.0
hepsi,16.83,2,0,0.0,0.0594,0.0,0.0,0.0
hepsi,16.84,4,0,0.0,0.0594,0.0,0.0,0.0
hepsi,16.85,6,0,0.0,0.0593,0.0,0.0,0.0
hepsi,16.86,4,0,0.0,0.0593,0.0,0.0,0.0
hepsi,16.87,4,0,0.0,0.0593,0.0,0.0,0.0
hepsi,16.89,3,0,0.0,0.0592,0.0,0.0,0.0
hepsi,16.90,1,0,0.0,0.0592,0.0,0.0,0.0
hepsi,16.91,2,0,0.0,0.0591,0.0,0.0,0.0
hepsi,16.92,2,0,0.0,0.0591,0.0,0.0,0.0
hepsi,16.93,4,0,0.0,0.0591,0.0,0.0,0.0
hepsi,16.94,3,0,0.0,0.059,0.0,0.0,0.0
hepsi,16.95,1,0,0.0,0.059,0.0,0.0,0.0
hepsi,16.96,1,0,0.0,0.059,0.0,0.0,0.0
hepsi,16.97,3,0,0.0,0.0589,0.0,0.0,0.0
hepsi,16.98,3,1,0.3333,0.0589,5.66,9.0577,6.5633
hepsi,16.99,2,0,0.0,0.0589,0.0,0.0,0.0
hepsi,17.00,5,0,0.0,0.0588,0.0,0.0,0.0
hepsi,17.01,2,0,0.0,0.0588,0.0,0.0,0.0
hepsi,17.02,1,0,0.0,0.0588,0.0,0.0,0.0
hepsi,17.04,2,0,0.0,0.0587,0.0,0.0,0.0
hepsi,17.05,6,0,0.0,0.0587,0.0,0.0,0.0
hepsi,17.06,3,0,0.0,0.0586,0.0,0.0,0.0
hepsi,17.07,1,0,0.0,0.0586,0.0,0.0,0.0
hepsi,17.08,4,0,0.0,0.0585,0.0,0.0,0.0
hepsi,17.09,1,0,0.0,0.0585,0.0,0.0,0.0
hepsi,17.10,2,0,0.0,0.0585,0.0,0.0,0.0
hepsi,17.12,3,0,0.0,0.0584,0.0,0.0,0.0
hepsi,17.14,4,0,0.0,0.0583,0.0,0.0,0.0
hepsi,17.16,4,0,0.0,0.0583,0.0,0.0,0.0
hepsi,17.17,2,0,0.0,0.0582,0.0,0.0,0.0
hepsi,17.19,2,0,0.0,0.0582,0.0,0.0,0.0
hepsi,17.21,6,0,0.0,0.0581,0.0,0.0,0.0
hepsi,17.22,3,0,0.0,0.0581,0.0,0.0,0.0
hepsi,17.23,2,0,0.0,0.058,0.0,0.0,0.0
hepsi,17.24,2,0,0.0,0.058,0.0,0.0,0.0
hepsi,17.25,3,0,0.0,0.058,0.0,0.0,0.0
hepsi,17.26,1,0,0.0,0.0579,0.0,0.0,0.0
hepsi,17.27,3,0,0.0,0.0579,0.0,0.0,0.0
hepsi,17.28,3,0,0.0,0.0579,0.0,0.0,0.0
hepsi,17.30,1,0,0.0,0.0578,0.0,0.0,0.0
hepsi,17.31,2,0,0.0,0.0578,0.0,0.0,0.0
hepsi,17.32,4,0,0.0,0.0577,0.0,0.0,0.0
hepsi,17.33,5,0,0.0,0.0577,0.0,0.0,0.0
hepsi,17.34,2,0,0.0,0.0577,0.0,0.0,0.0
hepsi,17.35,3,0,0.0,0.0576,0.0,0.0,0.0
hepsi,17.37,2,0,0.0,0.0576,0.0,0.0,0.0
hepsi,17.38,4,1,0.25,0.0575,4.345,7.3752,5.25
hepsi,17.41,2,0,0.0,0.0574,0.0,0.0,0.0
hepsi,17.42,4,0,0.0,0.0574,0.0,0.0,0.0
hepsi,17.43,1,0,0.0,0.0574,0.0,0.0,0.0
hepsi,17.44,3,0,0.0,0.0573,0.0,0.0,0.0
hepsi,17.45,3,0,0.0,0.0573,0.0,0.0,0.0
hepsi,17.46,2,0,0.0,0.0573,0.0,0.0,0.0
hepsi,17.47,4,0,0.0,0.0572,0.0,0.0,0.0
hepsi,17.48,2,0,0.0,0.0572,0.0,0.0,0.0
hepsi,17.49,3,0,0.0,0.0572,0.0,0.0,0.0
hepsi,17.50,1,0,0.0,0.0571,0.0,0.0,0.0
hepsi,17.51,2,0,0.0,0.0571,0.0,0.0,0.0
hepsi,17.52,6,0,0.0,0.0571,0.0,0.0,0.0
hepsi,17.53,7,1,0.1429,0.057,2.5043,4.5449,3.2857
hepsi,17.54,1,0,0.0,0.057,0.0,0.0,0.0
hepsi,17.55,3,0,0.0,0.057,0.0,0.0,0.0
hepsi,17.56,3,0,0.0,0.0569,0.0,0.0,0.0
hepsi,17.57,2,0,0.0,0.0569,0.0,0.0,0.0
hepsi,17.58,3,0,0.0,0.0569,0.0,0.0,0.0
hepsi,17.59,4,0,0.0,0.0569,0.0,0.0,0.0
hepsi,17.60,3,0,0.0,0.0568,0.0,0.0,0.0
hepsi,17.61,1,0,0.0,0.0568,0.0,0.0,0.0
hepsi,17.62,3,0,0.0,0.0568,0.0,0.0,0.0
hepsi,17.63,2,0,0.0,0.0567,0.0,0.0,0.0
hepsi,17.64,1,0,0.0,0.0567,0.0,0.0,0.0
hepsi,17.66,1,0,0.0,0.0566,0.0,0.0,0.0
hepsi,17.67,2,0,0.0,0.0566,0.0,0.0,0.0
hepsi,17.68,1,0,0.0,0.0566,0.0,0.0,0.0
hepsi,17.69,1,0,0.0,0.0565,0.0,0.0,0.0
hepsi,17.71,2,0,0.0,0.0565,0.0,0.0,0.0
hepsi,17.72,4,0,0.0,0.0564,0.0,0.0,0.0
hepsi,17.73,4,0,0.0,0.0564,0.0,0.0,0.0
hepsi,17.74,3,0,0.0,0.0564,0.0,0.0,0.0
hepsi,17.75,3,0,0.0,0.0563,0.0,0.0,0.0
hepsi,17.76,2,0,0.0,0.0563,0.0,0.0,0.0
hepsi,17.77,2,0,0.0,0.0563,0.0,0.0,0.0
hepsi,17.78,2,0,0.0,0.0562,0.0,0.0,0.0
hepsi,17.79,1,0,0.0,0.0562,0.0,0.0,0.0
hepsi,17.80,2,1,0.5,0.0562,8.9,12.3348,11.975
hepsi,17.81,1,0,0.0,0.0561,0.0,0.0,0.0
hepsi,17.82,1,0,0.0,0.0561,0.0,0.0,0.0
hepsi,17.83,2,0,0.0,0.0561,0.0,0.0,0.0
hepsi,17.84,2,0,0.0,0.0561,0.0,0.0,0.0
hepsi,17.85,2,0,0.0,0.056,0.0,0.0,0.0
hepsi,17.86,3,0,0.0,0.056,0.0,0.0,0.0
hepsi,17.87,2,1,0.5,0.056,8.935,12.3833,11.5
hepsi,17.88,5,0,0.0,0.0559,0.0,0.0,0.0
hepsi,17.89,1,0,0.0,0.0559,0.0,0.0,0.0
hepsi,17.90,3,0,0.0,0.0559,0.0,0.0,0.0
hepsi,17.91,1,0,0.0,0.0558,0.0,0.0,0.0
hepsi,17.92,1,0,0.0,0.0558,0.0,0.0,0.0
hepsi,17.93,2,0,0.0,0.0558,0.0,0.0,0.0
hepsi,17.94,2,0,0.0,0.0557,0.0,0.0,0.0
hepsi,17.95,2,0,0.0,0.0557,0.0,0.0,0.0
hepsi,17.96,5,0,0.0,0.0557,0.0,0.0,0.0
hepsi,17.97,2,0,0.0,0.0556,0.0,0.0,0.0
hepsi,17.98,4,0,0.0,0.0556,0.0,0.0,0.0
hepsi,17.99,1,0,0.0,0.0556,0.0,0.0,0.0
hepsi,18.00,4,0,0.0,0.0556,0.0,0.0,0.0
hepsi,18.02,1,1,1.0,0.0555,18.02,0.0,20.5
hepsi,18.03,2,0,0.0,0.0555,0.0,0.0,0.0
hepsi,18.04,1,0,0.0,0.0554,0.0,0.0,0.0
hepsi,18.06,3,0,0.0,0.0554,0.0,0.0,0.0
hepsi,18.07,1,0,0.0,0.0553,0.0,0.0,0.0
hepsi,18.08,3,0,0.0,0.0553,0.0,0.0,0.0
hepsi,18.09,1,0,0.0,0.0553,0.0,0.0,0.0
hepsi,18.10,3,0,0.0,0.0552,0.0,0.0,0.0
hepsi,18.11,4,0,0.0,0.0552,0.0,0.0,0.0
hepsi,18.12,1,0,0.0,0.0552,0.0,0.0,0.0
hepsi,18.13,1,0,0.0,0.0552,0.0,0.0,0.0
hepsi,18.15,1,0,0.0,0.0551,0.0,0.0,0.0
hepsi,18.16,1,0,0.0,0.0551,0.0,0.0,0.0
hepsi,18.19,6,0,0.0,0.055,0.0,0.0,0.0
hepsi,18.20,1,0,0.0,0.0549,0.0,0.0,0.0
hepsi,18.21,1,0,0.0,0.0549,0.0,0.0,0.0
hepsi,18.22,1,0,0.0,0.0549,0.0,0.0,0.0
hepsi,18.23,2,0,0.0,0.0549,0.0,0.0,0.0
hepsi,18.24,1,0,0.0,0.0548,0.0,0.0,0.0
hepsi,18.26,2,0,0.0,0.0548,0.0,0.0,0.0
hepsi,18.27,3,0,0.0,0.0547,0.0,0.0,0.0
hepsi,18.29,4,0,0.0,0.0547,0.0,0.0,0.0
hepsi,18.30,2,0,0.0,0.0546,0.0,0.0,0.0
hepsi,18.31,3,0,0.0,0.0546,0.0,0.0,0.0
hepsi,18.32,1,0,0.0,0.0546,0.0,0.0,0.0
hepsi,18.33,2,0,0.0,0.0546,0.0,0.0,0.0
hepsi,18.34,5,0,0.0,0.0545,0.0,0.0,0.0
hepsi,18.36,4,0,0.0,0.0545,0.0,0.0,0.0
hepsi,18.37,1,0,0.0,0.0544,0.0,0.0,0.0
hepsi,18.38,2,0,0.0,0.0544,0.0,0.0,0.0
hepsi,18.39,2,0,0.0,0.0544,0.0,0.0,0.0
hepsi,18.40,3,0,0.0,0.0543,0.0,0.0,0.0
hepsi,18.41,2,0,0.0,0.0543,0.0,0.0,0.0
hepsi,18.42,3,0,0.0,0.0543,0.0,0.0,0.0
hepsi,18.43,2,0,0.0,0.0543,0.0,0.0,0.0
hepsi,18.44,2,0,0.0,0.0542,0.0,0.0,0.0
hepsi,18.45,2,0,0.0,0.0542,0.0,0.0,0.0
hepsi,18.46,1,0,0.0,0.0542,0.0,0.0,0.0
hepsi,18.47,1,0,0.0,0.0541,0.0,0.0,0.0
hepsi,18.49,1,0,0.0,0.0541,0.0,0.0,0.0
hepsi,18.50,1,0,0.0,0.0541,0.0,0.0,0.0
hepsi,18.51,1,0,0.0,0.054,0.0,0.0,0.0
hepsi,18.53,3,0,0.0,0.054,0.0,0.0,0.0
hepsi,18.54,2,1,0.5,0.0539,9.27,12.8476,10.5
hepsi,18.56,5,0,0.0,0.0539,0.0,0.0,0.0
hepsi,18.59,5,0,0.0,0.0538,0.0,0.0,0.0
hepsi,18.60,3,1,0.3333,0.0538,6.2,9.9218,8.6667
hepsi,18.61,2,0,0.0,0.0537,0.0,0.0,0.0
hepsi,18.62,1,0,0.0,0.0537,0.0,0.0,0.0
hepsi,18.63,2,0,0.0,0.0537,0.0,0.0,0.0
hepsi,18.64,4,0,0.0,0.0536,0.0,0.0,0.0
hepsi,18.65,1,0,0.0,0.0536,0.0,0.0,0.0
hepsi,18.69,4,0,0.0,0.0535,0.0,0.0,0.0
hepsi,18.70,1,0,0.0,0.0535,0.0,0.0,0.0
hepsi,18.71,1,0,0.0,0.0534,0.0,0.0,0.0
hepsi,18.72,3,0,0.0,0.0534,0.0,0.0,0.0
hepsi,18.73,2,0,0.0,0.0534,0.0,0.0,0.0
hepsi,18.74,2,0,0.0,0.0534,0.0,0.0,0.0
hepsi,18.75,2,0,0.0,0.0533,0.0,0.0,0.0
hepsi,18.76,1,1,1.0,0.0533,18.76,0.0,23.0
hepsi,18.77,1,0,0.0,0.0533,0.0,0.0,0.0
hepsi,18.78,2,0,0.0,0.0532,0.0,0.0,0.0
hepsi,18.79,2,0,0.0,0.0532,0.0,0.0,0.0
hepsi,18.80,3,0,0.0,0.0532,0.0,0.0,0.0
hepsi,18.81,4,0,0.0,0.0532,0.0,0.0,0.0
hepsi,18.83,3,0,0.0,0.0531,0.0,0.0,0.0
hepsi,18.84,3,0,0.0,0.0531,0.0,0.0,0.0
hepsi,18.86,3,0,0.0,0.053,0.0,0.0,0.0
hepsi,18.87,1,0,0.0,0.053,0.0,0.0,0.0
hepsi,18.88,1,0,0.0,0.053,0.0,0.0,0.0
hepsi,18.89,2,0,0.0,0.0529,0.0,0.0,0.0
hepsi,18.90,1,0,0.0,0.0529,0.0,0.0,0.0
hepsi,18.91,2,0,0.0,0.0529,0.0,0.0,0.0
hepsi,18.92,2,0,0.0,0.0529,0.0,0.0,0.0
hepsi,18.93,1,0,0.0,0.0528,0.0,0.0,0.0
hepsi,18.94,1,0,0.0,0.0528,0.0,0.0,0.0
hepsi,18.96,5,0,0.0,0.0527,0.0,0.0,0.0
hepsi,18.98,2,0,0.0,0.0527,0.0,0.0,0.0
hepsi,18.99,2,0,0.0,0.0527,0.0,0.0,0.0
hepsi,19.00,2,0,0.0,0.0526,0.0,0.0,0.0
hepsi,19.01,1,0,0.0,0.0526,0.0,0.0,0.0
hepsi,19.02,2,0,0.0,0.0526,0.0,0.0,0.0
hepsi,19.03,2,0,0.0,0.0525,0.0,0.0,0.0
hepsi,19.04,1,0,0.0,0.0525,0.0,0.0,0.0
hepsi,19.06,1,0,0.0,0.0525,0.0,0.0,0.0
hepsi,19.07,1,0,0.0,0.0524,0.0,0.0,0.0
hepsi,19.09,1,0,0.0,0.0524,0.0,0.0,0.0
hepsi,19.10,1,0,0.0,0.0524,0.0,0.0,0.0
hepsi,19.12,1,0,0.0,0.0523,0.0,0.0,0.0
hepsi,19.14,2,0,0.0,0.0522,0.0,0.0,0.0
hepsi,19.15,2,0,0.0,0.0522,0.0,0.0,0.0
hepsi,19.16,1,0,0.0,0.0522,0.0,0.0,0.0
hepsi,19.17,2,0,0.0,0.0522,0.0,0.0,0.0
hepsi,19.18,2,0,0.0,0.0521,0.0,0.0,0.0
hepsi,19.19,1,0,0.0,0.0521,0.0,0.0,0.0
hepsi,19.20,4,0,0.0,0.0521,0.0,0.0,0.0
hepsi,19.21,2,0,0.0,0.0521,0.0,0.0,0.0
hepsi,19.22,2,0,0.0,0.052,0.0,0.0,0.0
hepsi,19.23,3,0,0.0,0.052,0.0,0.0,0.0
hepsi,19.24,1,0,0.0,0.052,0.0,0.0,0.0
hepsi,19.25,2,0,0.0,0.0519,0.0,0.0,0.0
hepsi,19.27,1,0,0.0,0.0519,0.0,0.0,0.0
hepsi,19.28,2,0,0.0,0.0519,0.0,0.0,0.0
hepsi,19.30,1,0,0.0,0.0518,0.0,0.0,0.0
hepsi,19.31,2,0,0.0,0.0518,0.0,0.0,0.0
hepsi,19.33,2,0,0.0,0.0517,0.0,0.0,0.0
hepsi,19.36,1,0,0.0,0.0517,0.0,0.0,0.0
hepsi,19.37,1,0,0.0,0.0516,0.0,0.0,0.0
hepsi,19.38,1,0,0.0,0.0516,0.0,0.0,0.0
hepsi,19.39,2,0,0.0,0.0516,0.0,0.0,0.0
hepsi,19.40,2,0,0.0,0.0515,0.0,0.0,0.0
hepsi,19.41,1,1,1.0,0.0515,19.41,0.0,23.45
hepsi,19.42,1,0,0.0,0.0515,0.0,0.0,0.0
hepsi,19.44,2,0,0.0,0.0514,0.0,0.0,0.0
hepsi,19.46,2,0,0.0,0.0514,0.0,0.0,0.0
hepsi,19.47,2,0,0.0,0.0514,0.0,0.0,0.0
hepsi,19.49,1,1,1.0,0.0513,19.49,0.0,25.14
hepsi,19.50,1,0,0.0,0.0513,0.0,0.0,0.0
hepsi,19.51,1,0,0.0,0.0513,0.0,0.0,0.0
hepsi,19.52,2,0,0.0,0.0512,0.0,0.0,0.0
hepsi,19.53,1,0,0.0,0.0512,0.0,0.0,0.0
hepsi,19.54,1,0,0.0,0.0512,0.0,0.0,0.0
hepsi,19.55,3,0,0.0,0.0512,0.0,0.0,0.0
hepsi,19.56,1,0,0.0,0.0511,0.0,0.0,0.0
hepsi,19.57,2,1,0.5,0.0511,9.785,13.5613,12.0
hepsi,19.58,1,0,0.0,0.0511,0.0,0.0,0.0
hepsi,19.59,4,0,0.0,0.051,0.0,0.0,0.0
hepsi,19.60,4,0,0.0,0.051,0.0,0.0,0.0
hepsi,19.61,3,0,0.0,0.051,0.0,0.0,0.0
hepsi,19.63,1,0,0.0,0.0509,0.0,0.0,0.0
hepsi,19.64,2,0,0.0,0.0509,0.0,0.0,0.0
hepsi,19.65,1,0,0.0,0.0509,0.0,0.0,0.0
hepsi,19.66,1,0,0.0,0.0509,0.0,0.0,0.0
hepsi,19.68,2,0,0.0,0.0508,0.0,0.0,0.0
hepsi,19.69,3,0,0.0,0.0508,0.0,0.0,0.0
hepsi,19.70,1,0,0.0,0.0508,0.0,0.0,0.0
hepsi,19.71,3,0,0.0,0.0507,0.0,0.0,0.0
hepsi,19.72,2,1,0.5,0.0507,9.86,13.6653,11.5
hepsi,19.73,1,0,0.0,0.0507,0.0,0.0,0.0
hepsi,19.74,2,1,0.5,0.0507,9.87,13.6791,13.5
hepsi,19.76,1,0,0.0,0.0506,0.0,0.0,0.0
hepsi,19.77,1,0,0.0,0.0506,0.0,0.0,0.0
hepsi,19.78,3,0,0.0,0.0506,0.0,0.0,0.0
hepsi,19.79,4,0,0.0,0.0505,0.0,0.0,0.0
hepsi,19.81,1,0,0.0,0.0505,0.0,0.0,0.0
hepsi,19.82,1,0,0.0,0.0505,0.0,0.0,0.0
hepsi,19.83,1,0,0.0,0.0504,0.0,0.0,0.0
hepsi,19.84,1,0,0.0,0.0504,0.0,0.0,0.0
hepsi,19.85,2,0,0.0,0.0504,0.0,0.0,0.0
hepsi,19.86,1,1,1.0,0.0504,19.86,0.0,26.0
hepsi,19.87,2,1,0.5,0.0503,9.935,13.7692,11.5
hepsi,19.88,1,0,0.0,0.0503,0.0,0.0,0.0
hepsi,19.89,4,1,0.25,0.0503,4.9725,8.4404,6.25
hepsi,19.90,1,0,0.0,0.0503,0.0,0.0,0.0
hepsi,19.91,2,0,0.0,0.0502,0.0,0.0,0.0
hepsi,19.92,1,0,0.0,0.0502,0.0,0.0,0.0
hepsi,19.93,1,0,0.0,0.0502,0.0,0.0,0.0
hepsi,19.95,3,0,0.0,0.0501,0.0,0.0,0.0
hepsi,19.96,1,0,0.0,0.0501,0.0,0.0,0.0
hepsi,19.97,2,0,0.0,0.0501,0.0,0.0,0.0
hepsi,19.98,1,0,0.0,0.0501,0.0,0.0,0.0
hepsi,19.99,1,0,0.0,0.05,0.0,0.0,0.0
hepsi,20.00,2,0,0.0,0.05,0.0,0.0,0.0
hepsi,20.01,1,0,0.0,0.05,0.0,0.0,0.0
hepsi,20.03,1,0,0.0,0.0499,0.0,0.0,0.0
hepsi,20.04,2,0,0.0,0.0499,0.0,0.0,0.0
hepsi,20.05,2,0,0.0,0.0499,0.0,0.0,0.0
hepsi,20.08,2,0,0.0,0.0498,0.0,0.0,0.0
hepsi,20.09,1,0,0.0,0.0498,0.0,0.0,0.0
hepsi,20.10,2,0,0.0,0.0498,0.0,0.0,0.0
hepsi,20.11,2,0,0.0,0.0497,0.0,0.0,0.0
hepsi,20.12,1,0,0.0,0.0497,0.0,0.0,0.0
hepsi,20.14,3,1,0.3333,0.0497,6.7133,10.7433,7.6667
hepsi,20.15,1,0,0.0,0.0496,0.0,0.0,0.0
hepsi,20.18,2,0,0.0,0.0496,0.0,0.0,0.0
hepsi,20.24,1,0,0.0,0.0494,0.0,0.0,0.0
hepsi,20.26,1,1,1.0,0.0494,20.26,0.0,24.0
hepsi,20.27,1,0,0.0,0.0493,0.0,0.0,0.0
hepsi,20.28,1,0,0.0,0.0493,0.0,0.0,0.0
hepsi,20.30,1,0,0.0,0.0493,0.0,0.0,0.0
hepsi,20.31,1,0,0.0,0.0492,0.0,0.0,0.0
hepsi,20.32,1,0,0.0,0.0492,0.0,0.0,0.0
hepsi,20.33,3,1,0.3333,0.0492,6.7767,10.8447,9.6667
hepsi,20.34,2,0,0.0,0.0492,0.0,0.0,0.0
hepsi,20.35,2,0,0.0,0.0491,0.0,0.0,0.0
hepsi,20.36,2,0,0.0,0.0491,0.0,0.0,0.0
hepsi,20.38,3,0,0.0,0.0491,0.0,0.0,0.0
hepsi,20.39,3,0,0.0,0.049,0.0,0.0,0.0
hepsi,20.42,1,0,0.0,0.049,0.0,0.0,0.0
hepsi,20.43,1,0,0.0,0.0489,0.0,0.0,0.0
hepsi,20.45,1,0,0.0,0.0489,0.0,0.0,0.0
hepsi,20.47,1,0,0.0,0.0489,0.0,0.0,0.0
hepsi,20.48,2,0,0.0,0.0488,0.0,0.0,0.0
hepsi,20.49,1,0,0.0,0.0488,0.0,0.0,0.0
hepsi,20.51,3,0,0.0,0.0488,0.0,0.0,0.0
hepsi,20.53,2,0,0.0,0.0487,0.0,0.0,0.0
hepsi,20.55,2,0,0.0,0.0487,0.0,0.0,0.0
hepsi,20.56,2,0,0.0,0.0486,0.0,0.0,0.0
hepsi,20.57,2,0,0.0,0.0486,0.0,0.0,0.0
hepsi,20.58,1,1,1.0,0.0486,20.58,0.0,26.0
hepsi,20.59,4,0,0.0,0.0486,0.0,0.0,0.0
hepsi,20.60,1,0,0.0,0.0485,0.0,0.0,0.0
hepsi,20.62,3,0,0.0,0.0485,0.0,0.0,0.0
hepsi,20.63,3,0,0.0,0.0485,0.0,0.0,0.0
hepsi,20.64,3,0,0.0,0.0484,0.0,0.0,0.0
hepsi,20.65,2,0,0.0,0.0484,0.0,0.0,0.0
hepsi,20.66,1,0,0.0,0.0484,0.0,0.0,0.0
hepsi,20.68,1,0,0.0,0.0484,0.0,0.0,0.0
hepsi,20.69,1,0,0.0,0.0483,0.0,0.0,0.0
hepsi,20.70,1,0,0.0,0.0483,0.0,0.0,0.0
hepsi,20.71,1,0,0.0,0.0483,0.0,0.0,0.0
hepsi,20.72,1,0,0.0,0.0483,0.0,0.0,0.0
hepsi,20.74,5,0,0.0,0.0482,0.0,0.0,0.0
hepsi,20.75,3,1,0.3333,0.0482,6.9167,11.0687,8.6667
hepsi,20.76,1,0,0.0,0.0482,0.0,0.0,0.0
hepsi,20.78,1,0,0.0,0.0481,0.0,0.0,0.0
hepsi,20.79,1,0,0.0,0.0481,0.0,0.0,0.0
hepsi,20.80,1,0,0.0,0.0481,0.0,0.0,0.0
hepsi,20.81,1,0,0.0,0.0481,0.0,0.0,0.0
hepsi,20.82,1,0,0.0,0.048,0.0,0.0,0.0
hepsi,20.83,2,0,0.0,0.048,0.0,0.0,0.0
hepsi,20.84,4,0,0.0,0.048,0.0,0.0,0.0
hepsi,20.85,1,0,0.0,0.048,0.0,0.0,0.0
hepsi,20.89,2,0,0.0,0.0479,0.0,0.0,0.0
hepsi,20.90,1,0,0.0,0.0478,0.0,0.0,0.0
hepsi,20.91,1,0,0.0,0.0478,0.0,0.0,0.0
hepsi,20.92,1,0,0.0,0.0478,0.0,0.0,0.0
hepsi,20.93,2,0,0.0,0.0478,0.0,0.0,0.0
hepsi,20.94,1,0,0.0,0.0478,0.0,0.0,0.0
hepsi,20.95,2,0,0.0,0.0477,0.0,0.0,0.0
hepsi,20.96,1,0,0.0,0.0477,0.0,0.0,0.0
hepsi,20.98,1,0,0.0,0.0477,0.0,0.0,0.0
hepsi,20.99,2,0,0.0,0.0476,0.0,0.0,0.0
hepsi,21.00,1,0,0.0,0.0476,0.0,0.0,0.0
hepsi,21.01,1,0,0.0,0.0476,0.0,0.0,0.0
hepsi,21.02,1,0,0.0,0.0476,0.0,0.0,0.0
hepsi,21.03,2,0,0.0,0.0476,0.0,0.0,0.0
hepsi,21.04,2,0,0.0,0.0475,0.0,0.0,0.0
hepsi,21.05,3,0,0.0,0.0475,0.0,0.0,0.0
hepsi,21.08,1,0,0.0,0.0474,0.0,0.0,0.0
hepsi,21.10,1,0,0.0,0.0474,0.0,0.0,0.0
hepsi,21.12,1,0,0.0,0.0473,0.0,0.0,0.0
hepsi,21.14,2,0,0.0,0.0473,0.0,0.0,0.0
hepsi,21.18,1,0,0.0,0.0472,0.0,0.0,0.0
hepsi,21.19,1,0,0.0,0.0472,0.0,0.0,0.0
hepsi,21.20,1,0,0.0,0.0472,0.0,0.0,0.0
hepsi,21.21,3,0,0.0,0.0471,0.0,0.0,0.0
hepsi,21.22,1,0,0.0,0.0471,0.0,0.0,0.0
hepsi,21.23,1,0,0.0,0.0471,0.0,0.0,0.0
hepsi,21.24,3,0,0.0,0.0471,0.0,0.0,0.0
hepsi,21.25,2,0,0.0,0.0471,0.0,0.0,0.0
hepsi,21.27,1,0,0.0,0.047,0.0,0.0,0.0
hepsi,21.28,1,0,0.0,0.047,0.0,0.0,0.0
hepsi,21.30,1,0,0.0,0.0469,0.0,0.0,0.0
hepsi,21.35,1,0,0.0,0.0468,0.0,0.0,0.0
hepsi,21.36,1,0,0.0,0.0468,0.0,0.0,0.0
hepsi,21.37,1,0,0.0,0.0468,0.0,0.0,0.0
hepsi,21.39,2,0,0.0,0.0468,0.0,0.0,0.0
hepsi,21.40,1,0,0.0,0.0467,0.0,0.0,0.0
hepsi,21.43,3,0,0.0,0.0467,0.0,0.0,0.0
hepsi,21.47,2,0,0.0,0.0466,0.0,0.0,0.0
hepsi,21.48,1,0,0.0,0.0466,0.0,0.0,0.0
hepsi,21.50,4,0,0.0,0.0465,0.0,0.0,0.0
hepsi,21.51,3,0,0.0,0.0465,0.0,0.0,0.0
hepsi,21.52,4,0,0.0,0.0465,0.0,0.0,0.0
hepsi,21.53,1,0,0.0,0.0464,0.0,0.0,0.0
hepsi,21.54,1,0,0.0,0.0464,0.0,0.0,0.0
hepsi,21.55,1,0,0.0,0.0464,0.0,0.0,0.0
hepsi,21.56,1,0,0.0,0.0464,0.0,0.0,0.0
hepsi,21.57,1,0,0.0,0.0464,0.0,0.0,0.0
hepsi,21.59,1,0,0.0,0.0463,0.0,0.0,0.0
hepsi,21.63,2,0,0.0,0.0462,0.0,0.0,0.0
hepsi,21.65,3,0,0.0,0.0462,0.0,0.0,0.0
hepsi,21.67,1,0,0.0,0.0461,0.0,0.0,0.0
hepsi,21.71,1,0,0.0,0.0461,0.0,0.0,0.0
hepsi,21.72,1,0,0.0,0.046,0.0,0.0,0.0
hepsi,21.73,1,0,0.0,0.046,0.0,0.0,0.0
hepsi,21.75,1,0,0.0,0.046,0.0,0.0,0.0
hepsi,21.79,2,0,0.0,0.0459,0.0,0.0,0.0
hepsi,21.80,3,0,0.0,0.0459,0.0,0.0,0.0
hepsi,21.82,1,0,0.0,0.0458,0.0,0.0,0.0
hepsi,21.83,1,0,0.0,0.0458,0.0,0.0,0.0
hepsi,21.88,2,0,0.0,0.0457,0.0,0.0,0.0
hepsi,21.89,2,0,0.0,0.0457,0.0,0.0,0.0
hepsi,21.91,1,0,0.0,0.0456,0.0,0.0,0.0
hepsi,21.93,1,0,0.0,0.0456,0.0,0.0,0.0
hepsi,21.94,1,0,0.0,0.0456,0.0,0.0,0.0
hepsi,21.95,2,0,0.0,0.0456,0.0,0.0,0.0
hepsi,21.98,1,1,1.0,0.0455,21.98,0.0,41.0
hepsi,21.99,1,0,0.0,0.0455,0.0,0.0,0.0
hepsi,22.01,2,0,0.0,0.0454,0.0,0.0,0.0
hepsi,22.03,1,0,0.0,0.0454,0.0,0.0,0.0
hepsi,22.04,2,0,0.0,0.0454,0.0,0.0,0.0
hepsi,22.05,1,0,0.0,0.0454,0.0,0.0,0.0
hepsi,22.06,2,0,0.0,0.0453,0.0,0.0,0.0
hepsi,22.07,1,0,0.0,0.0453,0.0,0.0,0.0
hepsi,22.12,2,0,0.0,0.0452,0.0,0.0,0.0
hepsi,22.13,1,0,0.0,0.0452,0.0,0.0,0.0
hepsi,22.14,1,0,0.0,0.0452,0.0,0.0,0.0
hepsi,22.15,2,0,0.0,0.0451,0.0,0.0,0.0
hepsi,22.16,1,0,0.0,0.0451,0.0,0.0,0.0
hepsi,22.18,1,0,0.0,0.0451,0.0,0.0,0.0
hepsi,22.20,1,0,0.0,0.045,0.0,0.0,0.0
hepsi,22.22,1,0,0.0,0.045,0.0,0.0,0.0
hepsi,22.23,2,0,0.0,0.045,0.0,0.0,0.0
hepsi,22.24,2,0,0.0,0.045,0.0,0.0,0.0
hepsi,22.25,1,0,0.0,0.0449,0.0,0.0,0.0
hepsi,22.27,1,0,0.0,0.0449,0.0,0.0,0.0
hepsi,22.29,3,0,0.0,0.0449,0.0,0.0,0.0
hepsi,22.31,2,0,0.0,0.0448,0.0,0.0,0.0
hepsi,22.32,1,0,0.0,0.0448,0.0,0.0,0.0
hepsi,22.33,1,0,0.0,0.0448,0.0,0.0,0.0
hepsi,22.34,1,0,0.0,0.0448,0.0,0.0,0.0
hepsi,22.35,2,1,0.5,0.0447,11.175,15.4878,14.5
hepsi,22.37,1,0,0.0,0.0447,0.0,0.0,0.0
hepsi,22.40,2,0,0.0,0.0446,0.0,0.0,0.0
hepsi,22.41,1,0,0.0,0.0446,0.0,0.0,0.0
hepsi,22.43,2,0,0.0,0.0446,0.0,0.0,0.0
hepsi,22.44,1,0,0.0,0.0446,0.0,0.0,0.0
hepsi,22.45,1,0,0.0,0.0445,0.0,0.0,0.0
hepsi,22.46,2,0,0.0,0.0445,0.0,0.0,0.0
hepsi,22.47,1,0,0.0,0.0445,0.0,0.0,0.0
hepsi,22.52,1,0,0.0,0.0444,0.0,0.0,0.0
hepsi,22.54,1,0,0.0,0.0444,0.0,0.0,0.0
hepsi,22.55,1,0,0.0,0.0443,0.0,0.0,0.0
hepsi,22.56,2,0,0.0,0.0443,0.0,0.0,0.0
hepsi,22.59,1,0,0.0,0.0443,0.0,0.0,0.0
hepsi,22.60,1,0,0.0,0.0442,0.0,0.0,0.0
hepsi,22.62,2,0,0.0,0.0442,0.0,0.0,0.0
hepsi,22.64,1,0,0.0,0.0442,0.0,0.0,0.0
hepsi,22.65,1,0,0.0,0.0442,0.0,0.0,0.0
hepsi,22.68,1,0,0.0,0.0441,0.0,0.0,0.0
hepsi,22.69,1,0,0.0,0.0441,0.0,0.0,0.0
hepsi,22.72,1,0,0.0,0.044,0.0,0.0,0.0
hepsi,22.73,1,0,0.0,0.044,0.0,0.0,0.0
hepsi,22.75,1,0,0.0,0.044,0.0,0.0,0.0
hepsi,22.77,1,0,0.0,0.0439,0.0,0.0,0.0
hepsi,22.78,2,0,0.0,0.0439,0.0,0.0,0.0
hepsi,22.80,2,0,0.0,0.0439,0.0,0.0,0.0
hepsi,22.81,2,0,0.0,0.0438,0.0,0.0,0.0
hepsi,22.82,2,0,0.0,0.0438,0.0,0.0,0.0
hepsi,22.83,1,0,0.0,0.0438,0.0,0.0,0.0
hepsi,22.85,2,0,0.0,0.0438,0.0,0.0,0.0
hepsi,22.86,2,0,0.0,0.0437,0.0,0.0,0.0
hepsi,22.88,1,0,0.0,0.0437,0.0,0.0,0.0
hepsi,22.91,1,0,0.0,0.0436,0.0,0.0,0.0
hepsi,22.92,2,0,0.0,0.0436,0.0,0.0,0.0
hepsi,22.93,1,0,0.0,0.0436,0.0,0.0,0.0
hepsi,22.94,1,0,0.0,0.0436,0.0,0.0,0.0
hepsi,22.95,1,0,0.0,0.0436,0.0,0.0,0.0
hepsi,23.00,1,0,0.0,0.0435,0.0,0.0,0.0
hepsi,23.03,1,0,0.0,0.0434,0.0,0.0,0.0
hepsi,23.09,1,0,0.0,0.0433,0.0,0.0,0.0
hepsi,23.11,1,0,0.0,0.0433,0.0,0.0,0.0
hepsi,23.12,1,0,0.0,0.0433,0.0,0.0,0.0
hepsi,23.13,1,0,0.0,0.0432,0.0,0.0,0.0
hepsi,23.15,1,0,0.0,0.0432,0.0,0.0,0.0
hepsi,23.16,1,0,0.0,0.0432,0.0,0.0,0.0
hepsi,23.19,1,0,0.0,0.0431,0.0,0.0,0.0
hepsi,23.23,1,0,0.0,0.043,0.0,0.0,0.0
hepsi,23.25,1,0,0.0,0.043,0.0,0.0,0.0
hepsi,23.28,2,0,0.0,0.043,0.0,0.0,0.0
hepsi,23.29,1,0,0.0,0.0429,0.0,0.0,0.0
hepsi,23.30,1,0,0.0,0.0429,0.0,0.0,0.0
hepsi,23.35,1,0,0.0,0.0428,0.0,0.0,0.0
hepsi,23.39,1,0,0.0,0.0428,0.0,0.0,0.0
hepsi,23.40,1,0,0.0,0.0427,0.0,0.0,0.0
hepsi,23.41,1,0,0.0,0.0427,0.0,0.0,0.0
hepsi,23.43,1,0,0.0,0.0427,0.0,0.0,0.0
hepsi,23.44,1,0,0.0,0.0427,0.0,0.0,0.0
hepsi,23.46,1,0,0.0,0.0426,0.0,0.0,0.0
hepsi,23.48,1,0,0.0,0.0426,0.0,0.0,0.0
hepsi,23.50,2,0,0.0,0.0426,0.0,0.0,0.0
hepsi,23.51,1,0,0.0,0.0425,0.0,0.0,0.0
hepsi,23.54,2,0,0.0,0.0425,0.0,0.0,0.0
hepsi,23.58,1,0,0.0,0.0424,0.0,0.0,0.0
hepsi,23.62,1,0,0.0,0.0423,0.0,0.0,0.0
hepsi,23.64,1,0,0.0,0.0423,0.0,0.0,0.0
hepsi,23.65,1,0,0.0,0.0423,0.0,0.0,0.0
hepsi,23.69,1,0,0.0,0.0422,0.0,0.0,0.0
hepsi,23.71,2,0,0.0,0.0422,0.0,0.0,0.0
hepsi,23.72,2,0,0.0,0.0422,0.0,0.0,0.0
hepsi,23.73,1,0,0.0,0.0421,0.0,0.0,0.0
hepsi,23.77,1,0,0.0,0.0421,0.0,0.0,0.0
hepsi,23.78,1,0,0.0,0.0421,0.0,0.0,0.0
hepsi,23.83,1,0,0.0,0.042,0.0,0.0,0.0
hepsi,23.87,1,0,0.0,0.0419,0.0,0.0,0.0
hepsi,23.88,1,0,0.0,0.0419,0.0,0.0,0.0
hepsi,23.91,1,0,0.0,0.0418,0.0,0.0,0.0
hepsi,23.99,1,0,0.0,0.0417,0.0,0.0,0.0
hepsi,24.00,1,0,0.0,0.0417,0.0,0.0,0.0
hepsi,24.01,1,0,0.0,0.0416,0.0,0.0,0.0
hepsi,24.05,2,0,0.0,0.0416,0.0,0.0,0.0
hepsi,24.07,2,0,0.0,0.0415,0.0,0.0,0.0
hepsi,24.10,1,0,0.0,0.0415,0.0,0.0,0.0
hepsi,24.11,2,0,0.0,0.0415,0.0,0.0,0.0
hepsi,24.12,2,0,0.0,0.0415,0.0,0.0,0.0
hepsi,24.13,2,0,0.0,0.0414,0.0,0.0,0.0
hepsi,24.15,2,0,0.0,0.0414,0.0,0.0,0.0
hepsi,24.19,1,0,0.0,0.0413,0.0,0.0,0.0
hepsi,24.20,2,0,0.0,0.0413,0.0,0.0,0.0
hepsi,24.21,1,0,0.0,0.0413,0.0,0.0,0.0
hepsi,24.22,1,0,0.0,0.0413,0.0,0.0,0.0
hepsi,24.24,1,0,0.0,0.0413,0.0,0.0,0.0
hepsi,24.26,4,0,0.0,0.0412,0.0,0.0,0.0
hepsi,24.32,1,1,1.0,0.0411,24.32,0.0,29.0
hepsi,24.33,1,0,0.0,0.0411,0.0,0.0,0.0
hepsi,24.34,1,0,0.0,0.0411,0.0,0.0,0.0
hepsi,24.38,1,0,0.0,0.041,0.0,0.0,0.0
hepsi,24.41,1,1,1.0,0.041,24.41,0.0,34.0
hepsi,24.42,2,0,0.0,0.041,0.0,0.0,0.0
hepsi,24.44,1,0,0.0,0.0409,0.0,0.0,0.0
hepsi,24.50,2,0,0.0,0.0408,0.0,0.0,0.0
hepsi,24.54,1,0,0.0,0.0407,0.0,0.0,0.0
hepsi,24.55,1,0,0.0,0.0407,0.0,0.0,0.0
hepsi,24.56,2,0,0.0,0.0407,0.0,0.0,0.0
hepsi,24.60,1,0,0.0,0.0407,0.0,0.0,0.0
hepsi,24.61,1,0,0.0,0.0406,0.0,0.0,0.0
hepsi,24.62,1,0,0.0,0.0406,0.0,0.0,0.0
hepsi,24.64,4,0,0.0,0.0406,0.0,0.0,0.0
hepsi,24.66,2,0,0.0,0.0406,0.0,0.0,0.0
hepsi,24.67,1,0,0.0,0.0405,0.0,0.0,0.0
hepsi,24.69,2,0,0.0,0.0405,0.0,0.0,0.0
hepsi,24.73,1,0,0.0,0.0404,0.0,0.0,0.0
hepsi,24.75,2,0,0.0,0.0404,0.0,0.0,0.0
hepsi,24.76,1,0,0.0,0.0404,0.0,0.0,0.0
hepsi,24.81,1,0,0.0,0.0403,0.0,0.0,0.0
hepsi,24.82,1,0,0.0,0.0403,0.0,0.0,0.0
hepsi,24.88,2,0,0.0,0.0402,0.0,0.0,0.0
hepsi,24.90,1,0,0.0,0.0402,0.0,0.0,0.0
hepsi,24.93,1,0,0.0,0.0401,0.0,0.0,0.0
hepsi,24.94,1,0,0.0,0.0401,0.0,0.0,0.0
hepsi,24.98,1,0,0.0,0.04,0.0,0.0,0.0
hepsi,24.99,3,1,0.3333,0.04,8.33,13.3304,9.6667
hepsi,25.03,1,0,0.0,0.04,0.0,0.0,0.0
hepsi,25.08,1,0,0.0,0.0399,0.0,0.0,0.0
hepsi,25.09,1,0,0.0,0.0399,0.0,0.0,0.0
hepsi,25.10,2,0,0.0,0.0398,0.0,0.0,0.0
hepsi,25.11,1,0,0.0,0.0398,0.0,0.0,0.0
hepsi,25.22,1,0,0.0,0.0397,0.0,0.0,0.0
hepsi,25.24,1,0,0.0,0.0396,0.0,0.0,0.0
hepsi,25.26,1,0,0.0,0.0396,0.0,0.0,0.0
hepsi,25.28,1,0,0.0,0.0396,0.0,0.0,0.0
hepsi,25.36,1,0,0.0,0.0394,0.0,0.0,0.0
hepsi,25.41,1,0,0.0,0.0394,0.0,0.0,0.0
hepsi,25.43,2,0,0.0,0.0393,0.0,0.0,0.0
hepsi,25.47,1,0,0.0,0.0393,0.0,0.0,0.0
hepsi,25.48,1,0,0.0,0.0392,0.0,0.0,0.0
hepsi,25.50,1,0,0.0,0.0392,0.0,0.0,0.0
hepsi,25.54,1,0,0.0,0.0392,0.0,0.0,0.0
hepsi,25.55,1,0,0.0,0.0391,0.0,0.0,0.0
hepsi,25.58,1,0,0.0,0.0391,0.0,0.0,0.0
hepsi,25.59,2,0,0.0,0.0391,0.0,0.0,0.0
hepsi,25.60,1,0,0.0,0.0391,0.0,0.0,0.0
hepsi,25.61,1,0,0.0,0.039,0.0,0.0,0.0
hepsi,25.65,1,0,0.0,0.039,0.0,0.0,0.0
hepsi,25.67,1,0,0.0,0.039,0.0,0.0,0.0
hepsi,25.68,1,0,0.0,0.0389,0.0,0.0,0.0
hepsi,25.71,1,0,0.0,0.0389,0.0,0.0,0.0
hepsi,25.73,2,0,0.0,0.0389,0.0,0.0,0.0
hepsi,25.74,1,0,0.0,0.0389,0.0,0.0,0.0
hepsi,25.76,2,0,0.0,0.0388,0.0,0.0,0.0
hepsi,25.77,1,0,0.0,0.0388,0.0,0.0,0.0
hepsi,25.78,1,0,0.0,0.0388,0.0,0.0,0.0
hepsi,25.79,1,0,0.0,0.0388,0.0,0.0,0.0
hepsi,25.81,3,0,0.0,0.0387,0.0,0.0,0.0
hepsi,25.83,1,0,0.0,0.0387,0.0,0.0,0.0
hepsi,25.86,1,1,1.0,0.0387,25.86,0.0,41.0
hepsi,25.87,1,0,0.0,0.0387,0.0,0.0,0.0
hepsi,25.88,1,0,0.0,0.0386,0.0,0.0,0.0
hepsi,25.94,1,0,0.0,0.0386,0.0,0.0,0.0
hepsi,25.99,2,2,1.0,0.0385,25.99,0.0,38.425
hepsi,26.00,1,0,0.0,0.0385,0.0,0.0,0.0
hepsi,26.01,1,0,0.0,0.0384,0.0,0.0,0.0
hepsi,26.06,1,0,0.0,0.0384,0.0,0.0,0.0
hepsi,26.13,1,0,0.0,0.0383,0.0,0.0,0.0
hepsi,26.26,1,0,0.0,0.0381,0.0,0.0,0.0
hepsi,26.27,1,0,0.0,0.0381,0.0,0.0,0.0
hepsi,26.31,1,0,0.0,0.038,0.0,0.0,0.0
hepsi,26.34,1,0,0.0,0.038,0.0,0.0,0.0
hepsi,26.36,1,0,0.0,0.0379,0.0,0.0,0.0
hepsi,26.42,1,0,0.0,0.0379,0.0,0.0,0.0
hepsi,26.43,1,0,0.0,0.0378,0.0,0.0,0.0
hepsi,26.47,1,0,0.0,0.0378,0.0,0.0,0.0
hepsi,26.51,1,0,0.0,0.0377,0.0,0.0,0.0
hepsi,26.64,1,0,0.0,0.0375,0.0,0.0,0.0
hepsi,26.70,1,0,0.0,0.0375,0.0,0.0,0.0
hepsi,26.81,1,0,0.0,0.0373,0.0,0.0,0.0
hepsi,26.87,1,0,0.0,0.0372,0.0,0.0,0.0
hepsi,26.91,1,0,0.0,0.0372,0.0,0.0,0.0
hepsi,26.94,1,0,0.0,0.0371,0.0,0.0,0.0
hepsi,26.95,2,0,0.0,0.0371,0.0,0.0,0.0
hepsi,27.01,1,0,0.0,0.037,0.0,0.0,0.0
hepsi,27.03,1,0,0.0,0.037,0.0,0.0,0.0
hepsi,27.13,1,0,0.0,0.0369,0.0,0.0,0.0
hepsi,27.15,2,0,0.0,0.0368,0.0,0.0,0.0
hepsi,27.17,1,0,0.0,0.0368,0.0,0.0,0.0
hepsi,27.21,1,0,0.0,0.0368,0.0,0.0,0.0
hepsi,27.25,2,0,0.0,0.0367,0.0,0.0,0.0
hepsi,27.28,1,0,0.0,0.0367,0.0,0.0,0.0
hepsi,27.41,1,0,0.0,0.0365,0.0,0.0,0.0
hepsi,27.43,1,0,0.0,0.0365,0.0,0.0,0.0
hepsi,27.45,1,0,0.0,0.0364,0.0,0.0,0.0
hepsi,27.49,1,0,0.0,0.0364,0.0,0.0,0.0
hepsi,27.50,1,0,0.0,0.0364,0.0,0.0,0.0
hepsi,27.51,1,0,0.0,0.0364,0.0,0.0,0.0
hepsi,27.60,1,0,0.0,0.0362,0.0,0.0,0.0
hepsi,27.61,1,0,0.0,0.0362,0.0,0.0,0.0
hepsi,27.64,1,0,0.0,0.0362,0.0,0.0,0.0
hepsi,27.68,1,0,0.0,0.0361,0.0,0.0,0.0
hepsi,27.69,1,0,0.0,0.0361,0.0,0.0,0.0
hepsi,27.70,1,0,0.0,0.0361,0.0,0.0,0.0
hepsi,27.80,1,0,0.0,0.036,0.0,0.0,0.0
hepsi,27.81,1,0,0.0,0.036,0.0,0.0,0.0
hepsi,27.82,1,0,0.0,0.0359,0.0,0.0,0.0
hepsi,27.83,1,0,0.0,0.0359,0.0,0.0,0.0
hepsi,27.87,1,0,0.0,0.0359,0.0,0.0,0.0
hepsi,27.89,1,0,0.0,0.0359,0.0,0.0,0.0
hepsi,27.97,1,0,0.0,0.0358,0.0,0.0,0.0
hepsi,28.00,1,0,0.0,0.0357,0.0,0.0,0.0
hepsi,28.03,2,0,0.0,0.0357,0.0,0.0,0.0
hepsi,28.06,1,0,0.0,0.0356,0.0,0.0,0.0
hepsi,28.07,2,0,0.0,0.0356,0.0,0.0,0.0
hepsi,28.08,1,0,0.0,0.0356,0.0,0.0,0.0
hepsi,28.09,1,0,0.0,0.0356,0.0,0.0,0.0
hepsi,28.11,2,0,0.0,0.0356,0.0,0.0,0.0
hepsi,28.13,1,0,0.0,0.0355,0.0,0.0,0.0
hepsi,28.23,1,0,0.0,0.0354,0.0,0.0,0.0
hepsi,28.27,1,0,0.0,0.0354,0.0,0.0,0.0
hepsi,28.30,1,0,0.0,0.0353,0.0,0.0,0.0
hepsi,28.35,1,0,0.0,0.0353,0.0,0.0,0.0
hepsi,28.36,2,0,0.0,0.0353,0.0,0.0,0.0
hepsi,28.44,1,0,0.0,0.0352,0.0,0.0,0.0
hepsi,28.52,1,0,0.0,0.0351,0.0,0.0,0.0
hepsi,28.53,1,0,0.0,0.0351,0.0,0.0,0.0
hepsi,28.54,1,0,0.0,0.035,0.0,0.0,0.0
hepsi,28.60,1,0,0.0,0.035,0.0,0.0,0.0
hepsi,28.61,1,0,0.0,0.035,0.0,0.0,0.0
hepsi,28.64,1,0,0.0,0.0349,0.0,0.0,0.0
hepsi,28.72,1,0,0.0,0.0348,0.0,0.0,0.0
hepsi,28.75,1,0,0.0,0.0348,0.0,0.0,0.0
hepsi,28.82,1,0,0.0,0.0347,0.0,0.0,0.0
hepsi,28.85,1,0,0.0,0.0347,0.0,0.0,0.0
hepsi,28.88,1,0,0.0,0.0346,0.0,0.0,0.0
hepsi,28.90,1,0,0.0,0.0346,0.0,0.0,0.0
hepsi,28.91,1,0,0.0,0.0346,0.0,0.0,0.0
hepsi,28.92,1,0,0.0,0.0346,0.0,0.0,0.0
hepsi,29.03,2,0,0.0,0.0344,0.0,0.0,0.0
hepsi,29.05,1,0,0.0,0.0344,0.0,0.0,0.0
hepsi,29.06,1,0,0.0,0.0344,0.0,0.0,0.0
hepsi,29.07,1,0,0.0,0.0344,0.0,0.0,0.0
hepsi,29.08,1,0,0.0,0.0344,0.0,0.0,0.0
hepsi,29.18,1,0,0.0,0.0343,0.0,0.0,0.0
hepsi,29.20,1,0,0.0,0.0342,0.0,0.0,0.0
hepsi,29.23,1,0,0.0,0.0342,0.0,0.0,0.0
hepsi,29.24,1,0,0.0,0.0342,0.0,0.0,0.0
hepsi,29.25,1,0,0.0,0.0342,0.0,0.0,0.0
hepsi,29.37,1,0,0.0,0.034,0.0,0.0,0.0
hepsi,29.40,1,0,0.0,0.034,0.0,0.0,0.0
hepsi,29.48,1,0,0.0,0.0339,0.0,0.0,0.0
hepsi,29.52,1,0,0.0,0.0339,0.0,0.0,0.0
hepsi,29.53,1,0,0.0,0.0339,0.0,0.0,0.0
hepsi,29.57,1,0,0.0,0.0338,0.0,0.0,0.0
hepsi,29.61,1,0,0.0,0.0338,0.0,0.0,0.0
hepsi,29.63,1,0,0.0,0.0337,0.0,0.0,0.0
hepsi,29.72,1,0,0.0,0.0336,0.0,0.0,0.0
hepsi,29.77,1,0,0.0,0.0336,0.0,0.0,0.0
hepsi,29.79,1,0,0.0,0.0336,0.0,0.0,0.0
hepsi,29.80,1,0,0.0,0.0336,0.0,0.0,0.0
hepsi,29.85,1,0,0.0,0.0335,0.0,0.0,0.0
hepsi,29.87,1,0,0.0,0.0335,0.0,0.0,0.0
hepsi,29.97,1,0,0.0,0.0334,0.0,0.0,0.0
hepsi,30.00,1,0,0.0,0.0333,0.0,0.0,0.0
hepsi,30.01,1,0,0.0,0.0333,0.0,0.0,0.0
hepsi,30.06,1,0,0.0,0.0333,0.0,0.0,0.0
hepsi,30.07,1,0,0.0,0.0333,0.0,0.0,0.0
hepsi,30.13,1,0,0.0,0.0332,0.0,0.0,0.0
hepsi,30.20,1,0,0.0,0.0331,0.0,0.0,0.0
hepsi,30.21,1,0,0.0,0.0331,0.0,0.0,0.0
hepsi,30.23,2,0,0.0,0.0331,0.0,0.0,0.0
hepsi,30.33,1,0,0.0,0.033,0.0,0.0,0.0
hepsi,30.37,1,0,0.0,0.0329,0.0,0.0,0.0
hepsi,30.41,1,0,0.0,0.0329,0.0,0.0,0.0
hepsi,30.43,1,0,0.0,0.0329,0.0,0.0,0.0
hepsi,30.46,1,0,0.0,0.0328,0.0,0.0,0.0
hepsi,30.50,1,0,0.0,0.0328,0.0,0.0,0.0
hepsi,30.61,1,0,0.0,0.0327,0.0,0.0,0.0
hepsi,30.63,1,0,0.0,0.0326,0.0,0.0,0.0
hepsi,30.64,1,0,0.0,0.0326,0.0,0.0,0.0
hepsi,30.72,1,0,0.0,0.0326,0.0,0.0,0.0
hepsi,30.74,1,0,0.0,0.0325,0.0,0.0,0.0
hepsi,30.75,1,0,0.0,0.0325,0.0,0.0,0.0
hepsi,30.76,1,0,0.0,0.0325,0.0,0.0,0.0
hepsi,30.83,1,0,0.0,0.0324,0.0,0.0,0.0
hepsi,30.93,1,0,0.0,0.0323,0.0,0.0,0.0
hepsi,30.98,2,0,0.0,0.0323,0.0,0.0,0.0
hepsi,31.00,1,0,0.0,0.0323,0.0,0.0,0.0
hepsi,31.01,1,0,0.0,0.0322,0.0,0.0,0.0
hepsi,31.31,1,0,0.0,0.0319,0.0,0.0,0.0
hepsi,31.33,1,0,0.0,0.0319,0.0,0.0,0.0
hepsi,31.45,1,0,0.0,0.0318,0.0,0.0,0.0
hepsi,31.54,1,0,0.0,0.0317,0.0,0.0,0.0
hepsi,31.61,1,0,0.0,0.0316,0.0,0.0,0.0
hepsi,31.81,2,0,0.0,0.0314,0.0,0.0,0.0
hepsi,31.85,1,0,0.0,0.0314,0.0,0.0,0.0
hepsi,31.95,1,0,0.0,0.0313,0.0,0.0,0.0
hepsi,32.00,1,0,0.0,0.0312,0.0,0.0,0.0
hepsi,32.22,1,0,0.0,0.031,0.0,0.0,0.0
hepsi,32.25,1,0,0.0,0.031,0.0,0.0,0.0
hepsi,32.26,1,0,0.0,0.031,0.0,0.0,0.0
hepsi,32.36,1,1,1.0,0.0309,32.36,0.0,46.0
hepsi,32.37,1,0,0.0,0.0309,0.0,0.0,0.0
hepsi,32.47,1,0,0.0,0.0308,0.0,0.0,0.0
hepsi,32.50,1,0,0.0,0.0308,0.0,0.0,0.0
hepsi,32.53,1,0,0.0,0.0307,0.0,0.0,0.0
hepsi,32.54,1,0,0.0,0.0307,0.0,0.0,0.0
hepsi,32.99,1,0,0.0,0.0303,0.0,0.0,0.0
hepsi,33.20,1,0,0.0,0.0301,0.0,0.0,0.0
hepsi,33.30,1,0,0.0,0.03,0.0,0.0,0.0
hepsi,33.32,1,0,0.0,0.03,0.0,0.0,0.0
hepsi,33.38,1,0,0.0,0.03,0.0,0.0,0.0
hepsi,33.42,2,0,0.0,0.0299,0.0,0.0,0.0
hepsi,33.43,1,0,0.0,0.0299,0.0,0.0,0.0
hepsi,33.53,1,0,0.0,0.0298,0.0,0.0,0.0
hepsi,33.57,1,0,0.0,0.0298,0.0,0.0,0.0
hepsi,33.60,1,0,0.0,0.0298,0.0,0.0,0.0
hepsi,33.69,1,0,0.0,0.0297,0.0,0.0,0.0
hepsi,33.70,1,0,0.0,0.0297,0.0,0.0,0.0
hepsi,33.80,1,0,0.0,0.0296,0.0,0.0,0.0
hepsi,33.93,1,0,0.0,0.0295,0.0,0.0,0.0
hepsi,34.19,1,0,0.0,0.0292,0.0,0.0,0.0
hepsi,34.70,1,0,0.0,0.0288,0.0,0.0,0.0
hepsi,35.15,1,0,0.0,0.0284,0.0,0.0,0.0
hepsi,35.20,1,0,0.0,0.0284,0.0,0.0,0.0
hepsi,35.35,1,0,0.0,0.0283,0.0,0.0,0.0
hepsi,35.58,1,0,0.0,0.0281,0.0,0.0,0.0
hepsi,35.67,1,0,0.0,0.028,0.0,0.0,0.0
hepsi,35.69,1,0,0.0,0.028,0.0,0.0,0.0
hepsi,35.88,1,0,0.0,0.0279,0.0,0.0,0.0
hepsi,36.14,1,0,0.0,0.0277,0.0,0.0,0.0
hepsi,36.19,1,0,0.0,0.0276,0.0,0.0,0.0
hepsi,36.20,1,0,0.0,0.0276,0.0,0.0,0.0
hepsi,36.25,1,0,0.0,0.0276,0.0,0.0,0.0
hepsi,36.28,1,0,0.0,0.0276,0.0,0.0,0.0
hepsi,36.37,1,0,0.0,0.0275,0.0,0.0,0.0
hepsi,36.41,1,0,0.0,0.0275,0.0,0.0,0.0
hepsi,36.69,1,0,0.0,0.0273,0.0,0.0,0.0
hepsi,36.72,1,0,0.0,0.0272,0.0,0.0,0.0
hepsi,36.77,1,0,0.0,0.0272,0.0,0.0,0.0
hepsi,36.91,1,0,0.0,0.0271,0.0,0.0,0.0
hepsi,37.11,1,0,0.0,0.0269,0.0,0.0,0.0
hepsi,37.20,1,0,0.0,0.0269,0.0,0.0,0.0
hepsi,37.89,1,0,0.0,0.0264,0.0,0.0,0.0
hepsi,37.94,1,0,0.0,0.0264,0.0,0.0,0.0
hepsi,38.17,1,0,0.0,0.0262,0.0,0.0,0.0
hepsi,38.30,1,0,0.0,0.0261,0.0,0.0,0.0
hepsi,38.54,1,0,0.0,0.0259,0.0,0.0,0.0
hepsi,38.59,1,0,0.0,0.0259,0.0,0.0,0.0
hepsi,39.02,1,0,0.0,0.0256,0.0,0.0,0.0
hepsi,39.44,1,0,0.0,0.0254,0.0,0.0,0.0
hepsi,39.77,1,0,0.0,0.0251,0.0,0.0,0.0
hepsi,40.23,1,0,0.0,0.0249,0.0,0.0,0.0
hepsi,40.61,1,0,0.0,0.0246,0.0,0.0,0.0
hepsi,40.67,1,0,0.0,0.0246,0.0,0.0,0.0
hepsi,40.86,1,0,0.0,0.0245,0.0,0.0,0.0
hepsi,40.93,1,0,0.0,0.0244,0.0,0.0,0.0
hepsi,41.10,1,0,0.0,0.0243,0.0,0.0,0.0
hepsi,41.82,1,0,0.0,0.0239,0.0,0.0,0.0
hepsi,42.46,1,0,0.0,0.0236,0.0,0.0,0.0
hepsi,42.74,1,0,0.0,0.0234,0.0,0.0,0.0
hepsi,42.94,1,0,0.0,0.0233,0.0,0.0,0.0
hepsi,43.76,2,0,0.0,0.0229,0.0,0.0,0.0
hepsi,45.03,1,0,0.0,0.0222,0.0,0.0,0.0
hepsi,45.45,1,0,0.0,0.022,0.0,0.0,0.0
hepsi,47.23,1,0,0.0,0.0212,0.0,0.0,0.0
hepsi,56.27,1,0,0.0,0.0178,0.0,0.0,0.0
hepsi,60.07,1,0,0.0,0.0166,0.0,0.0,0.0
1,1.01,1,1,1.0,0.9901,1.01,0.0,1.04
1,1.02,2,2,1.0,0.9804,1.02,0.0,1.045
1,1.03,11,11,1.0,0.9709,1.03,0.0,1.05
1,1.04,17,17,1.0,0.9615,1.04,0.0,1.0635
1,1.05,38,37,0.9737,0.9524,1.0224,0.0534,1.0532
1,1.06,45,42,0.9333,0.9434,0.9893,0.0773,1.0138
1,1.07,61,58,0.9508,0.9346,1.0174,0.0581,1.0425
1,1.08,88,78,0.8864,0.9259,0.9573,0.0716,0.9841
1,1.09,104,89,0.8558,0.9174,0.9328,0.0736,0.963
1,1.10,95,83,0.8737,0.9091,0.9611,0.0735,0.9892
1,1.11,141,125,0.8865,0.9009,0.984,0.0581,1.013
1,1.12,150,139,0.9267,0.8929,1.0379,0.0467,1.0678
1,1.13,175,151,0.8629,0.885,0.975,0.0576,1.0027
1,1.14,151,128,0.8477,0.8772,0.9664,0.0653,0.9961
1,1.15,207,182,0.8792,0.8696,1.0111,0.0511,1.0409
1,1.16,190,164,0.8632,0.8621,1.0013,0.0567,1.0312
1,1.17,204,173,0.848,0.8547,0.9922,0.0576,1.0241
1,1.18,233,183,0.7854,0.8475,0.9268,0.0622,0.9553
1,1.19,226,192,0.8496,0.8403,1.011,0.0555,1.0423
1,1.20,231,202,0.8745,0.8333,1.0494,0.0513,1.081
1,1.21,246,210,0.8537,0.8264,1.0329,0.0534,1.0677
1,1.22,237,189,0.7975,0.8197,0.9729,0.0624,1.0042
1,1.23,223,178,0.7982,0.813,0.9818,0.0648,1.013
1,1.24,214,175,0.8178,0.8065,1.014,0.0641,1.0493
1,1.25,234,188,0.8034,0.8,1.0043,0.0637,1.04
1,1.26,235,191,0.8128,0.7937,1.0241,0.0628,1.06
1,1.27,225,175,0.7778,0.7874,0.9878,0.069,1.0216
1,1.28,241,179,0.7427,0.7812,0.9507,0.0706,0.9834
1,1.29,259,197,0.7606,0.7752,0.9812,0.067,1.0147
1,1.30,284,227,0.7993,0.7692,1.0391,0.0606,1.0759
1,1.31,224,173,0.7723,0.7634,1.0117,0.0719,1.0483
1,1.32,286,219,0.7657,0.7576,1.0108,0.0648,1.0481
1,1.33,289,211,0.7301,0.7519,0.971,0.0681,1.0049
1,1.34,318,235,0.739,0.7463,0.9903,0.0647,1.0254
1,1.35,325,238,0.7323,0.7407,0.9886,0.065,1.0264
1,1.36,313,222,0.7093,0.7353,0.9646,0.0684,0.999
1,1.37,344,250,0.7267,0.7299,0.9956,0.0645,1.0304
1,1.38,325,237,0.7292,0.7246,1.0063,0.0667,1.043
1,1.39,345,248,0.7188,0.7194,0.9992,0.0659,1.036
1,1.40,318,217,0.6824,0.7143,0.9553,0.0716,0.992
1,1.41,324,221,0.6821,0.7092,0.9618,0.0715,0.9976
1,1.42,337,248,0.7359,0.7042,1.045,0.0668,1.0853
1,1.43,349,248,0.7106,0.6993,1.0162,0.068,1.0556
1,1.44,389,281,0.7224,0.6944,1.0402,0.0641,1.0802
1,1.45,350,224,0.64,0.6897,0.928,0.0729,0.9638
1,1.46,376,251,0.6676,0.6849,0.9746,0.0695,1.0126
1,1.47,376,255,0.6782,0.6803,0.9969,0.0694,1.0365
1,1.48,361,245,0.6787,0.6757,1.0044,0.0713,1.0428
1,1.49,405,249,0.6148,0.6711,0.9161,0.0706,0.9522
1,1.50,410,256,0.6244,0.6667,0.9366,0.0703,0.9719
1,1.51,436,274,0.6284,0.6623,0.9489,0.0685,0.984
1,1.52,427,277,0.6487,0.6579,0.986,0.0688,1.0221
1,1.53,444,273,0.6149,0.6536,0.9407,0.0693,0.9771
1,1.54,418,257,0.6148,0.6494,0.9468,0.0718,0.9832
1,1.55,471,303,0.6433,0.6452,0.9971,0.0671,1.0347
1,1.56,462,290,0.6277,0.641,0.9792,0.0688,1.0178
1,1.57,477,282,0.5912,0.6369,0.9282,0.0693,0.9646
1,1.58,440,268,0.6091,0.6329,0.9624,0.072,0.9994
1,1.59,483,284,0.588,0.6289,0.9349,0.0698,0.9744
1,1.60,503,291,0.5785,0.625,0.9256,0.069,0.9615
1,1.61,504,320,0.6349,0.6211,1.0222,0.0677,1.0642
1,1.62,516,307,0.595,0.6173,0.9638,0.0686,1.0041
1,1.63,513,317,0.6179,0.6135,1.0072,0.0685,1.0487
1,1.64,539,303,0.5622,0.6098,0.9219,0.0687,0.9581
1,1.65,520,303,0.5827,0.6061,0.9614,0.0699,1.0001
1,1.66,556,311,0.5594,0.6024,0.9285,0.0685,0.9653
1,1.67,540,318,0.5889,0.5988,0.9834,0.0693,1.0211
1,1.68,531,311,0.5857,0.5952,0.984,0.0704,1.0237
1,1.69,579,331,0.5717,0.5917,0.9661,0.0681,1.0044
1,1.70,541,323,0.597,0.5882,1.015,0.0703,1.0565
1,1.71,582,323,0.555,0.5848,0.949,0.069,0.9873
1,1.72,597,330,0.5528,0.5814,0.9508,0.0686,0.9916
1,1.73,577,326,0.565,0.578,0.9774,0.07,1.0195
1,1.74,619,367,0.5929,0.5747,1.0316,0.0673,1.0743
1,1.75,593,322,0.543,0.5714,0.9503,0.0702,0.9891
1,1.76,636,368,0.5786,0.5682,1.0184,0.0675,1.0589
1,1.77,604,325,0.5381,0.565,0.9524,0.0704,0.9924
1,1.78,587,298,0.5077,0.5618,0.9036,0.072,0.9415
1,1.79,614,310,0.5049,0.5587,0.9037,0.0708,0.9411
1,1.80,587,310,0.5281,0.5556,0.9506,0.0727,0.9895
1,1.81,652,344,0.5276,0.5525,0.955,0.0694,0.9965
1,1.82,620,328,0.529,0.5495,0.9628,0.0715,1.0028
1,1.83,631,322,0.5103,0.5464,0.9339,0.0714,0.9748
1,1.84,628,332,0.5287,0.5435,0.9727,0.0718,1.0155
1,1.85,628,338,0.5382,0.5405,0.9957,0.0721,1.0392
1,1.86,568,293,0.5158,0.5376,0.9595,0.0764,1.0027
1,1.87,593,301,0.5076,0.5348,0.9492,0.0752,0.9908
1,1.88,633,335,0.5292,0.5319,0.9949,0.0731,1.0384
1,1.89,630,321,0.5095,0.5291,0.963,0.0738,1.0046
1,1.90,607,283,0.4662,0.5263,0.8858,0.0754,0.9251
1,1.91,655,329,0.5023,0.5236,0.9594,0.0731,1.0028
1,1.92,621,301,0.4847,0.5208,0.9306,0.0755,0.9704
1,1.93,616,285,0.4627,0.5181,0.8929,0.076,0.9315
1,1.94,690,320,0.4638,0.5155,0.8997,0.0722,0.9399
1,1.95,682,342,0.5015,0.5128,0.9779,0.0732,1.0206
1,1.96,667,320,0.4798,0.5102,0.9403,0.0743,0.9834
1,1.97,664,308,0.4639,0.5076,0.9138,0.0747,0.957
1,1.98,636,295,0.4638,0.5051,0.9184,0.0767,0.9611
1,1.99,670,310,0.4627,0.5025,0.9207,0.0751,0.963
1,2.00,673,328,0.4874,0.5,0.9747,0.0755,1.0194
1,2.01,783,378,0.4828,0.4975,0.9703,0.0704,1.017
1,2.02,688,320,0.4651,0.495,0.9395,0.0753,0.9832
1,2.03,715,322,0.4503,0.4926,0.9142,0.074,0.9566
1,2.04,691,342,0.4949,0.4902,1.0097,0.076,1.0564
1,2.05,714,323,0.4524,0.4878,0.9274,0.0748,0.971
1,2.06,708,340,0.4802,0.4854,0.9893,0.0758,1.0374
1,2.07,686,302,0.4402,0.4831,0.9113,0.0769,0.9536
1,2.08,698,309,0.4427,0.4808,0.9208,0.0766,0.9643
1,2.09,661,318,0.4811,0.4785,1.0055,0.0796,1.0524
1,2.10,692,305,0.4408,0.4762,0.9256,0.0777,0.97
1,2.11,671,294,0.4382,0.4739,0.9245,0.0792,0.9676
1,2.12,712,335,0.4705,0.4717,0.9975,0.0777,1.0451
1,2.13,655,293,0.4473,0.4695,0.9528,0.0811,1.0013
1,2.14,672,275,0.4092,0.4673,0.8757,0.0796,0.9186
1,2.15,681,290,0.4258,0.4651,0.9156,0.0798,0.9591
1,2.16,648,286,0.4414,0.463,0.9533,0.0826,0.9976
1,2.17,686,269,0.3921,0.4608,0.8509,0.0793,0.8922
1,2.18,665,284,0.4271,0.4587,0.931,0.082,0.9765
1,2.19,633,264,0.4171,0.4566,0.9134,0.0841,0.9584
1,2.20,619,264,0.4265,0.4545,0.9383,0.0857,0.9827
1,2.21,639,274,0.4288,0.4525,0.9476,0.0848,0.9949
1,2.22,640,269,0.4203,0.4505,0.9331,0.0849,0.9792
1,2.23,660,298,0.4515,0.4484,1.0069,0.0847,1.0569
1,2.24,665,303,0.4556,0.4464,1.0206,0.0848,1.0712
1,2.25,622,257,0.4132,0.4444,0.9297,0.0871,0.9762
1,2.26,626,251,0.401,0.4425,0.9062,0.0868,0.9522
1,2.27,590,245,0.4153,0.4405,0.9426,0.0903,0.9925
1,2.28,606,284,0.4686,0.4386,1.0685,0.0906,1.1247
1,2.29,626,282,0.4505,0.4367,1.0316,0.0893,1.0854
1,2.30,620,242,0.3903,0.4348,0.8977,0.0883,0.9455
1,2.31,561,224,0.3993,0.4329,0.9224,0.0936,0.9687
1,2.32,591,252,0.4264,0.431,0.9892,0.0925,1.0401
1,2.33,569,244,0.4288,0.4292,0.9992,0.0947,1.0495
1,2.34,560,225,0.4018,0.4274,0.9402,0.095,0.9867
1,2.35,584,229,0.3921,0.4255,0.9215,0.0931,0.9698
1,2.36,568,206,0.3627,0.4237,0.8559,0.0933,0.899
1,2.37,561,212,0.3779,0.4219,0.8956,0.0951,0.9435
1,2.38,622,263,0.4228,0.4202,1.0063,0.0924,1.059
1,2.39,534,201,0.3764,0.4184,0.8996,0.0982,0.9458
1,2.40,561,192,0.3422,0.4167,0.8214,0.0942,0.8658
1,2.41,545,231,0.4239,0.4149,1.0215,0.1,1.0747
1,2.42,552,224,0.4058,0.4132,0.982,0.0991,1.0352
1,2.43,552,228,0.413,0.4115,1.0037,0.0998,1.0566
1,2.44,562,205,0.3648,0.4098,0.89,0.0971,0.9394
1,2.45,505,188,0.3723,0.4082,0.9121,0.1033,0.9621
1,2.46,569,199,0.3497,0.4065,0.8604,0.0964,0.9083
1,2.47,500,176,0.352,0.4049,0.8694,0.1034,0.9195
1,2.48,476,174,0.3655,0.4032,0.9066,0.1073,0.9549
1,2.49,464,171,0.3685,0.4016,0.9177,0.1093,0.9676
1,2.50,459,166,0.3617,0.4,0.9041,0.1099,0.9572
1,2.51,428,161,0.3762,0.3984,0.9442,0.1152,0.9972
1,2.52,455,177,0.389,0.3968,0.9803,0.1129,1.0346
1,2.53,453,162,0.3576,0.3953,0.9048,0.1117,0.9575
1,2.54,423,147,0.3475,0.3937,0.8827,0.1153,0.9331
1,2.55,410,122,0.2976,0.3922,0.7588,0.1129,0.8032
1,2.56,410,145,0.3537,0.3906,0.9054,0.1185,0.9553
1,2.57,418,167,0.3995,0.3891,1.0268,0.1207,1.0874
1,2.58,410,145,0.3537,0.3876,0.9124,0.1194,0.9678
1,2.59,391,135,0.3453,0.3861,0.8942,0.1221,0.9481
1,2.60,351,132,0.3761,0.3846,0.9778,0.1318,1.0311
1,2.61,387,138,0.3566,0.3831,0.9307,0.1246,0.9819
1,2.62,345,125,0.3623,0.3817,0.9493,0.1329,1.0054
1,2.63,351,124,0.3533,0.3802,0.9291,0.1315,0.9813
1,2.64,369,115,0.3117,0.3788,0.8228,0.1248,0.8714
1,2.65,343,108,0.3149,0.3774,0.8344,0.1303,0.8865
1,2.66,384,135,0.3516,0.3759,0.9352,0.127,0.991
1,2.67,330,117,0.3545,0.3745,0.9466,0.1378,1.0013
1,2.68,364,123,0.3379,0.3731,0.9056,0.1302,0.9599
1,2.69,341,110,0.3226,0.3717,0.8677,0.1335,0.9214
1,2.70,348,106,0.3046,0.3704,0.8224,0.1306,0.868
1,2.71,366,122,0.3333,0.369,0.9033,0.1309,0.9581
1,2.72,328,113,0.3445,0.3676,0.9371,0.1399,0.992
1,2.73,312,120,0.3846,0.3663,1.05,0.1474,1.1129
1,2.74,319,128,0.4013,0.365,1.0994,0.1474,1.1663
1,2.75,334,108,0.3234,0.3636,0.8892,0.138,0.9479
1,2.76,322,116,0.3602,0.3623,0.9943,0.1447,1.0558
1,2.77,301,92,0.3056,0.361,0.8466,0.1442,0.8995
1,2.78,271,90,0.3321,0.3597,0.9232,0.1559,0.9823
1,2.79,305,105,0.3443,0.3584,0.9605,0.1488,1.016
1,2.80,323,114,0.3529,0.3571,0.9882,0.1459,1.0493
1,2.81,289,90,0.3114,0.3559,0.8751,0.15,0.9319
1,2.82,285,90,0.3158,0.3546,0.8905,0.1522,0.9487
1,2.83,298,97,0.3255,0.3534,0.9212,0.1506,0.9798
1,2.84,307,110,0.3583,0.3521,1.0176,0.1523,1.0814
1,2.85,309,99,0.3204,0.3509,0.9131,0.1483,0.9751
1,2.86,289,98,0.3391,0.3497,0.9698,0.1561,1.0363
1,2.87,303,95,0.3135,0.3484,0.8998,0.1499,0.958
1,2.88,255,74,0.2902,0.3472,0.8358,0.1604,0.8898
1,2.89,259,82,0.3166,0.346,0.915,0.1637,0.9776
1,2.90,260,82,0.3154,0.3448,0.9146,0.1638,0.9726
1,2.91,246,87,0.3537,0.3436,1.0291,0.1739,1.0989
1,2.92,271,82,0.3026,0.3425,0.8835,0.1597,0.9414
1,2.93,271,85,0.3137,0.3413,0.919,0.1619,0.9804
1,2.94,285,97,0.3404,0.3401,1.0006,0.1617,1.07
1,2.95,246,81,0.3293,0.339,0.9713,0.1732,1.045
1,2.96,263,74,0.2814,0.3378,0.8329,0.1609,0.8882
1,2.97,256,84,0.3281,0.3367,0.9745,0.1708,1.0449
1,2.98,242,67,0.2769,0.3356,0.825,0.168,0.8849
1,2.99,221,70,0.3167,0.3344,0.9471,0.1834,1.0133
1,3.00,231,65,0.2814,0.3333,0.8442,0.174,0.9006
1,3.01,235,75,0.3191,0.3322,0.9606,0.1794,1.0285
1,3.02,226,82,0.3628,0.3311,1.0958,0.1893,1.1691
1,3.03,218,78,0.3578,0.33,1.0841,0.1928,1.1605
1,3.04,242,72,0.2975,0.3289,0.9045,0.1751,0.9643
1,3.05,237,57,0.2405,0.3279,0.7335,0.166,0.7824
1,3.06,232,75,0.3233,0.3268,0.9892,0.1842,1.0583
1,3.07,184,51,0.2772,0.3257,0.8509,0.1986,0.9101
1,3.08,218,73,0.3349,0.3247,1.0314,0.193,1.107
1,3.09,206,70,0.3398,0.3236,1.05,0.1999,1.1331
1,3.10,212,60,0.283,0.3226,0.8774,0.188,0.9418
1,3.11,186,59,0.3172,0.3215,0.9865,0.208,1.0584
1,3.12,188,55,0.2926,0.3205,0.9128,0.2029,0.9748
1,3.13,197,56,0.2843,0.3195,0.8897,0.1972,0.9519
1,3.14,212,69,0.3255,0.3185,1.022,0.1981,1.0991
1,3.15,184,42,0.2283,0.3175,0.719,0.191,0.7737
1,3.16,163,55,0.3374,0.3165,1.0663,0.2294,1.149
1,3.17,168,43,0.256,0.3155,0.8114,0.2092,0.8758
1,3.18,173,56,0.3237,0.3145,1.0294,0.2217,1.1106
1,3.19,190,53,0.2789,0.3135,0.8898,0.2034,0.9566
1,3.20,159,35,0.2201,0.3125,0.7044,0.2061,0.7604
1,3.21,182,48,0.2637,0.3115,0.8466,0.2055,0.917
1,3.22,163,41,0.2515,0.3106,0.8099,0.2145,0.8687
1,3.23,162,54,0.3333,0.3096,1.0767,0.2345,1.157
1,3.24,163,53,0.3252,0.3086,1.0535,0.233,1.132
1,3.25,150,49,0.3267,0.3077,1.0617,0.2439,1.1545
1,3.26,137,40,0.292,0.3067,0.9518,0.2482,1.0236
1,3.27,150,42,0.28,0.3058,0.9156,0.235,0.9937
1,3.28,142,37,0.2606,0.3049,0.8546,0.2368,0.9145
1,3.29,143,40,0.2797,0.304,0.9203,0.242,1.001
1,3.30,150,41,0.2733,0.303,0.902,0.2354,0.9788
1,3.31,162,36,0.2222,0.3021,0.7356,0.2119,0.7963
1,3.32,172,44,0.2558,0.3012,0.8493,0.2165,0.9149
1,3.33,138,40,0.2899,0.3003,0.9652,0.2521,1.0475
1,3.34,142,40,0.2817,0.2994,0.9408,0.2471,1.0067
1,3.35,127,26,0.2047,0.2985,0.6858,0.2351,0.7366
1,3.36,131,35,0.2672,0.2976,0.8977,0.2546,0.9645
1,3.37,138,33,0.2391,0.2967,0.8059,0.2398,0.8701
1,3.38,131,43,0.3282,0.2959,1.1095,0.2718,1.2082
1,3.39,120,27,0.225,0.295,0.7628,0.2533,0.8183
1,3.40,142,40,0.2817,0.2941,0.9577,0.2516,1.0398
1,3.41,107,30,0.2804,0.2933,0.9561,0.2902,1.036
1,3.42,113,36,0.3186,0.2924,1.0896,0.2938,1.1782
1,3.43,128,36,0.2812,0.2915,0.9647,0.2672,1.0413
1,3.44,134,38,0.2836,0.2907,0.9755,0.2625,1.0581
1,3.45,120,32,0.2667,0.2899,0.92,0.273,1.0014
1,3.46,119,27,0.2269,0.289,0.785,0.2604,0.8587
1,3.47,131,36,0.2748,0.2882,0.9536,0.2653,1.0361
1,3.48,125,29,0.232,0.2874,0.8074,0.2575,0.875
1,3.49,112,31,0.2768,0.2865,0.966,0.2892,1.0494
1,3.50,108,25,0.2315,0.2857,0.8102,0.2784,0.8775
1,3.51,121,22,0.1818,0.2849,0.6382,0.2412,0.704
1,3.52,117,25,0.2137,0.2841,0.7521,0.2615,0.8154
1,3.53,105,24,0.2286,0.2833,0.8069,0.2835,0.869
1,3.54,130,30,0.2308,0.2825,0.8169,0.2564,0.8862
1,3.55,99,27,0.2727,0.2817,0.9682,0.3114,1.0526
1,3.56,85,24,0.2824,0.2809,1.0052,0.3407,1.0914
1,3.57,93,26,0.2796,0.2801,0.9981,0.3256,1.0785
1,3.58,102,24,0.2353,0.2793,0.8424,0.2947,0.9099
1,3.59,95,18,0.1895,0.2786,0.6802,0.2829,0.7365
1,3.60,91,24,0.2637,0.2778,0.9495,0.3259,1.0318
1,3.61,80,26,0.325,0.277,1.1732,0.3705,1.2581
1,3.62,88,23,0.2614,0.2762,0.9461,0.3323,1.019
1,3.63,99,23,0.2323,0.2755,0.8433,0.302,0.9173
1,3.64,103,26,0.2524,0.2747,0.9188,0.3054,0.9904
1,3.65,91,23,0.2527,0.274,0.9225,0.3259,1.011
1,3.66,106,35,0.3302,0.2732,1.2085,0.3277,1.3094
1,3.67,79,23,0.2911,0.2725,1.0685,0.3676,1.1618
1,3.68,86,26,0.3023,0.2717,1.1126,0.3572,1.2155
1,3.69,97,19,0.1959,0.271,0.7228,0.2915,0.7803
1,3.70,83,22,0.2651,0.2703,0.9807,0.3513,1.0652
1,3.71,95,9,0.0947,0.2695,0.3515,0.2184,0.3851
1,3.72,91,23,0.2527,0.2688,0.9402,0.3321,1.0275
1,3.73,85,20,0.2353,0.2681,0.8776,0.3364,0.9489
1,3.74,99,21,0.2121,0.2674,0.7933,0.3012,0.8639
1,3.75,93,19,0.2043,0.2667,0.7661,0.3073,0.8304
1,3.76,89,14,0.1573,0.266,0.5915,0.2844,0.6499
1,3.77,69,15,0.2174,0.2653,0.8196,0.3669,0.8897
1,3.78,74,19,0.2568,0.2646,0.9705,0.3763,1.0616
1,3.79,76,20,0.2632,0.2639,0.9974,0.3752,1.1032
1,3.80,85,24,0.2824,0.2632,1.0729,0.3637,1.1514
1,3.81,69,14,0.2029,0.2625,0.773,0.3615,0.8429
1,3.82,72,9,0.125,0.2618,0.4775,0.2918,0.5274
1,3.83,81,15,0.1852,0.2611,0.7093,0.324,0.7768
1,3.84,89,26,0.2921,0.2604,1.1218,0.3628,1.2116
1,3.85,66,16,0.2424,0.2597,0.9333,0.398,0.9988
1,3.86,80,17,0.2125,0.2591,0.8203,0.346,0.8841
1,3.87,67,11,0.1642,0.2584,0.6354,0.3433,0.6946
1,3.88,67,12,0.1791,0.2577,0.6949,0.3562,0.7576
1,3.89,65,16,0.2462,0.2571,0.9575,0.4074,1.0471
1,3.90,66,16,0.2424,0.2564,0.9455,0.4032,1.0348
1,3.91,62,11,0.1774,0.2558,0.6937,0.3718,0.7547
1,3.92,67,14,0.209,0.2551,0.8191,0.3817,0.894
1,3.93,74,16,0.2162,0.2545,0.8497,0.3686,0.9332
1,3.94,59,15,0.2542,0.2538,1.0017,0.4377,1.0853
1,3.95,57,15,0.2632,0.2532,1.0395,0.4516,1.1375
1,3.96,60,13,0.2167,0.2525,0.858,0.4128,0.9418
1,3.97,64,13,0.2031,0.2519,0.8064,0.3913,0.87
1,3.98,81,23,0.284,0.2513,1.1301,0.3909,1.2493
1,3.99,63,11,0.1746,0.2506,0.6967,0.374,0.7522
1,4.00,61,17,0.2787,0.25,1.1148,0.4501,1.2026
1,4.01,65,20,0.3077,0.2494,1.2338,0.4499,1.3537
1,4.02,64,10,0.1562,0.2488,0.6281,0.3576,0.6933
1,4.03,56,8,0.1429,0.2481,0.5757,0.3694,0.6304
1,4.04,63,14,0.2222,0.2475,0.8978,0.4147,0.981
1,4.05,49,15,0.3061,0.2469,1.2398,0.5226,1.3563
1,4.06,52,10,0.1923,0.2463,0.7808,0.4349,0.8492
1,4.07,64,12,0.1875,0.2457,0.7631,0.3892,0.8342
1,4.08,57,11,0.193,0.2451,0.7874,0.418,0.8654
1,4.09,39,5,0.1282,0.2445,0.5244,0.4291,0.5772
1,4.10,50,12,0.24,0.2439,0.984,0.4854,1.0718
1,4.11,54,9,0.1667,0.2433,0.685,0.4086,0.7433
1,4.12,54,19,0.3519,0.2427,1.4496,0.5248,1.5813
1,4.13,40,10,0.25,0.2421,1.0325,0.5542,1.129
1,4.14,61,16,0.2623,0.2415,1.0859,0.457,1.1759
1,4.15,38,8,0.2105,0.241,0.8737,0.5379,0.9618
1,4.16,49,14,0.2857,0.2404,1.1886,0.5262,1.2839
1,4.17,47,7,0.1489,0.2398,0.6211,0.4244,0.6787
1,4.18,50,11,0.22,0.2392,0.9196,0.48,0.9906
1,4.19,40,7,0.175,0.2387,0.7333,0.4934,0.8058
1,4.20,49,15,0.3061,0.2381,1.2857,0.542,1.3924
1,4.21,57,9,0.1579,0.2375,0.6647,0.3985,0.7198
1,4.22,40,7,0.175,0.237,0.7385,0.4969,0.798
1,4.23,50,7,0.14,0.2364,0.5922,0.4068,0.6436
1,4.24,47,10,0.2128,0.2358,0.9021,0.4961,0.9836
1,4.25,39,9,0.2308,0.2353,0.9808,0.562,1.0869
1,4.26,39,9,0.2308,0.2347,0.9831,0.5633,1.1018
1,4.27,40,15,0.375,0.2342,1.6012,0.6406,1.7907
1,4.28,43,8,0.186,0.2336,0.7963,0.4978,0.8944
1,4.29,46,9,0.1957,0.2331,0.8393,0.4919,0.9437
1,4.30,44,9,0.2045,0.2326,0.8795,0.5125,0.9852
1,4.31,41,12,0.2927,0.232,1.2615,0.6003,1.3788
1,4.32,55,14,0.2545,0.2315,1.0996,0.4973,1.2238
1,4.33,49,13,0.2653,0.2309,1.1488,0.5353,1.2598
1,4.34,40,8,0.2,0.2304,0.868,0.538,0.9578
1,4.35,40,10,0.25,0.2299,1.0875,0.5837,1.1995
1,4.36,47,8,0.1702,0.2294,0.7421,0.4684,0.8047
1,4.37,33,7,0.2121,0.2288,0.927,0.6095,1.0209
1,4.38,46,13,0.2826,0.2283,1.2378,0.5699,1.3389
1,4.39,41,11,0.2683,0.2278,1.1778,0.5954,1.2905
1,4.40,30,5,0.1667,0.2273,0.7333,0.5868,0.8293
1,4.41,57,14,0.2456,0.2268,1.0832,0.4928,1.1814
1,4.42,43,10,0.2326,0.2262,1.0279,0.5582,1.1274
1,4.43,50,9,0.18,0.2257,0.7974,0.4718,0.8808
1,4.44,33,3,0.0909,0.2252,0.4036,0.4355,0.4476
1,4.45,48,10,0.2083,0.2247,0.9271,0.5112,1.0265
1,4.46,44,7,0.1591,0.2242,0.7095,0.482,0.7695
1,4.47,42,8,0.1905,0.2237,0.8514,0.5309,0.9167
1,4.48,36,6,0.1667,0.2232,0.7467,0.5454,0.8139
1,4.49,43,11,0.2558,0.2227,1.1486,0.5855,1.2465
1,4.50,39,7,0.1795,0.2222,0.8077,0.542,0.8849
1,4.51,35,9,0.2571,0.2217,1.1597,0.653,1.2826
1,4.52,44,5,0.1136,0.2212,0.5136,0.4238,0.5545
1,4.53,34,8,0.2353,0.2208,1.0659,0.6459,1.1547
1,4.54,40,8,0.2,0.2203,0.908,0.5628,0.9865
1,4.55,30,7,0.2333,0.2198,1.0617,0.6886,1.158
1,4.56,23,4,0.1739,0.2193,0.793,0.7064,0.867
1,4.57,25,8,0.32,0.2188,1.4624,0.8357,1.6424
1,4.58,31,10,0.3226,0.2183,1.4774,0.7537,1.6294
1,4.59,39,10,0.2564,0.2179,1.1769,0.629,1.291
1,4.60,44,8,0.1818,0.2174,0.8364,0.5242,0.9284
1,4.61,33,8,0.2424,0.2169,1.1176,0.674,1.2203
1,4.62,32,5,0.1562,0.2165,0.7219,0.5811,0.7756
1,4.63,36,7,0.1944,0.216,0.9003,0.5985,1.0067
1,4.64,43,10,0.2326,0.2155,1.0791,0.5859,1.1949
1,4.65,32,4,0.125,0.2151,0.5813,0.5328,0.6238
1,4.66,39,7,0.1795,0.2146,0.8364,0.5613,0.9256
1,4.67,34,7,0.2059,0.2141,0.9615,0.6347,1.0612
1,4.68,38,5,0.1316,0.2137,0.6158,0.503,0.6797
1,4.69,28,5,0.1786,0.2132,0.8375,0.6654,0.9214
1,4.70,33,10,0.303,0.2128,1.4242,0.7369,1.5879
1,4.71,31,4,0.129,0.2123,0.6077,0.5558,0.6519
1,4.72,26,4,0.1538,0.2119,0.7262,0.6545,0.7981
1,4.73,30,3,0.1,0.2114,0.473,0.5078,0.5267
1,4.74,38,9,0.2368,0.211,1.1226,0.6407,1.2268
1,4.75,26,6,0.2308,0.2105,1.0962,0.7693,1.2015
1,4.76,38,5,0.1316,0.2101,0.6263,0.5116,0.6818
1,4.77,28,6,0.2143,0.2096,1.0221,0.725,1.1132
1,4.78,30,7,0.2333,0.2092,1.1153,0.7234,1.225
1,4.79,36,6,0.1667,0.2088,0.7983,0.5832,0.8781
1,4.80,33,4,0.1212,0.2083,0.5818,0.5345,0.6264
1,4.81,44,9,0.2045,0.2079,0.9839,0.5732,1.0934
1,4.82,32,7,0.2188,0.2075,1.0544,0.6905,1.1628
1,4.83,27,4,0.1481,0.207,0.7156,0.6471,0.7793
1,4.84,25,4,0.16,0.2066,0.7744,0.6956,0.8364
1,4.85,26,2,0.0769,0.2062,0.3731,0.4967,0.4085
1,4.86,35,9,0.2571,0.2058,1.2497,0.7037,1.3677
1,4.87,27,4,0.1481,0.2053,0.7215,0.6525,0.8048
1,4.88,23,5,0.2174,0.2049,1.0609,0.8226,1.187
1,4.89,28,11,0.3929,0.2045,1.9211,0.8846,2.1168
1,4.90,30,5,0.1667,0.2041,0.8167,0.6535,0.92
1,4.91,31,8,0.2581,0.2037,1.2671,0.7564,1.3723
1,4.92,27,5,0.1852,0.2033,0.9111,0.7209,1.0148
1,4.93,27,3,0.1111,0.2028,0.5478,0.5844,0.6019
1,4.94,20,4,0.2,0.2024,0.988,0.866,1.1505
1,4.95,29,5,0.1724,0.202,0.8534,0.6805,0.9897
1,4.96,29,5,0.1724,0.2016,0.8552,0.6819,0.9803
1,4.97,21,3,0.1429,0.2012,0.71,0.7439,0.7881
1,4.98,25,6,0.24,0.2008,1.1952,0.8337,1.304
1,4.99,15,4,0.2667,0.2004,1.3307,1.1168,1.43
1,5.00,33,5,0.1515,0.2,0.7576,0.6116,0.8242
1,5.01,28,5,0.1786,0.1996,0.8946,0.7108,0.9818
1,5.02,32,7,0.2188,0.1992,1.0981,0.7191,1.2147
1,5.03,41,8,0.1951,0.1988,0.9815,0.6101,1.0927
1,5.04,35,4,0.1143,0.1984,0.576,0.5313,0.6351
1,5.05,25,6,0.24,0.198,1.212,0.8455,1.3452
1,5.06,26,2,0.0769,0.1976,0.3892,0.5182,0.4277
1,5.07,36,7,0.1944,0.1972,0.9858,0.6554,1.1058
1,5.08,33,7,0.2121,0.1969,1.0776,0.7085,1.2012
1,5.09,33,5,0.1515,0.1965,0.7712,0.6227,0.8497
1,5.10,18,3,0.1667,0.1961,0.85,0.8781,0.95
1,5.11,27,6,0.2222,0.1957,1.1356,0.8013,1.2378
1,5.12,21,4,0.1905,0.1953,0.9752,0.8599,1.0848
1,5.13,26,5,0.1923,0.1949,0.9865,0.7771,1.1385
1,5.14,23,4,0.1739,0.1946,0.8939,0.7962,1.0161
1,5.15,26,4,0.1538,0.1942,0.7923,0.7142,0.8577
1,5.16,22,5,0.2273,0.1938,1.1727,0.9036,1.36
1,5.17,23,6,0.2609,0.1934,1.3487,0.9278,1.493
1,5.18,26,4,0.1538,0.1931,0.7969,0.7183,0.8808
1,5.19,21,5,0.2381,0.1927,1.2357,0.9455,1.379
1,5.20,27,8,0.2963,0.1923,1.5407,0.8956,1.7185
1,5.21,20,3,0.15,0.1919,0.7815,0.8153,0.8565
1,5.22,17,3,0.1765,0.1916,0.9212,0.946,1.01
1,5.23,18,1,0.0556,0.1912,0.2906,0.5537,0.3261
1,5.24,21,6,0.2857,0.1908,1.4971,1.0124,1.6343
1,5.25,27,4,0.1481,0.1905,0.7778,0.7034,0.8941
1,5.26,26,6,0.2308,0.1901,1.2138,0.8519,1.3496
1,5.27,27,3,0.1111,0.1898,0.5856,0.6247,0.6574
1,5.28,22,2,0.0909,0.1894,0.48,0.6343,0.5409
1,5.29,21,4,0.1905,0.189,1.0076,0.8885,1.0943
1,5.30,18,5,0.2778,0.1887,1.4722,1.0967,1.6378
1,5.31,25,4,0.16,0.1883,0.8496,0.7631,0.982
1,5.32,22,4,0.1818,0.188,0.9673,0.8574,1.0886
1,5.33,19,3,0.1579,0.1876,0.8416,0.8739,0.9342
1,5.34,21,1,0.0476,0.1873,0.2543,0.4863,0.2876
1,5.35,18,3,0.1667,0.1869,0.8917,0.9212,1.0156
1,5.36,28,2,0.0714,0.1866,0.3829,0.5112,0.4204
1,5.37,24,3,0.125,0.1862,0.6713,0.7105,0.7696
1,5.38,19,1,0.0526,0.1859,0.2832,0.54,0.3026
1,5.39,18,7,0.3889,0.1855,2.0961,1.2139,2.35
1,5.40,19,2,0.1053,0.1852,0.5684,0.7453,0.6211
1,5.41,13,2,0.1538,0.1848,0.8323,1.061,0.9708
1,5.42,25,3,0.12,0.1845,0.6504,0.6904,0.71
1,5.43,20,4,0.2,0.1842,1.086,0.9519,1.251
1,5.44,24,3,0.125,0.1838,0.68,0.7198,0.7333
1,5.45,15,2,0.1333,0.1835,0.7267,0.9375,0.8167
1,5.46,15,2,0.1333,0.1832,0.728,0.9392,0.7833
1,5.47,15,2,0.1333,0.1828,0.7293,0.9409,0.7993
1,5.48,16,3,0.1875,0.1825,1.0275,1.0481,1.1906
1,5.49,17,2,0.1176,0.1821,0.6459,0.8407,0.7265
1,5.50,29,9,0.3103,0.1818,1.7069,0.9261,1.9097
1,5.51,15,4,0.2667,0.1815,1.4693,1.2331,1.616
1,5.52,18,3,0.1667,0.1812,0.92,0.9504,1.0483
1,5.53,13,1,0.0769,0.1808,0.4254,0.8009,0.4808
1,5.54,16,2,0.125,0.1805,0.6925,0.8978,0.7969
1,5.55,9,2,0.2222,0.1802,1.2333,1.5074,1.4089
1,5.56,11,4,0.3636,0.1799,2.0218,1.5806,2.3727
1,5.57,14,1,0.0714,0.1795,0.3979,0.7513,0.4521
1,5.58,23,6,0.2609,0.1792,1.4557,1.0014,1.6265
1,5.59,18,2,0.1111,0.1789,0.6211,0.8115,0.6989
1,5.60,21,3,0.1429,0.1786,0.8,0.8382,0.8881
1,5.61,14,0,0.0,0.1783,0.0,0.0,0.0
1,5.62,19,2,0.1053,0.1779,0.5916,0.7757,0.6421
1,5.63,20,3,0.15,0.1776,0.8445,0.8811,0.9565
1,5.64,16,6,0.375,0.1773,2.115,1.3379,2.4175
1,5.65,14,0,0.0,0.177,0.0,0.0,0.0
1,5.66,17,2,0.1176,0.1767,0.6659,0.8667,0.7176
1,5.67,16,2,0.125,0.1764,0.7087,0.9188,0.775
1,5.68,22,3,0.1364,0.1761,0.7745,0.8146,0.8677
1,5.69,20,3,0.15,0.1757,0.8535,0.8904,0.955
1,5.70,24,7,0.2917,0.1754,1.6625,1.0366,1.8754
1,5.71,19,4,0.2105,0.1751,1.2021,1.0467,1.3568
1,5.72,17,4,0.2353,0.1748,1.3459,1.1534,1.4912
1,5.73,14,1,0.0714,0.1745,0.4093,0.7729,0.4643
1,5.74,16,3,0.1875,0.1742,1.0762,1.0978,1.2056
1,5.75,17,3,0.1765,0.1739,1.0147,1.0421,1.1124
1,5.76,12,2,0.1667,0.1736,0.96,1.2147,1.0667
1,5.77,19,1,0.0526,0.1733,0.3037,0.5792,0.34
1,5.78,13,1,0.0769,0.173,0.4446,0.8371,0.4808
1,5.79,19,4,0.2105,0.1727,1.2189,1.0614,1.3989
1,5.80,15,2,0.1333,0.1724,0.7733,0.9977,0.8867
1,5.81,19,4,0.2105,0.1721,1.2232,1.065,1.34
1,5.82,21,0,0.0,0.1718,0.0,0.0,0.0
1,5.83,20,5,0.25,0.1715,1.4575,1.1064,1.634
1,5.84,15,1,0.0667,0.1712,0.3893,0.7374,0.4333
1,5.85,17,3,0.1765,0.1709,1.0324,1.0602,1.1912
1,5.86,14,2,0.1429,0.1706,0.8371,1.0743,0.9286
1,5.87,22,7,0.3182,0.1704,1.8677,1.1425,2.0823
1,5.88,22,2,0.0909,0.1701,0.5345,0.7063,0.5845
1,5.89,15,3,0.2,0.1698,1.178,1.1923,1.3153
1,5.90,10,1,0.1,0.1695,0.59,1.0971,0.727
1,5.91,11,3,0.2727,0.1692,1.6118,1.5554,1.8182
1,5.92,12,2,0.1667,0.1689,0.9867,1.2484,1.0967
1,5.93,14,0,0.0,0.1686,0.0,0.0,0.0
1,5.94,19,4,0.2105,0.1684,1.2505,1.0888,1.4132
1,5.95,15,1,0.0667,0.1681,0.3967,0.7513,0.46
1,5.96,15,4,0.2667,0.1678,1.5893,1.3339,1.7467
1,5.97,15,1,0.0667,0.1675,0.398,0.7538,0.434
1,5.98,16,1,0.0625,0.1672,0.3738,0.7093,0.4437
1,5.99,16,5,0.3125,0.1669,1.8719,1.3605,2.1
1,6.00,15,5,0.3333,0.1667,2.0,1.4313,2.2407
1,6.01,8,1,0.125,0.1664,0.7512,1.3774,0.97
1,6.02,7,0,0.0,0.1661,0.0,0.0,0.0
1,6.03,18,2,0.1111,0.1658,0.67,0.8754,0.75
1,6.04,21,1,0.0476,0.1656,0.2876,0.55,0.3352
1,6.05,17,0,0.0,0.1653,0.0,0.0,0.0
1,6.06,13,3,0.2308,0.165,1.3985,1.388,1.6038
1,6.07,7,1,0.1429,0.1647,0.8671,1.5737,0.9571
1,6.08,15,3,0.2,0.1645,1.216,1.2308,1.38
1,6.09,19,0,0.0,0.1642,0.0,0.0,0.0
1,6.10,14,2,0.1429,0.1639,0.8714,1.1183,0.995
1,6.11,15,1,0.0667,0.1637,0.4073,0.7715,0.4333
1,6.12,14,1,0.0714,0.1634,0.4371,0.8255,0.4729
1,6.13,13,1,0.0769,0.1631,0.4715,0.8878,0.5315
1,6.14,13,2,0.1538,0.1629,0.9446,1.2041,1.0769
1,6.15,14,4,0.2857,0.1626,1.7571,1.4553,1.9879
1,6.16,15,0,0.0,0.1623,0.0,0.0,0.0
1,6.17,8,2,0.25,0.1621,1.5425,1.8514,1.7188
1,6.18,13,1,0.0769,0.1618,0.4754,0.8951,0.5238
1,6.19,5,0,0.0,0.1616,0.0,0.0,0.0
1,6.20,8,3,0.375,0.1613,2.325,2.08,2.5075
1,6.21,20,5,0.25,0.161,1.5525,1.1785,1.7485
1,6.22,8,0,0.0,0.1608,0.0,0.0,0.0
1,6.23,12,2,0.1667,0.1605,1.0383,1.3138,1.18
1,6.24,12,3,0.25,0.1603,1.56,1.5288,1.7342
1,6.25,9,0,0.0,0.16,0.0,0.0,0.0
1,6.26,12,3,0.25,0.1597,1.565,1.5337,1.7567
1,6.27,11,1,0.0909,0.1595,0.57,1.0652,0.5909
1,6.28,19,4,0.2105,0.1592,1.3221,1.1512,1.5495
1,6.29,8,3,0.375,0.159,2.3588,2.1102,2.66
1,6.30,13,1,0.0769,0.1587,0.4846,0.9125,0.5769
1,6.31,15,1,0.0667,0.1585,0.4207,0.7967,0.4467
1,6.32,7,1,0.1429,0.1582,0.9029,1.6385,1.0586
1,6.33,6,2,0.3333,0.158,2.11,2.3876,2.535
1,6.34,13,1,0.0769,0.1577,0.4877,0.9183,0.5385
1,6.35,7,1,0.1429,0.1575,0.9071,1.6463,1.0
1,6.36,13,0,0.0,0.1572,0.0,0.0,0.0
1,6.37,8,0,0.0,0.157,0.0,0.0,0.0
1,6.38,10,0,0.0,0.1567,0.0,0.0,0.0
1,6.39,9,3,0.3333,0.1565,2.13,1.968,2.3522
1,6.40,5,1,0.2,0.1562,1.28,2.2439,1.4
1,6.41,11,0,0.0,0.156,0.0,0.0,0.0
1,6.42,9,2,0.2222,0.1558,1.4267,1.7437,1.6167
1,6.43,12,2,0.1667,0.1555,1.0717,1.356,1.2
1,6.44,11,0,0.0,0.1553,0.0,0.0,0.0
1,6.45,6,1,0.1667,0.155,1.075,1.9236,1.25
1,6.46,5,0,0.0,0.1548,0.0,0.0,0.0
1,6.47,10,0,0.0,0.1546,0.0,0.0,0.0
1,6.48,12,1,0.0833,0.1543,0.54,1.0132,0.5833
1,6.49,15,3,0.2,0.1541,1.298,1.3138,1.4667
1,6.50,13,5,0.3846,0.1538,2.5,1.719,2.7769
1,6.51,11,2,0.1818,0.1536,1.1836,1.4838,1.3082
1,6.52,10,0,0.0,0.1534,0.0,0.0,0.0
1,6.53,10,0,0.0,0.1531,0.0,0.0,0.0
1,6.54,5,1,0.2,0.1529,1.308,2.293,1.4
1,6.55,8,1,0.125,0.1527,0.8187,1.5011,0.875
1,6.56,7,0,0.0,0.1524,0.0,0.0,0.0
1,6.57,9,2,0.2222,0.1522,1.46,1.7845,1.6578
1,6.58,12,3,0.25,0.152,1.645,1.6121,1.8258
1,6.59,15,2,0.1333,0.1517,0.8787,1.1336,1.0
1,6.60,12,2,0.1667,0.1515,1.1,1.3918,1.2217
1,6.61,7,0,0.0,0.1513,0.0,0.0,0.0
1,6.62,14,1,0.0714,0.1511,0.4729,0.8929,0.5143
1,6.63,10,2,0.2,0.1508,1.326,1.6437,1.543
1,6.64,13,2,0.1538,0.1506,1.0215,1.3022,1.1538
1,6.65,12,2,0.1667,0.1504,1.1083,1.4023,1.2583
1,6.66,10,3,0.3,0.1502,1.998,1.8916,2.257
1,6.67,9,2,0.2222,0.1499,1.4822,1.8116,1.6578
1,6.68,7,1,0.1429,0.1497,0.9543,1.7319,1.09
1,6.69,7,1,0.1429,0.1495,0.9557,1.7345,1.0357
1,6.70,11,2,0.1818,0.1493,1.2182,1.5271,1.3427
1,6.71,8,0,0.0,0.149,0.0,0.0,0.0
1,6.72,7,2,0.2857,0.1488,1.92,2.2489,2.2229
1,6.73,16,3,0.1875,0.1486,1.2619,1.2871,1.4844
1,6.74,13,1,0.0769,0.1484,0.5185,0.9762,0.5877
1,6.75,5,0,0.0,0.1481,0.0,0.0,0.0
1,6.76,6,0,0.0,0.1479,0.0,0.0,0.0
1,6.77,6,3,0.5,0.1477,3.385,2.7086,3.7083
1,6.78,8,0,0.0,0.1475,0.0,0.0,0.0
1,6.79,14,2,0.1429,0.1473,0.97,1.2448,1.0543
1,6.80,20,4,0.2,0.1471,1.36,1.1921,1.499
1,6.81,11,2,0.1818,0.1468,1.2382,1.5521,1.4318
1,6.82,15,1,0.0667,0.1466,0.4547,0.8611,0.5187
1,6.83,7,1,0.1429,0.1464,0.9757,1.7708,1.1143
1,6.84,11,3,0.2727,0.1462,1.8655,1.8002,2.1945
1,6.85,9,1,0.1111,0.146,0.7611,1.4064,0.8333
1,6.86,12,0,0.0,0.1458,0.0,0.0,0.0
1,6.87,7,0,0.0,0.1456,0.0,0.0,0.0
1,6.88,5,0,0.0,0.1453,0.0,0.0,0.0
1,6.89,6,1,0.1667,0.1451,1.1483,2.0548,1.2817
1,6.90,4,0,0.0,0.1449,0.0,0.0,0.0
1,6.91,6,1,0.1667,0.1447,1.1517,2.0608,1.2833
1,6.92,4,0,0.0,0.1445,0.0,0.0,0.0
1,6.93,13,1,0.0769,0.1443,0.5331,1.0037,0.5769
1,6.94,9,2,0.2222,0.1441,1.5422,1.885,1.7222
1,6.95,13,1,0.0769,0.1439,0.5346,1.0066,0.6
1,6.96,16,2,0.125,0.1437,0.87,1.1279,1.0
1,6.97,12,2,0.1667,0.1435,1.1617,1.4698,1.325
1,6.98,8,3,0.375,0.1433,2.6175,2.3417,3.0187
1,6.99,9,1,0.1111,0.1431,0.7767,1.4351,0.8889
1,7.00,8,3,0.375,0.1429,2.625,2.3484,2.95
1,7.01,11,1,0.0909,0.1427,0.6373,1.1909,0.7182
1,7.02,13,1,0.0769,0.1425,0.54,1.0167,0.6154
1,7.03,11,1,0.0909,0.1422,0.6391,1.1943,0.7273
1,7.04,6,1,0.1667,0.142,1.1733,2.0995,1.3333
1,7.05,9,0,0.0,0.1418,0.0,0.0,0.0
1,7.06,6,1,0.1667,0.1416,1.1767,2.1055,1.3167
1,7.07,9,2,0.2222,0.1414,1.5711,1.9203,1.8111
1,7.08,14,0,0.0,0.1412,0.0,0.0,0.0
1,7.09,10,3,0.3,0.141,2.127,2.0138,2.387
1,7.10,1,0,0.0,0.1408,0.0,0.0,0.0
1,7.11,8,0,0.0,0.1406,0.0,0.0,0.0
1,7.12,11,0,0.0,0.1404,0.0,0.0,0.0
1,7.13,6,1,0.1667,0.1403,1.1883,2.1264,1.4167
1,7.14,11,1,0.0909,0.1401,0.6491,1.213,0.6891
1,7.15,10,2,0.2,0.1399,1.43,1.7726,1.6
1,7.16,9,1,0.1111,0.1397,0.7956,1.47,0.9133
1,7.17,10,2,0.2,0.1395,1.434,1.7776,1.565
1,7.18,6,0,0.0,0.1393,0.0,0.0,0.0
1,7.19,11,1,0.0909,0.1391,0.6536,1.2215,0.7364
1,7.20,9,0,0.0,0.1389,0.0,0.0,0.0
1,7.21,5,0,0.0,0.1387,0.0,0.0,0.0
1,7.22,8,1,0.125,0.1385,0.9025,1.6547,1.0125
1,7.23,8,1,0.125,0.1383,0.9038,1.6569,1.0875
1,7.24,2,0,0.0,0.1381,0.0,0.0,0.0
1,7.25,8,2,0.25,0.1379,1.8125,2.1755,2.0425
1,7.26,14,2,0.1429,0.1377,1.0371,1.3309,1.17
1,7.27,8,0,0.0,0.1376,0.0,0.0,0.0
1,7.28,4,0,0.0,0.1374,0.0,0.0,0.0
1,7.29,8,1,0.125,0.1372,0.9113,1.6707,1.0625
1,7.30,6,0,0.0,0.137,0.0,0.0,0.0
1,7.31,6,1,0.1667,0.1368,1.2183,2.18,1.3333
1,7.32,8,1,0.125,0.1366,0.915,1.6776,1.0625
1,7.33,5,1,0.2,0.1364,1.466,2.57,1.7
1,7.34,9,1,0.1111,0.1362,0.8156,1.507,0.9233
1,7.35,6,0,0.0,0.1361,0.0,0.0,0.0
1,7.36,5,1,0.2,0.1359,1.472,2.5805,1.752
1,7.37,5,0,0.0,0.1357,0.0,0.0,0.0
1,7.38,7,0,0.0,0.1355,0.0,0.0,0.0
1,7.39,8,0,0.0,0.1353,0.0,0.0,0.0
1,7.40,8,0,0.0,0.1351,0.0,0.0,0.0
1,7.41,9,1,0.1111,0.135,0.8233,1.5214,0.92
1,7.42,6,2,0.3333,0.1348,2.4733,2.7988,2.6667
1,7.43,9,2,0.2222,0.1346,1.6511,2.018,1.9256
1,7.44,7,1,0.1429,0.1344,1.0629,1.9289,1.2857
1,7.45,9,3,0.3333,0.1342,2.4833,2.2944,2.8433
1,7.46,7,2,0.2857,0.134,2.1314,2.4966,2.4043
1,7.47,7,3,0.4286,0.1339,3.2014,2.7386,3.5557
1,7.48,2,1,0.5,0.1337,3.74,5.1834,4.05
1,7.49,15,1,0.0667,0.1335,0.4993,0.9457,0.6027
1,7.50,9,0,0.0,0.1333,0.0,0.0,0.0
1,7.51,3,0,0.0,0.1332,0.0,0.0,0.0
1,7.52,2,0,0.0,0.133,0.0,0.0,0.0
1,7.53,7,1,0.1429,0.1328,1.0757,1.9522,1.2857
1,7.54,15,1,0.0667,0.1326,0.5027,0.952,0.5667
1,7.55,5,2,0.4,0.1325,3.02,3.2421,3.372
1,7.56,5,1,0.2,0.1323,1.512,2.6507,1.7
1,7.57,4,1,0.25,0.1321,1.8925,3.2123,2.15
1,7.58,6,0,0.0,0.1319,0.0,0.0,0.0
1,7.59,3,0,0.0,0.1318,0.0,0.0,0.0
1,7.60,6,2,0.3333,0.1316,2.5333,2.8667,3.1
1,7.61,9,0,0.0,0.1314,0.0,0.0,0.0
1,7.62,10,0,0.0,0.1312,0.0,0.0,0.0
1,7.63,5,0,0.0,0.1311,0.0,0.0,0.0
1,7.64,5,1,0.2,0.1309,1.528,2.6787,1.72
1,7.65,4,0,0.0,0.1307,0.0,0.0,0.0
1,7.66,8,1,0.125,0.1305,0.9575,1.7555,1.0625
1,7.67,6,0,0.0,0.1304,0.0,0.0,0.0
1,7.68,5,0,0.0,0.1302,0.0,0.0,0.0
1,7.69,5,1,0.2,0.13,1.538,2.6962,1.7
1,7.70,4,0,0.0,0.1299,0.0,0.0,0.0
1,7.71,7,1,0.1429,0.1297,1.1014,1.9989,1.1714
1,7.72,10,1,0.1,0.1295,0.772,1.4355,1.05
1,7.73,4,1,0.25,0.1294,1.9325,3.2802,2.25
1,7.74,2,0,0.0,0.1292,0.0,0.0,0.0
1,7.75,3,0,0.0,0.129,0.0,0.0,0.0
1,7.76,6,0,0.0,0.1289,0.0,0.0,0.0
1,7.77,8,1,0.125,0.1287,0.9712,1.7807,1.1
1,7.78,3,0,0.0,0.1285,0.0,0.0,0.0
1,7.79,7,2,0.2857,0.1284,2.2257,2.607,2.5286
1,7.80,7,0,0.0,0.1282,0.0,0.0,0.0
1,7.81,2,0,0.0,0.128,0.0,0.0,0.0
1,7.82,7,2,0.2857,0.1279,2.2343,2.617,2.6243
1,7.83,4,1,0.25,0.1277,1.9575,3.3227,2.3875
1,7.84,6,0,0.0,0.1276,0.0,0.0,0.0
1,7.85,3,1,0.3333,0.1274,2.6167,4.1874,3.1667
1,7.86,6,0,0.0,0.1272,0.0,0.0,0.0
1,7.87,10,1,0.1,0.1271,0.787,1.4634,0.9
1,7.88,3,0,0.0,0.1269,0.0,0.0,0.0
1,7.89,6,0,0.0,0.1267,0.0,0.0,0.0
1,7.90,7,2,0.2857,0.1266,2.2571,2.6438,2.6571
1,7.91,7,1,0.1429,0.1264,1.13,2.0508,1.2143
1,7.92,3,1,0.3333,0.1263,2.64,4.2248,3.0
1,7.93,8,1,0.125,0.1261,0.9912,1.8174,1.125
1,7.94,7,3,0.4286,0.1259,3.4029,2.9109,3.8429
1,7.95,5,0,0.0,0.1258,0.0,0.0,0.0
1,7.96,6,2,0.3333,0.1256,2.6533,3.0025,3.0
1,7.97,4,1,0.25,0.1255,1.9925,3.3821,2.4
1,7.98,7,0,0.0,0.1253,0.0,0.0,0.0
1,7.99,5,0,0.0,0.1252,0.0,0.0,0.0
1,8.00,6,2,0.3333,0.125,2.6667,3.0175,3.0833
1,8.01,3,1,0.3333,0.1248,2.67,4.2728,3.0
1,8.02,6,0,0.0,0.1247,0.0,0.0,0.0
1,8.03,9,1,0.1111,0.1245,0.8922,1.6487,0.9778
1,8.04,3,1,0.3333,0.1244,2.68,4.2888,3.0
1,8.05,5,1,0.2,0.1242,1.61,2.8225,1.7
1,8.06,8,0,0.0,0.1241,0.0,0.0,0.0
1,8.07,4,2,0.5,0.1239,4.035,3.9543,4.925
1,8.08,10,0,0.0,0.1238,0.0,0.0,0.0
1,8.09,2,1,0.5,0.1236,4.045,5.6061,4.75
1,8.10,9,0,0.0,0.1235,0.0,0.0,0.0
1,8.11,4,0,0.0,0.1233,0.0,0.0,0.0
1,8.12,4,0,0.0,0.1232,0.0,0.0,0.0
1,8.13,6,1,0.1667,0.123,1.355,2.4246,1.5833
1,8.14,1,1,1.0,0.1229,8.14,0.0,9.0
1,8.15,11,0,0.0,0.1227,0.0,0.0,0.0
1,8.16,6,0,0.0,0.1225,0.0,0.0,0.0
1,8.17,8,2,0.25,0.1224,2.0425,2.4515,2.3813
1,8.18,5,0,0.0,0.1222,0.0,0.0,0.0
1,8.19,7,0,0.0,0.1221,0.0,0.0,0.0
1,8.20,9,0,0.0,0.122,0.0,0.0,0.0
1,8.21,6,1,0.1667,0.1218,1.3683,2.4485,1.5833
1,8.22,5,0,0.0,0.1217,0.0,0.0,0.0
1,8.23,7,0,0.0,0.1215,0.0,0.0,0.0
1,8.24,3,0,0.0,0.1214,0.0,0.0,0.0
1,8.25,3,1,0.3333,0.1212,2.75,4.4008,3.0
1,8.26,5,0,0.0,0.1211,0.0,0.0,0.0
1,8.27,8,0,0.0,0.1209,0.0,0.0,0.0
1,8.28,4,0,0.0,0.1208,0.0,0.0,0.0
1,8.29,5,0,0.0,0.1206,0.0,0.0,0.0
1,8.30,5,0,0.0,0.1205,0.0,0.0,0.0
1,8.31,8,0,0.0,0.1203,0.0,0.0,0.0
1,8.32,7,0,0.0,0.1202,0.0,0.0,0.0
1,8.33,4,1,0.25,0.12,2.0825,3.5349,2.73
1,8.34,4,1,0.25,0.1199,2.085,3.5391,2.375
1,8.35,10,2,0.2,0.1198,1.67,2.0702,1.904
1,8.36,6,0,0.0,0.1196,0.0,0.0,0.0
1,8.37,1,0,0.0,0.1195,0.0,0.0,0.0
1,8.38,4,0,0.0,0.1193,0.0,0.0,0.0
1,8.39,4,0,0.0,0.1192,0.0,0.0,0.0
1,8.40,2,0,0.0,0.119,0.0,0.0,0.0
1,8.41,5,0,0.0,0.1189,0.0,0.0,0.0
1,8.42,7,0,0.0,0.1188,0.0,0.0,0.0
1,8.43,1,0,0.0,0.1186,0.0,0.0,0.0
1,8.44,6,1,0.1667,0.1185,1.4067,2.517,1.8333
1,8.45,4,2,0.5,0.1183,4.225,4.1405,4.995
1,8.46,5,1,0.2,0.1182,1.692,2.9662,1.9
1,8.47,7,0,0.0,0.1181,0.0,0.0,0.0
1,8.48,6,0,0.0,0.1179,0.0,0.0,0.0
1,8.49,6,1,0.1667,0.1178,1.415,2.532,1.5
1,8.50,7,1,0.1429,0.1176,1.2143,2.2037,1.4214
1,8.51,2,0,0.0,0.1175,0.0,0.0,0.0
1,8.52,6,1,0.1667,0.1174,1.42,2.5409,1.5833
1,8.53,3,0,0.0,0.1172,0.0,0.0,0.0
1,8.54,6,1,0.1667,0.1171,1.4233,2.5469,1.5667
1,8.55,4,1,0.25,0.117,2.1375,3.6282,2.4375
1,8.56,5,0,0.0,0.1168,0.0,0.0,0.0
1,8.57,5,0,0.0,0.1167,0.0,0.0,0.0
1,8.58,3,0,0.0,0.1166,0.0,0.0,0.0
1,8.59,4,0,0.0,0.1164,0.0,0.0,0.0
1,8.60,6,0,0.0,0.1163,0.0,0.0,0.0
1,8.61,10,1,0.1,0.1161,0.861,1.601,0.979
1,8.62,5,0,0.0,0.116,0.0,0.0,0.0
1,8.63,10,0,0.0,0.1159,0.0,0.0,0.0
1,8.64,4,1,0.25,0.1157,2.16,3.6664,2.375
1,8.65,6,1,0.1667,0.1156,1.4417,2.5797,1.6183
1,8.66,5,1,0.2,0.1155,1.732,3.0363,1.97
1,8.67,5,2,0.4,0.1153,3.468,3.723,4.2
1,8.68,8,0,0.0,0.1152,0.0,0.0,0.0
1,8.69,6,1,0.1667,0.1151,1.4483,2.5916,1.5833
1,8.70,3,0,0.0,0.1149,0.0,0.0,0.0
1,8.71,9,2,0.2222,0.1148,1.9356,2.3657,2.2367
1,8.72,4,0,0.0,0.1147,0.0,0.0,0.0
1,8.73,4,0,0.0,0.1145,0.0,0.0,0.0
1,8.74,5,0,0.0,0.1144,0.0,0.0,0.0
1,8.75,3,0,0.0,0.1143,0.0,0.0,0.0
1,8.76,4,0,0.0,0.1142,0.0,0.0,0.0
1,8.77,7,0,0.0,0.114,0.0,0.0,0.0
1,8.78,8,1,0.125,0.1139,1.0975,2.0122,1.2437
1,8.79,7,1,0.1429,0.1138,1.2557,2.2789,1.4286
1,8.80,3,2,0.6667,0.1136,5.8667,4.6942,7.4167
1,8.81,5,1,0.2,0.1135,1.762,3.0889,2.0
1,8.83,6,0,0.0,0.1133,0.0,0.0,0.0
1,8.84,5,1,0.2,0.1131,1.768,3.0994,2.0
1,8.85,6,2,0.3333,0.113,2.95,3.3382,3.3833
1,8.86,5,1,0.2,0.1129,1.772,3.1065,2.094
1,8.87,1,0,0.0,0.1127,0.0,0.0,0.0
1,8.88,3,0,0.0,0.1126,0.0,0.0,0.0
1,8.89,2,1,0.5,0.1125,4.445,6.1605,5.0
1,8.90,6,1,0.1667,0.1124,1.4833,2.6542,1.6667
1,8.91,2,0,0.0,0.1122,0.0,0.0,0.0
1,8.92,4,0,0.0,0.1121,0.0,0.0,0.0
1,8.93,6,1,0.1667,0.112,1.4883,2.6632,1.7883
1,8.94,4,0,0.0,0.1119,0.0,0.0,0.0
1,8.95,3,0,0.0,0.1117,0.0,0.0,0.0
1,8.96,3,0,0.0,0.1116,0.0,0.0,0.0
1,8.97,5,0,0.0,0.1115,0.0,0.0,0.0
1,8.98,3,0,0.0,0.1114,0.0,0.0,0.0
1,8.99,3,0,0.0,0.1112,0.0,0.0,0.0
1,9.00,8,1,0.125,0.1111,1.125,2.0626,1.25
1,9.01,4,0,0.0,0.111,0.0,0.0,0.0
1,9.02,2,0,0.0,0.1109,0.0,0.0,0.0
1,9.03,4,0,0.0,0.1107,0.0,0.0,0.0
1,9.04,3,1,0.3333,0.1106,3.0133,4.8222,3.5
1,9.05,5,0,0.0,0.1105,0.0,0.0,0.0
1,9.06,7,0,0.0,0.1104,0.0,0.0,0.0
1,9.07,5,1,0.2,0.1103,1.814,3.1801,2.068
1,9.08,3,0,0.0,0.1101,0.0,0.0,0.0
1,9.09,5,0,0.0,0.11,0.0,0.0,0.0
1,9.10,6,1,0.1667,0.1099,1.5167,2.7139,1.8933
1,9.11,7,2,0.2857,0.1098,2.6029,3.0487,3.2071
1,9.12,3,0,0.0,0.1096,0.0,0.0,0.0
1,9.13,4,0,0.0,0.1095,0.0,0.0,0.0
1,9.14,6,0,0.0,0.1094,0.0,0.0,0.0
1,9.15,3,0,0.0,0.1093,0.0,0.0,0.0
1,9.16,5,0,0.0,0.1092,0.0,0.0,0.0
1,9.17,1,0,0.0,0.1091,0.0,0.0,0.0
1,9.18,3,0,0.0,0.1089,0.0,0.0,0.0
1,9.19,4,0,0.0,0.1088,0.0,0.0,0.0
1,9.20,3,0,0.0,0.1087,0.0,0.0,0.0
1,9.21,5,0,0.0,0.1086,0.0,0.0,0.0
1,9.22,3,0,0.0,0.1085,0.0,0.0,0.0
1,9.23,6,0,0.0,0.1083,0.0,0.0,0.0
1,9.24,2,0,0.0,0.1082,0.0,0.0,0.0
1,9.26,3,0,0.0,0.108,0.0,0.0,0.0
1,9.27,5,0,0.0,0.1079,0.0,0.0,0.0
1,9.28,2,0,0.0,0.1078,0.0,0.0,0.0
1,9.29,4,1,0.25,0.1076,2.3225,3.9422,2.75
1,9.30,2,0,0.0,0.1075,0.0,0.0,0.0
1,9.31,5,2,0.4,0.1074,3.724,3.9978,5.6
1,9.32,1,0,0.0,0.1073,0.0,0.0,0.0
1,9.33,3,1,0.3333,0.1072,3.11,4.9769,3.5
1,9.34,1,0,0.0,0.1071,0.0,0.0,0.0
1,9.35,2,0,0.0,0.107,0.0,0.0,0.0
1,9.36,2,0,0.0,0.1068,0.0,0.0,0.0
1,9.37,5,0,0.0,0.1067,0.0,0.0,0.0
1,9.38,2,0,0.0,0.1066,0.0,0.0,0.0
1,9.39,3,0,0.0,0.1065,0.0,0.0,0.0
1,9.40,3,1,0.3333,0.1064,3.1333,5.0143,3.5
1,9.41,6,0,0.0,0.1063,0.0,0.0,0.0
1,9.42,2,0,0.0,0.1062,0.0,0.0,0.0
1,9.43,3,0,0.0,0.106,0.0,0.0,0.0
1,9.44,3,1,0.3333,0.1059,3.1467,5.0356,3.6667
1,9.45,9,0,0.0,0.1058,0.0,0.0,0.0
1,9.46,5,0,0.0,0.1057,0.0,0.0,0.0
1,9.47,6,0,0.0,0.1056,0.0,0.0,0.0
1,9.48,1,0,0.0,0.1055,0.0,0.0,0.0
1,9.49,5,0,0.0,0.1054,0.0,0.0,0.0
1,9.50,5,0,0.0,0.1053,0.0,0.0,0.0
1,9.51,6,0,0.0,0.1052,0.0,0.0,0.0
1,9.52,4,1,0.25,0.105,2.38,4.0398,2.875
1,9.53,2,0,0.0,0.1049,0.0,0.0,0.0
1,9.54,4,0,0.0,0.1048,0.0,0.0,0.0
1,9.55,2,0,0.0,0.1047,0.0,0.0,0.0
1,9.56,3,0,0.0,0.1046,0.0,0.0,0.0
1,9.57,7,0,0.0,0.1045,0.0,0.0,0.0
1,9.58,4,2,0.5,0.1044,4.79,4.6942,5.5
1,9.59,1,1,1.0,0.1043,9.59,0.0,10.5
1,9.60,2,0,0.0,0.1042,0.0,0.0,0.0
1,9.61,5,0,0.0,0.1041,0.0,0.0,0.0
1,9.62,3,0,0.0,0.104,0.0,0.0,0.0
1,9.63,3,0,0.0,0.1038,0.0,0.0,0.0
1,9.64,2,0,0.0,0.1037,0.0,0.0,0.0
1,9.65,3,0,0.0,0.1036,0.0,0.0,0.0
1,9.66,5,0,0.0,0.1035,0.0,0.0,0.0
1,9.67,4,0,0.0,0.1034,0.0,0.0,0.0
1,9.68,3,0,0.0,0.1033,0.0,0.0,0.0
1,9.69,2,0,0.0,0.1032,0.0,0.0,0.0
1,9.70,2,0,0.0,0.1031,0.0,0.0,0.0
1,9.71,5,0,0.0,0.103,0.0,0.0,0.0
1,9.72,1,0,0.0,0.1029,0.0,0.0,0.0
1,9.73,5,1,0.2,0.1028,1.946,3.4115,2.6
1,9.74,8,1,0.125,0.1027,1.2175,2.2322,1.5
1,9.75,1,0,0.0,0.1026,0.0,0.0,0.0
1,9.76,5,0,0.0,0.1025,0.0,0.0,0.0
1,9.77,4,0,0.0,0.1024,0.0,0.0,0.0
1,9.78,1,0,0.0,0.1022,0.0,0.0,0.0
1,9.79,4,0,0.0,0.1021,0.0,0.0,0.0
1,9.80,6,1,0.1667,0.102,1.6333,2.9226,1.9833
1,9.81,3,0,0.0,0.1019,0.0,0.0,0.0
1,9.82,4,0,0.0,0.1018,0.0,0.0,0.0
1,9.83,6,0,0.0,0.1017,0.0,0.0,0.0
1,9.84,1,0,0.0,0.1016,0.0,0.0,0.0
1,9.85,6,1,0.1667,0.1015,1.6417,2.9375,1.9333
1,9.86,2,1,0.5,0.1014,4.93,6.8326,5.5
1,9.87,2,0,0.0,0.1013,0.0,0.0,0.0
1,9.88,4,0,0.0,0.1012,0.0,0.0,0.0
1,9.89,1,0,0.0,0.1011,0.0,0.0,0.0
1,9.90,7,0,0.0,0.101,0.0,0.0,0.0
1,9.91,4,0,0.0,0.1009,0.0,0.0,0.0
1,9.92,5,0,0.0,0.1008,0.0,0.0,0.0
1,9.93,2,0,0.0,0.1007,0.0,0.0,0.0
1,9.94,2,0,0.0,0.1006,0.0,0.0,0.0
1,9.95,4,1,0.25,0.1005,2.4875,4.2223,3.0
1,9.96,1,0,0.0,0.1004,0.0,0.0,0.0
1,9.97,4,0,0.0,0.1003,0.0,0.0,0.0
1,9.98,2,0,0.0,0.1002,0.0,0.0,0.0
1,9.99,6,0,0.0,0.1001,0.0,0.0,0.0
1,10.00,8,0,0.0,0.1,0.0,0.0,0.0
1,10.01,3,0,0.0,0.0999,0.0,0.0,0.0
1,10.02,2,1,0.5,0.0998,5.01,6.9435,6.5
1,10.03,3,0,0.0,0.0997,0.0,0.0,0.0
1,10.04,2,0,0.0,0.0996,0.0,0.0,0.0
1,10.05,3,0,0.0,0.0995,0.0,0.0,0.0
1,10.06,5,0,0.0,0.0994,0.0,0.0,0.0
1,10.07,1,0,0.0,0.0993,0.0,0.0,0.0
1,10.08,3,0,0.0,0.0992,0.0,0.0,0.0
1,10.09,6,0,0.0,0.0991,0.0,0.0,0.0
1,10.10,5,0,0.0,0.099,0.0,0.0,0.0
1,10.11,5,1,0.2,0.0989,2.022,3.5447,2.458
1,10.13,2,1,0.5,0.0987,5.065,7.0197,5.875
1,10.14,2,0,0.0,0.0986,0.0,0.0,0.0
1,10.15,3,0,0.0,0.0985,0.0,0.0,0.0
1,10.16,2,0,0.0,0.0984,0.0,0.0,0.0
1,10.17,1,1,1.0,0.0983,10.17,0.0,12.0
1,10.19,3,0,0.0,0.0981,0.0,0.0,0.0
1,10.20,1,0,0.0,0.098,0.0,0.0,0.0
1,10.21,5,1,0.2,0.0979,2.042,3.5798,2.4
1,10.22,4,0,0.0,0.0978,0.0,0.0,0.0
1,10.23,2,0,0.0,0.0978,0.0,0.0,0.0
1,10.24,2,1,0.5,0.0977,5.12,7.096,6.125
1,10.25,1,0,0.0,0.0976,0.0,0.0,0.0
1,10.26,1,0,0.0,0.0975,0.0,0.0,0.0
1,10.27,2,0,0.0,0.0974,0.0,0.0,0.0
1,10.28,3,0,0.0,0.0973,0.0,0.0,0.0
1,10.29,8,3,0.375,0.0972,3.8587,3.4521,4.8413
1,10.30,5,0,0.0,0.0971,0.0,0.0,0.0
1,10.32,4,0,0.0,0.0969,0.0,0.0,0.0
1,10.33,4,0,0.0,0.0968,0.0,0.0,0.0
1,10.34,2,0,0.0,0.0967,0.0,0.0,0.0
1,10.35,4,1,0.25,0.0966,2.5875,4.392,3.0
1,10.36,2,0,0.0,0.0965,0.0,0.0,0.0
1,10.37,5,1,0.2,0.0964,2.074,3.6359,2.52
1,10.38,7,0,0.0,0.0963,0.0,0.0,0.0
1,10.39,4,1,0.25,0.0962,2.5975,4.409,3.0
1,10.41,6,0,0.0,0.0961,0.0,0.0,0.0
1,10.42,4,0,0.0,0.096,0.0,0.0,0.0
1,10.43,3,0,0.0,0.0959,0.0,0.0,0.0
1,10.45,2,1,0.5,0.0957,5.225,7.2415,6.535
1,10.46,6,0,0.0,0.0956,0.0,0.0,0.0
1,10.47,3,0,0.0,0.0955,0.0,0.0,0.0
1,10.48,5,1,0.2,0.0954,2.096,3.6745,2.4
1,10.49,2,0,0.0,0.0953,0.0,0.0,0.0
1,10.50,1,0,0.0,0.0952,0.0,0.0,0.0
1,10.51,2,0,0.0,0.0951,0.0,0.0,0.0
1,10.52,2,0,0.0,0.0951,0.0,0.0,0.0
1,10.53,2,0,0.0,0.095,0.0,0.0,0.0
1,10.54,7,0,0.0,0.0949,0.0,0.0,0.0
1,10.55,1,1,1.0,0.0948,10.55,0.0,13.0
1,10.56,3,1,0.3333,0.0947,3.52,5.633,4.06
1,10.57,5,0,0.0,0.0946,0.0,0.0,0.0
1,10.58,5,2,0.4,0.0945,4.232,4.5432,5.0
1,10.59,2,0,0.0,0.0944,0.0,0.0,0.0
1,10.60,6,1,0.1667,0.0943,1.7667,3.1612,2.5
1,10.62,2,0,0.0,0.0942,0.0,0.0,0.0
1,10.63,4,0,0.0,0.0941,0.0,0.0,0.0
1,10.65,5,0,0.0,0.0939,0.0,0.0,0.0
1,10.66,1,0,0.0,0.0938,0.0,0.0,0.0
1,10.67,6,0,0.0,0.0937,0.0,0.0,0.0
1,10.68,5,0,0.0,0.0936,0.0,0.0,0.0
1,10.69,1,0,0.0,0.0935,0.0,0.0,0.0
1,10.70,1,0,0.0,0.0935,0.0,0.0,0.0
1,10.71,2,0,0.0,0.0934,0.0,0.0,0.0
1,10.73,2,0,0.0,0.0932,0.0,0.0,0.0
1,10.75,2,1,0.5,0.093,5.375,7.4494,6.0
1,10.76,1,0,0.0,0.0929,0.0,0.0,0.0
1,10.77,2,0,0.0,0.0929,0.0,0.0,0.0
1,10.78,4,0,0.0,0.0928,0.0,0.0,0.0
1,10.79,2,0,0.0,0.0927,0.0,0.0,0.0
1,10.80,1,0,0.0,0.0926,0.0,0.0,0.0
1,10.82,1,1,1.0,0.0924,10.82,0.0,14.0
1,10.83,3,0,0.0,0.0923,0.0,0.0,0.0
1,10.84,4,0,0.0,0.0923,0.0,0.0,0.0
1,10.85,1,0,0.0,0.0922,0.0,0.0,0.0
1,10.87,3,0,0.0,0.092,0.0,0.0,0.0
1,10.88,2,0,0.0,0.0919,0.0,0.0,0.0
1,10.89,3,0,0.0,0.0918,0.0,0.0,0.0
1,10.93,1,0,0.0,0.0915,0.0,0.0,0.0
1,10.94,2,0,0.0,0.0914,0.0,0.0,0.0
1,10.95,1,0,0.0,0.0913,0.0,0.0,0.0
1,10.97,3,2,0.6667,0.0912,7.3133,5.8517,8.5667
1,10.98,2,0,0.0,0.0911,0.0,0.0,0.0
1,10.99,4,0,0.0,0.091,0.0,0.0,0.0
1,11.00,3,1,0.3333,0.0909,3.6667,5.8677,5.0
1,11.01,1,0,0.0,0.0908,0.0,0.0,0.0
1,11.02,5,1,0.2,0.0907,2.204,3.8638,2.6
1,11.03,3,0,0.0,0.0907,0.0,0.0,0.0
1,11.04,1,0,0.0,0.0906,0.0,0.0,0.0
1,11.05,2,0,0.0,0.0905,0.0,0.0,0.0
1,11.06,2,0,0.0,0.0904,0.0,0.0,0.0
1,11.07,1,0,0.0,0.0903,0.0,0.0,0.0
1,11.08,3,0,0.0,0.0903,0.0,0.0,0.0
1,11.09,1,0,0.0,0.0902,0.0,0.0,0.0
1,11.10,3,0,0.0,0.0901,0.0,0.0,0.0
1,11.11,1,0,0.0,0.09,0.0,0.0,0.0
1,11.12,4,0,0.0,0.0899,0.0,0.0,0.0
1,11.13,3,0,0.0,0.0898,0.0,0.0,0.0
1,11.14,1,0,0.0,0.0898,0.0,0.0,0.0
1,11.15,3,0,0.0,0.0897,0.0,0.0,0.0
1,11.16,2,0,0.0,0.0896,0.0,0.0,0.0
1,11.17,3,1,0.3333,0.0895,3.7233,5.9584,4.6667
1,11.18,3,0,0.0,0.0894,0.0,0.0,0.0
1,11.19,4,0,0.0,0.0894,0.0,0.0,0.0
1,11.20,2,0,0.0,0.0893,0.0,0.0,0.0
1,11.21,2,1,0.5,0.0892,5.605,7.7681,6.5
1,11.22,2,0,0.0,0.0891,0.0,0.0,0.0
1,11.24,2,0,0.0,0.089,0.0,0.0,0.0
1,11.25,1,0,0.0,0.0889,0.0,0.0,0.0
1,11.26,1,0,0.0,0.0888,0.0,0.0,0.0
1,11.27,1,0,0.0,0.0887,0.0,0.0,0.0
1,11.29,3,0,0.0,0.0886,0.0,0.0,0.0
1,11.30,2,0,0.0,0.0885,0.0,0.0,0.0
1,11.31,2,0,0.0,0.0884,0.0,0.0,0.0
1,11.32,2,1,0.5,0.0883,5.66,7.8444,6.125
1,11.34,2,1,0.5,0.0882,5.67,7.8582,6.5
1,11.35,2,0,0.0,0.0881,0.0,0.0,0.0
1,11.36,3,0,0.0,0.088,0.0,0.0,0.0
1,11.37,1,0,0.0,0.088,0.0,0.0,0.0
1,11.38,3,0,0.0,0.0879,0.0,0.0,0.0
1,11.39,2,0,0.0,0.0878,0.0,0.0,0.0
1,11.40,1,0,0.0,0.0877,0.0,0.0,0.0
1,11.41,1,0,0.0,0.0876,0.0,0.0,0.0
1,11.42,2,0,0.0,0.0876,0.0,0.0,0.0
1,11.43,1,0,0.0,0.0875,0.0,0.0,0.0
1,11.44,3,1,0.3333,0.0874,3.8133,6.1025,4.5
1,11.45,5,0,0.0,0.0873,0.0,0.0,0.0
1,11.46,1,1,1.0,0.0873,11.46,0.0,13.0
1,11.47,2,0,0.0,0.0872,0.0,0.0,0.0
1,11.48,1,0,0.0,0.0871,0.0,0.0,0.0
1,11.49,3,0,0.0,0.087,0.0,0.0,0.0
1,11.50,3,1,0.3333,0.087,3.8333,6.1345,4.3333
1,11.51,2,0,0.0,0.0869,0.0,0.0,0.0
1,11.52,1,1,1.0,0.0868,11.52,0.0,14.0
1,11.53,3,0,0.0,0.0867,0.0,0.0,0.0
1,11.54,3,0,0.0,0.0867,0.0,0.0,0.0
1,11.55,3,0,0.0,0.0866,0.0,0.0,0.0
1,11.56,1,0,0.0,0.0865,0.0,0.0,0.0
1,11.57,2,0,0.0,0.0864,0.0,0.0,0.0
1,11.58,2,0,0.0,0.0864,0.0,0.0,0.0
1,11.60,1,0,0.0,0.0862,0.0,0.0,0.0
1,11.61,3,0,0.0,0.0861,0.0,0.0,0.0
1,11.63,1,0,0.0,0.086,0.0,0.0,0.0
1,11.64,3,0,0.0,0.0859,0.0,0.0,0.0
1,11.65,1,0,0.0,0.0858,0.0,0.0,0.0
1,11.66,1,0,0.0,0.0858,0.0,0.0,0.0
1,11.67,3,0,0.0,0.0857,0.0,0.0,0.0
1,11.68,1,0,0.0,0.0856,0.0,0.0,0.0
1,11.71,1,0,0.0,0.0854,0.0,0.0,0.0
1,11.72,1,0,0.0,0.0853,0.0,0.0,0.0
1,11.73,3,0,0.0,0.0853,0.0,0.0,0.0
1,11.74,1,0,0.0,0.0852,0.0,0.0,0.0
1,11.75,3,0,0.0,0.0851,0.0,0.0,0.0
1,11.76,3,1,0.3333,0.085,3.92,6.2731,5.0
1,11.77,5,1,0.2,0.085,2.354,4.1267,3.0
1,11.78,1,0,0.0,0.0849,0.0,0.0,0.0
1,11.79,1,0,0.0,0.0848,0.0,0.0,0.0
1,11.80,1,0,0.0,0.0847,0.0,0.0,0.0
1,11.81,2,0,0.0,0.0847,0.0,0.0,0.0
1,11.82,1,0,0.0,0.0846,0.0,0.0,0.0
1,11.83,1,0,0.0,0.0845,0.0,0.0,0.0
1,11.84,4,0,0.0,0.0845,0.0,0.0,0.0
1,11.85,2,0,0.0,0.0844,0.0,0.0,0.0
1,11.86,2,0,0.0,0.0843,0.0,0.0,0.0
1,11.87,1,0,0.0,0.0842,0.0,0.0,0.0
1,11.88,1,0,0.0,0.0842,0.0,0.0,0.0
1,11.90,1,0,0.0,0.084,0.0,0.0,0.0
1,11.91,2,1,0.5,0.084,5.955,8.2532,7.0
1,11.92,1,0,0.0,0.0839,0.0,0.0,0.0
1,11.93,1,0,0.0,0.0838,0.0,0.0,0.0
1,11.94,1,0,0.0,0.0838,0.0,0.0,0.0
1,11.97,1,0,0.0,0.0835,0.0,0.0,0.0
1,11.99,3,0,0.0,0.0834,0.0,0.0,0.0
1,12.00,5,1,0.2,0.0833,2.4,4.2074,3.268
1,12.01,2,0,0.0,0.0833,0.0,0.0,0.0
1,12.02,1,0,0.0,0.0832,0.0,0.0,0.0
1,12.03,2,0,0.0,0.0831,0.0,0.0,0.0
1,12.05,1,1,1.0,0.083,12.05,0.0,15.0
1,12.06,4,0,0.0,0.0829,0.0,0.0,0.0
1,12.08,3,0,0.0,0.0828,0.0,0.0,0.0
1,12.09,1,0,0.0,0.0827,0.0,0.0,0.0
1,12.10,1,0,0.0,0.0826,0.0,0.0,0.0
1,12.11,1,0,0.0,0.0826,0.0,0.0,0.0
1,12.12,1,0,0.0,0.0825,0.0,0.0,0.0
1,12.13,3,1,0.3333,0.0824,4.0433,6.4705,5.0
1,12.14,2,0,0.0,0.0824,0.0,0.0,0.0
1,12.15,4,0,0.0,0.0823,0.0,0.0,0.0
1,12.16,1,0,0.0,0.0822,0.0,0.0,0.0
1,12.17,2,0,0.0,0.0822,0.0,0.0,0.0
1,12.18,3,0,0.0,0.0821,0.0,0.0,0.0
1,12.19,2,0,0.0,0.082,0.0,0.0,0.0
1,12.20,3,1,0.3333,0.082,4.0667,6.5079,5.0
1,12.21,1,0,0.0,0.0819,0.0,0.0,0.0
1,12.23,2,0,0.0,0.0818,0.0,0.0,0.0
1,12.26,1,0,0.0,0.0816,0.0,0.0,0.0
1,12.27,1,0,0.0,0.0815,0.0,0.0,0.0
1,12.28,2,0,0.0,0.0814,0.0,0.0,0.0
1,12.29,1,0,0.0,0.0814,0.0,0.0,0.0
1,12.30,4,0,0.0,0.0813,0.0,0.0,0.0
1,12.31,1,0,0.0,0.0812,0.0,0.0,0.0
1,12.33,1,0,0.0,0.0811,0.0,0.0,0.0
1,12.34,3,0,0.0,0.081,0.0,0.0,0.0
1,12.35,4,0,0.0,0.081,0.0,0.0,0.0
1,12.36,2,0,0.0,0.0809,0.0,0.0,0.0
1,12.37,3,0,0.0,0.0808,0.0,0.0,0.0
1,12.38,1,0,0.0,0.0808,0.0,0.0,0.0
1,12.39,1,0,0.0,0.0807,0.0,0.0,0.0
1,12.41,2,1,0.5,0.0806,6.205,8.5997,7.5
1,12.42,1,0,0.0,0.0805,0.0,0.0,0.0
1,12.43,1,0,0.0,0.0805,0.0,0.0,0.0
1,12.44,2,0,0.0,0.0804,0.0,0.0,0.0
1,12.45,3,0,0.0,0.0803,0.0,0.0,0.0
1,12.48,2,0,0.0,0.0801,0.0,0.0,0.0
1,12.49,1,1,1.0,0.0801,12.49,0.0,16.25
1,12.50,1,0,0.0,0.08,0.0,0.0,0.0
1,12.51,4,0,0.0,0.0799,0.0,0.0,0.0
1,12.54,3,0,0.0,0.0797,0.0,0.0,0.0
1,12.55,1,0,0.0,0.0797,0.0,0.0,0.0
1,12.56,1,0,0.0,0.0796,0.0,0.0,0.0
1,12.57,1,0,0.0,0.0796,0.0,0.0,0.0
1,12.58,1,0,0.0,0.0795,0.0,0.0,0.0
1,12.59,1,0,0.0,0.0794,0.0,0.0,0.0
1,12.60,2,1,0.5,0.0794,6.3,8.7314,7.0
1,12.61,1,0,0.0,0.0793,0.0,0.0,0.0
1,12.62,2,0,0.0,0.0792,0.0,0.0,0.0
1,12.63,1,0,0.0,0.0792,0.0,0.0,0.0
1,12.64,1,0,0.0,0.0791,0.0,0.0,0.0
1,12.69,2,1,0.5,0.0788,6.345,8.7937,8.5
1,12.71,1,0,0.0,0.0787,0.0,0.0,0.0
1,12.72,1,0,0.0,0.0786,0.0,0.0,0.0
1,12.73,1,0,0.0,0.0786,0.0,0.0,0.0
1,12.75,1,1,1.0,0.0784,12.75,0.0,16.7
1,12.78,1,0,0.0,0.0782,0.0,0.0,0.0
1,12.80,1,0,0.0,0.0781,0.0,0.0,0.0
1,12.81,1,0,0.0,0.0781,0.0,0.0,0.0
1,12.83,4,1,0.25,0.0779,3.2075,5.4444,3.815
1,12.84,3,0,0.0,0.0779,0.0,0.0,0.0
1,12.85,1,0,0.0,0.0778,0.0,0.0,0.0
1,12.86,1,0,0.0,0.0778,0.0,0.0,0.0
1,12.89,1,0,0.0,0.0776,0.0,0.0,0.0
1,12.94,1,0,0.0,0.0773,0.0,0.0,0.0
1,12.95,1,0,0.0,0.0772,0.0,0.0,0.0
1,12.96,1,0,0.0,0.0772,0.0,0.0,0.0
1,12.97,1,0,0.0,0.0771,0.0,0.0,0.0
1,12.98,1,0,0.0,0.077,0.0,0.0,0.0
1,12.99,1,0,0.0,0.077,0.0,0.0,0.0
1,13.00,2,0,0.0,0.0769,0.0,0.0,0.0
1,13.01,1,0,0.0,0.0769,0.0,0.0,0.0
1,13.02,2,0,0.0,0.0768,0.0,0.0,0.0
1,13.03,1,0,0.0,0.0767,0.0,0.0,0.0
1,13.06,3,0,0.0,0.0766,0.0,0.0,0.0
1,13.07,3,0,0.0,0.0765,0.0,0.0,0.0
1,13.08,1,0,0.0,0.0765,0.0,0.0,0.0
1,13.10,1,0,0.0,0.0763,0.0,0.0,0.0
1,13.13,1,0,0.0,0.0762,0.0,0.0,0.0
1,13.14,1,0,0.0,0.0761,0.0,0.0,0.0
1,13.16,1,0,0.0,0.076,0.0,0.0,0.0
1,13.18,4,0,0.0,0.0759,0.0,0.0,0.0
1,13.19,1,0,0.0,0.0758,0.0,0.0,0.0
1,13.20,1,0,0.0,0.0758,0.0,0.0,0.0
1,13.21,1,0,0.0,0.0757,0.0,0.0,0.0
1,13.23,1,0,0.0,0.0756,0.0,0.0,0.0
1,13.24,2,0,0.0,0.0755,0.0,0.0,0.0
1,13.25,2,1,0.5,0.0755,6.625,9.1818,7.5
1,13.28,2,0,0.0,0.0753,0.0,0.0,0.0
1,13.29,1,0,0.0,0.0752,0.0,0.0,0.0
1,13.31,1,0,0.0,0.0751,0.0,0.0,0.0
1,13.32,2,0,0.0,0.0751,0.0,0.0,0.0
1,13.33,2,0,0.0,0.075,0.0,0.0,0.0
1,13.35,1,0,0.0,0.0749,0.0,0.0,0.0
1,13.38,1,0,0.0,0.0747,0.0,0.0,0.0
1,13.39,1,0,0.0,0.0747,0.0,0.0,0.0
1,13.41,1,0,0.0,0.0746,0.0,0.0,0.0
1,13.42,1,0,0.0,0.0745,0.0,0.0,0.0
1,13.47,1,0,0.0,0.0742,0.0,0.0,0.0
1,13.48,2,0,0.0,0.0742,0.0,0.0,0.0
1,13.49,1,0,0.0,0.0741,0.0,0.0,0.0
1,13.50,3,0,0.0,0.0741,0.0,0.0,0.0
1,13.51,1,0,0.0,0.074,0.0,0.0,0.0
1,13.52,1,0,0.0,0.074,0.0,0.0,0.0
1,13.53,1,0,0.0,0.0739,0.0,0.0,0.0
1,13.54,2,0,0.0,0.0739,0.0,0.0,0.0
1,13.55,2,0,0.0,0.0738,0.0,0.0,0.0
1,13.56,2,0,0.0,0.0737,0.0,0.0,0.0
1,13.57,1,0,0.0,0.0737,0.0,0.0,0.0
1,13.58,1,0,0.0,0.0736,0.0,0.0,0.0
1,13.59,3,0,0.0,0.0736,0.0,0.0,0.0
1,13.60,3,0,0.0,0.0735,0.0,0.0,0.0
1,13.61,1,0,0.0,0.0735,0.0,0.0,0.0
1,13.62,1,0,0.0,0.0734,0.0,0.0,0.0
1,13.65,1,0,0.0,0.0733,0.0,0.0,0.0
1,13.66,1,0,0.0,0.0732,0.0,0.0,0.0
1,13.68,1,0,0.0,0.0731,0.0,0.0,0.0
1,13.69,3,0,0.0,0.073,0.0,0.0,0.0
1,13.70,3,0,0.0,0.073,0.0,0.0,0.0
1,13.71,1,0,0.0,0.0729,0.0,0.0,0.0
1,13.73,1,0,0.0,0.0728,0.0,0.0,0.0
1,13.74,2,0,0.0,0.0728,0.0,0.0,0.0
1,13.77,1,0,0.0,0.0726,0.0,0.0,0.0
1,13.78,1,1,1.0,0.0726,13.78,0.0,17.0
1,13.79,2,1,0.5,0.0725,6.895,9.556,7.5
1,13.81,1,0,0.0,0.0724,0.0,0.0,0.0
1,13.84,2,0,0.0,0.0723,0.0,0.0,0.0
1,13.85,1,0,0.0,0.0722,0.0,0.0,0.0
1,13.88,2,0,0.0,0.072,0.0,0.0,0.0
1,13.89,1,0,0.0,0.072,0.0,0.0,0.0
1,13.91,2,0,0.0,0.0719,0.0,0.0,0.0
1,13.92,1,0,0.0,0.0718,0.0,0.0,0.0
1,13.93,1,0,0.0,0.0718,0.0,0.0,0.0
1,13.94,2,0,0.0,0.0717,0.0,0.0,0.0
1,13.95,1,0,0.0,0.0717,0.0,0.0,0.0
1,14.00,2,0,0.0,0.0714,0.0,0.0,0.0
1,14.02,1,1,1.0,0.0713,14.02,0.0,18.0
1,14.04,1,0,0.0,0.0712,0.0,0.0,0.0
1,14.05,1,1,1.0,0.0712,14.05,0.0,15.5
1,14.07,1,0,0.0,0.0711,0.0,0.0,0.0
1,14.10,1,0,0.0,0.0709,0.0,0.0,0.0
1,14.11,1,0,0.0,0.0709,0.0,0.0,0.0
1,14.14,2,0,0.0,0.0707,0.0,0.0,0.0
1,14.15,1,0,0.0,0.0707,0.0,0.0,0.0
1,14.17,3,0,0.0,0.0706,0.0,0.0,0.0
1,14.22,1,1,1.0,0.0703,14.22,0.0,20.0
1,14.23,1,0,0.0,0.0703,0.0,0.0,0.0
1,14.24,1,1,1.0,0.0702,14.24,0.0,19.0
1,14.25,1,0,0.0,0.0702,0.0,0.0,0.0
1,14.26,1,0,0.0,0.0701,0.0,0.0,0.0
1,14.34,1,0,0.0,0.0697,0.0,0.0,0.0
1,14.38,1,0,0.0,0.0695,0.0,0.0,0.0
1,14.42,1,0,0.0,0.0693,0.0,0.0,0.0
1,14.44,1,0,0.0,0.0693,0.0,0.0,0.0
1,14.46,1,0,0.0,0.0692,0.0,0.0,0.0
1,14.48,1,0,0.0,0.0691,0.0,0.0,0.0
1,14.49,1,0,0.0,0.069,0.0,0.0,0.0
1,14.50,1,0,0.0,0.069,0.0,0.0,0.0
1,14.55,1,0,0.0,0.0687,0.0,0.0,0.0
1,14.56,1,0,0.0,0.0687,0.0,0.0,0.0
1,14.57,1,0,0.0,0.0686,0.0,0.0,0.0
1,14.59,1,1,1.0,0.0685,14.59,0.0,21.0
1,14.65,1,0,0.0,0.0683,0.0,0.0,0.0
1,14.67,1,0,0.0,0.0682,0.0,0.0,0.0
1,14.68,3,0,0.0,0.0681,0.0,0.0,0.0
1,14.69,1,0,0.0,0.0681,0.0,0.0,0.0
1,14.70,1,0,0.0,0.068,0.0,0.0,0.0
1,14.74,2,0,0.0,0.0678,0.0,0.0,0.0
1,14.76,1,0,0.0,0.0678,0.0,0.0,0.0
1,14.79,1,0,0.0,0.0676,0.0,0.0,0.0
1,14.83,2,0,0.0,0.0674,0.0,0.0,0.0
1,14.84,1,0,0.0,0.0674,0.0,0.0,0.0
1,14.85,2,1,0.5,0.0673,7.425,10.2905,9.5
1,14.88,1,0,0.0,0.0672,0.0,0.0,0.0
1,14.89,1,0,0.0,0.0672,0.0,0.0,0.0
1,14.93,1,0,0.0,0.067,0.0,0.0,0.0
1,14.94,1,0,0.0,0.0669,0.0,0.0,0.0
1,14.97,1,0,0.0,0.0668,0.0,0.0,0.0
1,15.01,1,0,0.0,0.0666,0.0,0.0,0.0
1,15.03,1,0,0.0,0.0665,0.0,0.0,0.0
1,15.04,2,0,0.0,0.0665,0.0,0.0,0.0
1,15.05,1,0,0.0,0.0664,0.0,0.0,0.0
1,15.11,2,0,0.0,0.0662,0.0,0.0,0.0
1,15.12,1,0,0.0,0.0661,0.0,0.0,0.0
1,15.14,1,0,0.0,0.0661,0.0,0.0,0.0
1,15.16,1,0,0.0,0.066,0.0,0.0,0.0
1,15.18,1,0,0.0,0.0659,0.0,0.0,0.0
1,15.20,1,0,0.0,0.0658,0.0,0.0,0.0
1,15.22,1,0,0.0,0.0657,0.0,0.0,0.0
1,15.25,3,0,0.0,0.0656,0.0,0.0,0.0
1,15.30,1,0,0.0,0.0654,0.0,0.0,0.0
1,15.32,4,0,0.0,0.0653,0.0,0.0,0.0
1,15.33,1,0,0.0,0.0652,0.0,0.0,0.0
1,15.35,1,0,0.0,0.0651,0.0,0.0,0.0
1,15.39,1,0,0.0,0.065,0.0,0.0,0.0
1,15.41,1,0,0.0,0.0649,0.0,0.0,0.0
1,15.42,1,0,0.0,0.0649,0.0,0.0,0.0
1,15.43,1,0,0.0,0.0648,0.0,0.0,0.0
1,15.44,1,0,0.0,0.0648,0.0,0.0,0.0
1,15.54,2,0,0.0,0.0644,0.0,0.0,0.0
1,15.59,1,0,0.0,0.0641,0.0,0.0,0.0
1,15.61,1,0,0.0,0.0641,0.0,0.0,0.0
1,15.62,1,0,0.0,0.064,0.0,0.0,0.0
1,15.63,1,1,1.0,0.064,15.63,0.0,23.0
1,15.70,2,0,0.0,0.0637,0.0,0.0,0.0
1,15.71,2,0,0.0,0.0637,0.0,0.0,0.0
1,15.72,1,0,0.0,0.0636,0.0,0.0,0.0
1,15.73,1,0,0.0,0.0636,0.0,0.0,0.0
1,15.74,1,0,0.0,0.0635,0.0,0.0,0.0
1,15.76,1,0,0.0,0.0635,0.0,0.0,0.0
1,15.78,2,0,0.0,0.0634,0.0,0.0,0.0
1,15.79,1,0,0.0,0.0633,0.0,0.0,0.0
1,15.80,1,0,0.0,0.0633,0.0,0.0,0.0
1,15.84,1,0,0.0,0.0631,0.0,0.0,0.0
1,15.87,3,0,0.0,0.063,0.0,0.0,0.0
1,15.88,2,0,0.0,0.063,0.0,0.0,0.0
1,15.90,1,0,0.0,0.0629,0.0,0.0,0.0
1,15.91,1,0,0.0,0.0629,0.0,0.0,0.0
1,15.93,1,0,0.0,0.0628,0.0,0.0,0.0
1,15.97,1,0,0.0,0.0626,0.0,0.0,0.0
1,16.01,1,0,0.0,0.0625,0.0,0.0,0.0
1,16.08,1,0,0.0,0.0622,0.0,0.0,0.0
1,16.14,1,0,0.0,0.062,0.0,0.0,0.0
1,16.18,1,1,1.0,0.0618,16.18,0.0,19.0
1,16.24,2,0,0.0,0.0616,0.0,0.0,0.0
1,16.26,1,0,0.0,0.0615,0.0,0.0,0.0
1,16.27,1,0,0.0,0.0615,0.0,0.0,0.0
1,16.30,1,0,0.0,0.0613,0.0,0.0,0.0
1,16.31,1,0,0.0,0.0613,0.0,0.0,0.0
1,16.35,1,0,0.0,0.0612,0.0,0.0,0.0
1,16.37,1,0,0.0,0.0611,0.0,0.0,0.0
1,16.38,1,0,0.0,0.0611,0.0,0.0,0.0
1,16.51,1,0,0.0,0.0606,0.0,0.0,0.0
1,16.55,2,0,0.0,0.0604,0.0,0.0,0.0
1,16.60,1,0,0.0,0.0602,0.0,0.0,0.0
1,16.68,1,1,1.0,0.06,16.68,0.0,20.0
1,16.76,1,0,0.0,0.0597,0.0,0.0,0.0
1,16.78,1,0,0.0,0.0596,0.0,0.0,0.0
1,16.80,1,0,0.0,0.0595,0.0,0.0,0.0
1,16.82,1,0,0.0,0.0595,0.0,0.0,0.0
1,16.85,1,0,0.0,0.0593,0.0,0.0,0.0
1,16.86,1,0,0.0,0.0593,0.0,0.0,0.0
1,16.90,1,0,0.0,0.0592,0.0,0.0,0.0
1,16.92,1,0,0.0,0.0591,0.0,0.0,0.0
1,16.94,1,0,0.0,0.059,0.0,0.0,0.0
1,17.00,1,0,0.0,0.0588,0.0,0.0,0.0
1,17.08,1,0,0.0,0.0585,0.0,0.0,0.0
1,17.19,1,0,0.0,0.0582,0.0,0.0,0.0
1,17.24,1,0,0.0,0.058,0.0,0.0,0.0
1,17.27,1,0,0.0,0.0579,0.0,0.0,0.0
1,17.34,1,0,0.0,0.0577,0.0,0.0,0.0
1,17.44,1,0,0.0,0.0573,0.0,0.0,0.0
1,17.46,1,0,0.0,0.0573,0.0,0.0,0.0
1,17.47,1,0,0.0,0.0572,0.0,0.0,0.0
1,17.53,1,0,0.0,0.057,0.0,0.0,0.0
1,17.62,1,0,0.0,0.0568,0.0,0.0,0.0
1,17.64,1,0,0.0,0.0567,0.0,0.0,0.0
1,17.72,2,0,0.0,0.0564,0.0,0.0,0.0
1,17.73,1,0,0.0,0.0564,0.0,0.0,0.0
1,17.85,1,0,0.0,0.056,0.0,0.0,0.0
1,17.86,1,0,0.0,0.056,0.0,0.0,0.0
1,17.88,1,0,0.0,0.0559,0.0,0.0,0.0
1,18.02,1,1,1.0,0.0555,18.02,0.0,20.5
1,18.11,1,0,0.0,0.0552,0.0,0.0,0.0
1,18.19,1,0,0.0,0.055,0.0,0.0,0.0
1,18.30,1,0,0.0,0.0546,0.0,0.0,0.0
1,18.31,1,0,0.0,0.0546,0.0,0.0,0.0
1,18.56,2,0,0.0,0.0539,0.0,0.0,0.0
1,18.59,1,0,0.0,0.0538,0.0,0.0,0.0
1,18.63,1,0,0.0,0.0537,0.0,0.0,0.0
1,18.64,1,0,0.0,0.0536,0.0,0.0,0.0
1,18.78,1,0,0.0,0.0532,0.0,0.0,0.0
1,18.79,1,0,0.0,0.0532,0.0,0.0,0.0
1,18.84,1,0,0.0,0.0531,0.0,0.0,0.0
1,19.03,1,0,0.0,0.0525,0.0,0.0,0.0
1,19.20,2,0,0.0,0.0521,0.0,0.0,0.0
1,19.23,1,0,0.0,0.052,0.0,0.0,0.0
1,19.44,1,0,0.0,0.0514,0.0,0.0,0.0
1,19.50,1,0,0.0,0.0513,0.0,0.0,0.0
1,19.55,1,0,0.0,0.0512,0.0,0.0,0.0
1,19.65,1,0,0.0,0.0509,0.0,0.0,0.0
1,19.78,1,0,0.0,0.0506,0.0,0.0,0.0
1,19.92,1,0,0.0,0.0502,0.0,0.0,0.0
1,20.05,1,0,0.0,0.0499,0.0,0.0,0.0
1,20.11,1,0,0.0,0.0497,0.0,0.0,0.0
1,20.15,1,0,0.0,0.0496,0.0,0.0,0.0
1,20.38,1,0,0.0,0.0491,0.0,0.0,0.0
1,20.42,1,0,0.0,0.049,0.0,0.0,0.0
1,20.49,1,0,0.0,0.0488,0.0,0.0,0.0
1,20.59,1,0,0.0,0.0486,0.0,0.0,0.0
1,20.64,1,0,0.0,0.0484,0.0,0.0,0.0
1,20.68,1,0,0.0,0.0484,0.0,0.0,0.0
1,20.71,1,0,0.0,0.0483,0.0,0.0,0.0
1,20.72,1,0,0.0,0.0483,0.0,0.0,0.0
1,20.74,1,0,0.0,0.0482,0.0,0.0,0.0
1,20.75,1,0,0.0,0.0482,0.0,0.0,0.0
1,20.76,1,0,0.0,0.0482,0.0,0.0,0.0
1,20.80,1,0,0.0,0.0481,0.0,0.0,0.0
1,20.82,1,0,0.0,0.048,0.0,0.0,0.0
1,20.84,1,0,0.0,0.048,0.0,0.0,0.0
1,20.90,1,0,0.0,0.0478,0.0,0.0,0.0
1,20.93,1,0,0.0,0.0478,0.0,0.0,0.0
1,21.03,1,0,0.0,0.0476,0.0,0.0,0.0
1,21.08,1,0,0.0,0.0474,0.0,0.0,0.0
1,21.27,1,0,0.0,0.047,0.0,0.0,0.0
1,21.47,1,0,0.0,0.0466,0.0,0.0,0.0
1,22.14,1,0,0.0,0.0452,0.0,0.0,0.0
1,22.86,1,0,0.0,0.0437,0.0,0.0,0.0
1,23.43,1,0,0.0,0.0427,0.0,0.0,0.0
1,24.12,1,0,0.0,0.0415,0.0,0.0,0.0
1,24.88,1,0,0.0,0.0402,0.0,0.0,0.0
1,25.99,1,1,1.0,0.0385,25.99,0.0,35.0
1,26.70,1,0,0.0,0.0375,0.0,0.0,0.0
1,28.90,1,0,0.0,0.0346,0.0,0.0,0.0
1,29.03,1,0,0.0,0.0344,0.0,0.0,0.0
1,29.08,1,0,0.0,0.0344,0.0,0.0,0.0
1,29.80,1,0,0.0,0.0336,0.0,0.0,0.0
1,31.33,1,0,0.0,0.0319,0.0,0.0,0.0
1,36.20,1,0,0.0,0.0276,0.0,0.0,0.0
1,43.76,1,0,0.0,0.0229,0.0,0.0,0.0
0,1.27,1,1,1.0,0.7874,1.27,0.0,1.43
0,1.48,1,0,0.0,0.6757,0.0,0.0,0.0
0,1.51,2,2,1.0,0.6623,1.51,0.0,2.07
0,1.52,1,1,1.0,0.6579,1.52,0.0,1.57
0,1.54,2,2,1.0,0.6494,1.54,0.0,1.66
0,1.61,1,1,1.0,0.6211,1.61,0.0,1.7
0,1.68,1,1,1.0,0.5952,1.68,0.0,1.96
0,1.70,1,0,0.0,0.5882,0.0,0.0,0.0
0,1.71,1,1,1.0,0.5848,1.71,0.0,2.56
0,1.72,2,1,0.5,0.5814,0.86,1.1919,0.925
0,1.74,1,0,0.0,0.5747,0.0,0.0,0.0
0,1.75,2,1,0.5,0.5714,0.875,1.2127,0.915
0,1.80,1,1,1.0,0.5556,1.8,0.0,2.1
0,1.90,1,1,1.0,0.5263,1.9,0.0,1.98
0,1.94,1,0,0.0,0.5155,0.0,0.0,0.0
0,1.97,1,1,1.0,0.5076,1.97,0.0,2.1
0,1.99,1,0,0.0,0.5025,0.0,0.0,0.0
0,2.02,1,0,0.0,0.495,0.0,0.0,0.0
0,2.06,1,0,0.0,0.4854,0.0,0.0,0.0
0,2.07,1,1,1.0,0.4831,2.07,0.0,2.15
0,2.09,3,1,0.3333,0.4785,0.6967,1.1149,0.7333
0,2.11,1,1,1.0,0.4739,2.11,0.0,2.3
0,2.12,1,0,0.0,0.4717,0.0,0.0,0.0
0,2.13,1,1,1.0,0.4695,2.13,0.0,2.2
0,2.16,1,1,1.0,0.463,2.16,0.0,2.28
0,2.17,1,1,1.0,0.4608,2.17,0.0,2.29
0,2.18,2,2,1.0,0.4587,2.18,0.0,2.5
0,2.19,1,1,1.0,0.4566,2.19,0.0,2.37
0,2.24,1,0,0.0,0.4464,0.0,0.0,0.0
0,2.26,1,1,1.0,0.4425,2.26,0.0,2.45
0,2.27,1,1,1.0,0.4405,2.27,0.0,2.68
0,2.28,1,0,0.0,0.4386,0.0,0.0,0.0
0,2.29,1,1,1.0,0.4367,2.29,0.0,2.9
0,2.34,1,0,0.0,0.4274,0.0,0.0,0.0
0,2.35,1,0,0.0,0.4255,0.0,0.0,0.0
0,2.37,1,1,1.0,0.4219,2.37,0.0,2.5
0,2.39,1,1,1.0,0.4184,2.39,0.0,2.57
0,2.46,1,0,0.0,0.4065,0.0,0.0,0.0
0,2.47,1,1,1.0,0.4049,2.47,0.0,2.58
0,2.48,1,0,0.0,0.4032,0.0,0.0,0.0
0,2.49,2,2,1.0,0.4016,2.49,0.0,2.645
0,2.50,1,1,1.0,0.4,2.5,0.0,2.88
0,2.52,1,1,1.0,0.3968,2.52,0.0,2.63
0,2.53,1,0,0.0,0.3953,0.0,0.0,0.0
0,2.54,3,2,0.6667,0.3937,1.6933,1.3549,1.78
0,2.55,5,2,0.4,0.3922,1.02,1.095,1.086
0,2.56,1,0,0.0,0.3906,0.0,0.0,0.0
0,2.57,2,1,0.5,0.3891,1.285,1.7809,1.4
0,2.58,1,0,0.0,0.3876,0.0,0.0,0.0
0,2.59,4,0,0.0,0.3861,0.0,0.0,0.0
0,2.60,4,2,0.5,0.3846,1.3,1.274,1.35
0,2.61,9,4,0.4444,0.3831,1.16,0.8473,1.2511
0,2.62,9,6,0.6667,0.3817,1.7467,0.8069,1.8433
0,2.63,6,1,0.1667,0.3802,0.4383,0.7843,0.4617
0,2.64,15,5,0.3333,0.3788,0.88,0.6298,0.9347
0,2.65,16,3,0.1875,0.3774,0.4969,0.5068,0.5413
0,2.66,10,4,0.4,0.3759,1.064,0.8077,1.14
0,2.67,22,6,0.2727,0.3745,0.7282,0.4969,0.7668
0,2.68,15,5,0.3333,0.3731,0.8933,0.6393,0.952
0,2.69,18,6,0.3333,0.3717,0.8967,0.5858,0.9628
0,2.70,27,7,0.2593,0.3704,0.7,0.4463,0.7341
0,2.71,26,6,0.2308,0.369,0.6254,0.4389,0.6635
0,2.72,24,5,0.2083,0.3676,0.5667,0.4419,0.6037
0,2.73,34,17,0.5,0.3663,1.365,0.4588,1.4432
0,2.74,47,19,0.4043,0.365,1.1077,0.3844,1.1745
0,2.75,46,20,0.4348,0.3636,1.1957,0.394,1.2672
0,2.76,45,12,0.2667,0.3623,0.736,0.3566,0.7724
0,2.77,52,18,0.3462,0.361,0.9588,0.3582,1.0146
0,2.78,84,33,0.3929,0.3597,1.0921,0.2904,1.1594
0,2.79,59,13,0.2203,0.3584,0.6147,0.2951,0.6486
0,2.80,89,31,0.3483,0.3571,0.9753,0.2772,1.0299
0,2.81,76,28,0.3684,0.3559,1.0353,0.3047,1.092
0,2.82,107,38,0.3551,0.3546,1.0015,0.2557,1.0589
0,2.83,124,38,0.3065,0.3534,0.8673,0.2297,0.9145
0,2.84,124,48,0.3871,0.3521,1.0994,0.2435,1.1615
0,2.85,149,54,0.3624,0.3509,1.0329,0.22,1.0903
0,2.86,173,63,0.3642,0.3497,1.0415,0.2051,1.0971
0,2.87,202,77,0.3812,0.3484,1.094,0.1922,1.1528
0,2.88,233,82,0.3519,0.3472,1.0136,0.1766,1.0688
0,2.89,230,69,0.3,0.346,0.867,0.1712,0.9117
0,2.90,255,100,0.3922,0.3448,1.1373,0.1738,1.202
0,2.91,266,90,0.3383,0.3436,0.9846,0.1655,1.0359
0,2.92,274,90,0.3285,0.3425,0.9591,0.1624,1.0108
0,2.93,341,118,0.346,0.3413,1.0139,0.1479,1.0692
0,2.94,372,128,0.3441,0.3401,1.0116,0.1419,1.0641
0,2.95,421,140,0.3325,0.339,0.981,0.1328,1.0365
0,2.96,425,133,0.3129,0.3378,0.9263,0.1305,0.9761
0,2.97,465,149,0.3204,0.3367,0.9517,0.126,1.0025
0,2.98,494,181,0.3664,0.3356,1.0919,0.1266,1.1514
0,2.99,520,164,0.3154,0.3344,0.943,0.1194,0.9945
0,3.00,581,193,0.3322,0.3333,0.9966,0.1149,1.0508
0,3.01,578,210,0.3633,0.3322,1.0936,0.118,1.1553
0,3.02,597,199,0.3333,0.3311,1.0067,0.1142,1.0617
0,3.03,654,206,0.315,0.33,0.9544,0.1079,1.0052
0,3.04,642,199,0.31,0.3289,0.9423,0.1088,0.9952
0,3.05,602,210,0.3488,0.3279,1.064,0.1161,1.1233
0,3.06,712,221,0.3104,0.3268,0.9498,0.104,1.0036
0,3.07,679,218,0.3211,0.3257,0.9857,0.1078,1.0385
0,3.08,772,222,0.2876,0.3247,0.8857,0.0983,0.9341
0,3.09,807,256,0.3172,0.3236,0.9802,0.0992,1.0311
0,3.10,823,269,0.3269,0.3226,1.0132,0.0993,1.0663
0,3.11,835,258,0.309,0.3215,0.9609,0.0975,1.0134
0,3.12,840,273,0.325,0.3205,1.014,0.0988,1.0679
0,3.13,866,292,0.3372,0.3195,1.0554,0.0986,1.1118
0,3.14,981,309,0.315,0.3185,0.9891,0.0913,1.043
0,3.15,954,290,0.304,0.3175,0.9575,0.0919,1.0097
0,3.16,1012,312,0.3083,0.3165,0.9742,0.0899,1.0276
0,3.17,1080,310,0.287,0.3155,0.9099,0.0855,0.9589
0,3.18,1223,365,0.2984,0.3145,0.9491,0.0815,1.0015
0,3.19,1215,385,0.3169,0.3135,1.0108,0.0835,1.0664
0,3.20,1263,383,0.3032,0.3125,0.9704,0.0811,1.0242
0,3.21,1407,406,0.2886,0.3115,0.9263,0.076,0.9782
0,3.22,1541,465,0.3018,0.3106,0.9716,0.0738,1.027
0,3.23,1518,471,0.3103,0.3096,1.0022,0.0752,1.0584
0,3.24,1687,477,0.2828,0.3086,0.9161,0.0696,0.9695
0,3.25,1638,467,0.2851,0.3077,0.9266,0.0711,0.9796
0,3.26,1592,461,0.2896,0.3067,0.944,0.0726,0.9989
0,3.27,1658,502,0.3028,0.3058,0.9901,0.0723,1.0478
0,3.28,1651,464,0.281,0.3049,0.9218,0.0711,0.9749
0,3.29,1614,434,0.2689,0.304,0.8847,0.0712,0.9361
0,3.30,1605,425,0.2648,0.303,0.8738,0.0712,0.9257
0,3.31,1542,430,0.2789,0.3021,0.923,0.0741,0.9782
0,3.32,1508,434,0.2878,0.3012,0.9555,0.0759,1.012
0,3.33,1594,431,0.2704,0.3003,0.9004,0.0726,0.9531
0,3.34,1509,427,0.283,0.2994,0.9451,0.0759,1.0009
0,3.35,1504,450,0.2992,0.2985,1.0023,0.0775,1.0615
0,3.36,1415,378,0.2671,0.2976,0.8976,0.0775,0.9498
0,3.37,1421,413,0.2906,0.2967,0.9795,0.0796,1.0391
0,3.38,1408,384,0.2727,0.2959,0.9218,0.0786,0.9768
0,3.39,1361,354,0.2601,0.295,0.8817,0.079,0.9346
0,3.40,1320,343,0.2598,0.2941,0.8835,0.0804,0.937
0,3.41,1297,352,0.2714,0.2933,0.9255,0.0825,0.9814
0,3.42,1250,320,0.256,0.2924,0.8755,0.0827,0.9302
0,3.43,1257,372,0.2959,0.2915,1.0151,0.0866,1.0759
0,3.44,1166,302,0.259,0.2907,0.891,0.0865,0.9444
0,3.45,1124,285,0.2536,0.2899,0.8748,0.0878,0.9269
0,3.46,1089,295,0.2709,0.289,0.9373,0.0913,0.9936
0,3.47,1048,264,0.2519,0.2882,0.8741,0.0912,0.9277
0,3.48,1054,285,0.2704,0.2874,0.941,0.0933,0.9991
0,3.49,1009,283,0.2805,0.2865,0.9789,0.0967,1.0368
0,3.50,919,264,0.2873,0.2857,1.0054,0.1024,1.0664
0,3.51,952,256,0.2689,0.2849,0.9439,0.0989,1.0022
0,3.52,895,245,0.2737,0.2841,0.9636,0.1028,1.0211
0,3.53,855,240,0.2807,0.2833,0.9909,0.1063,1.0523
0,3.54,815,208,0.2552,0.2825,0.9035,0.106,0.9591
0,3.55,827,198,0.2394,0.2817,0.8499,0.1032,0.9038
0,3.56,793,215,0.2711,0.2809,0.9652,0.1101,1.0246
0,3.57,774,183,0.2364,0.2801,0.8441,0.1069,0.8955
0,3.58,754,186,0.2467,0.2793,0.8831,0.1102,0.9376
0,3.59,704,195,0.277,0.2786,0.9944,0.1187,1.0598
0,3.60,710,177,0.2493,0.2778,0.8975,0.1146,0.9523
0,3.61,652,159,0.2439,0.277,0.8804,0.119,0.9382
0,3.62,649,157,0.2419,0.2762,0.8757,0.1193,0.9307
0,3.63,634,156,0.2461,0.2755,0.8932,0.1217,0.9467
0,3.64,622,162,0.2605,0.2747,0.948,0.1256,1.0075
0,3.65,598,184,0.3077,0.274,1.1231,0.135,1.1923
0,3.66,573,158,0.2757,0.2732,1.0092,0.1339,1.0739
0,3.67,570,144,0.2526,0.2725,0.9272,0.1309,0.9842
0,3.68,583,140,0.2401,0.2717,0.8837,0.1276,0.9405
0,3.69,529,130,0.2457,0.271,0.9068,0.1354,0.9694
0,3.70,561,113,0.2014,0.2703,0.7453,0.1228,0.7919
0,3.71,484,131,0.2707,0.2695,1.0042,0.1469,1.0665
0,3.72,467,115,0.2463,0.2688,0.9161,0.1454,0.9769
0,3.73,500,127,0.254,0.2681,0.9474,0.1423,1.0086
0,3.74,508,132,0.2598,0.2674,0.9718,0.1426,1.0334
0,3.75,468,123,0.2628,0.2667,0.9856,0.1495,1.0495
0,3.76,463,116,0.2505,0.266,0.942,0.1484,1.0066
0,3.77,431,107,0.2483,0.2653,0.9359,0.1538,1.0008
0,3.78,438,100,0.2283,0.2646,0.863,0.1486,0.9177
0,3.79,370,77,0.2081,0.2639,0.7887,0.1568,0.8404
0,3.80,411,80,0.1946,0.2632,0.7397,0.1454,0.7877
0,3.81,361,77,0.2133,0.2625,0.8127,0.161,0.8707
0,3.82,363,89,0.2452,0.2618,0.9366,0.1691,0.9996
0,3.83,384,85,0.2214,0.2611,0.8478,0.1591,0.9058
0,3.84,344,81,0.2355,0.2604,0.9042,0.1722,0.9665
0,3.85,333,90,0.2703,0.2597,1.0405,0.1836,1.1071
0,3.86,292,68,0.2329,0.2591,0.8989,0.1871,0.9613
0,3.87,345,104,0.3014,0.2584,1.1666,0.1874,1.2415
0,3.88,342,81,0.2368,0.2577,0.9189,0.1748,0.9845
0,3.89,306,73,0.2386,0.2571,0.928,0.1858,0.9878
0,3.90,332,66,0.1988,0.2564,0.7753,0.1674,0.8257
0,3.91,310,71,0.229,0.2558,0.8955,0.1829,0.9603
0,3.92,275,56,0.2036,0.2551,0.7983,0.1866,0.8495
0,3.93,268,70,0.2612,0.2545,1.0265,0.2067,1.0928
0,3.94,269,66,0.2454,0.2538,0.9667,0.2026,1.0404
0,3.95,276,62,0.2246,0.2532,0.8873,0.1945,0.9501
0,3.96,251,62,0.247,0.2525,0.9782,0.2113,1.05
0,3.97,262,74,0.2824,0.2519,1.1213,0.2164,1.1948
0,3.98,239,67,0.2803,0.2513,1.1157,0.2266,1.1867
0,3.99,266,56,0.2105,0.2506,0.84,0.1955,0.8959
0,4.00,233,54,0.2318,0.25,0.927,0.2167,0.9975
0,4.01,236,55,0.2331,0.2494,0.9345,0.2163,1.0046
0,4.02,216,41,0.1898,0.2488,0.7631,0.2102,0.8206
0,4.03,220,49,0.2227,0.2481,0.8976,0.2216,0.9579
0,4.04,222,49,0.2207,0.2475,0.8917,0.2204,0.9557
0,4.05,199,35,0.1759,0.2469,0.7123,0.2142,0.7674
0,4.06,220,42,0.1909,0.2463,0.7751,0.2109,0.8319
0,4.07,188,37,0.1968,0.2457,0.801,0.2313,0.8596
0,4.08,201,33,0.1642,0.2451,0.6699,0.209,0.715
0,4.09,180,30,0.1667,0.2445,0.6817,0.2227,0.7281
0,4.10,197,42,0.2132,0.2439,0.8741,0.2345,0.9388
0,4.11,184,38,0.2065,0.2433,0.8488,0.2404,0.9088
0,4.12,170,30,0.1765,0.2427,0.7271,0.2361,0.7738
0,4.13,182,41,0.2253,0.2421,0.9304,0.2507,1.0009
0,4.14,160,46,0.2875,0.2415,1.1902,0.2903,1.2777
0,4.15,185,39,0.2108,0.241,0.8749,0.2439,0.9301
0,4.16,186,47,0.2527,0.2404,1.0512,0.2598,1.1285
0,4.17,164,39,0.2378,0.2398,0.9916,0.2717,1.0679
0,4.18,161,41,0.2547,0.2392,1.0645,0.2813,1.1389
0,4.19,170,37,0.2176,0.2387,0.9119,0.2599,0.973
0,4.20,163,36,0.2209,0.2381,0.9276,0.2675,0.9955
0,4.21,162,29,0.179,0.2375,0.7536,0.2485,0.814
0,4.22,174,32,0.1839,0.237,0.7761,0.2429,0.8291
0,4.23,132,24,0.1818,0.2364,0.7691,0.2783,0.8179
0,4.24,149,33,0.2215,0.2358,0.9391,0.2827,1.0091
0,4.25,154,28,0.1818,0.2353,0.7727,0.2589,0.8339
0,4.26,140,22,0.1571,0.2347,0.6694,0.2568,0.7195
0,4.27,159,40,0.2516,0.2342,1.0742,0.288,1.1473
0,4.28,157,36,0.2293,0.2336,0.9814,0.2814,1.0564
0,4.29,168,29,0.1726,0.2331,0.7405,0.2452,0.7996
0,4.30,132,23,0.1742,0.2326,0.7492,0.2782,0.7911
0,4.31,151,34,0.2252,0.232,0.9705,0.2872,1.0457
0,4.32,115,26,0.2261,0.2315,0.9767,0.3303,1.0468
0,4.33,115,16,0.1391,0.2309,0.6024,0.2739,0.6483
0,4.34,132,30,0.2273,0.2304,0.9864,0.3103,1.0577
0,4.35,126,22,0.1746,0.2299,0.7595,0.2883,0.8155
0,4.36,108,19,0.1759,0.2294,0.767,0.3131,0.8265
0,4.37,136,31,0.2279,0.2288,0.9961,0.3081,1.0687
0,4.38,113,25,0.2212,0.2283,0.969,0.3352,1.0381
0,4.39,127,29,0.2283,0.2278,1.0024,0.3205,1.0773
0,4.40,118,26,0.2203,0.2273,0.9695,0.329,1.0564
0,4.41,127,30,0.2362,0.2268,1.0417,0.3258,1.1235
0,4.42,137,27,0.1971,0.2262,0.8711,0.2944,0.9354
0,4.43,123,21,0.1707,0.2257,0.7563,0.2946,0.8089
0,4.44,137,28,0.2044,0.2252,0.9074,0.2998,0.9785
0,4.45,137,29,0.2117,0.2247,0.942,0.3044,1.0094
0,4.46,120,22,0.1833,0.2242,0.8177,0.3088,0.8733
0,4.47,116,22,0.1897,0.2237,0.8478,0.3189,0.9121
0,4.48,97,13,0.134,0.2232,0.6004,0.3037,0.6473
0,4.49,115,23,0.2,0.2227,0.898,0.3283,0.9621
0,4.50,102,21,0.2059,0.2222,0.9265,0.3531,1.0036
0,4.51,90,17,0.1889,0.2217,0.8519,0.3647,0.9111
0,4.52,97,14,0.1443,0.2212,0.6524,0.3161,0.7048
0,4.53,100,20,0.2,0.2208,0.906,0.3552,0.9789
0,4.54,87,18,0.2069,0.2203,0.9393,0.3865,1.009
0,4.55,100,19,0.19,0.2198,0.8645,0.3499,0.9312
0,4.56,89,16,0.1798,0.2193,0.8198,0.3638,0.8828
0,4.57,84,15,0.1786,0.2188,0.8161,0.3743,0.8849
0,4.58,100,26,0.26,0.2183,1.1908,0.3938,1.2797
0,4.59,101,20,0.198,0.2179,0.9089,0.3567,0.9829
0,4.60,89,22,0.2472,0.2174,1.1371,0.4123,1.22
0,4.61,83,16,0.1928,0.2169,0.8887,0.3913,0.9682
0,4.62,91,15,0.1648,0.2165,0.7615,0.3522,0.8289
0,4.63,89,13,0.1461,0.216,0.6763,0.3398,0.7406
0,4.64,91,12,0.1319,0.2155,0.6119,0.3226,0.6618
0,4.65,86,17,0.1977,0.2151,0.9192,0.3914,0.991
0,4.66,88,15,0.1705,0.2146,0.7943,0.3662,0.8647
0,4.67,83,11,0.1325,0.2141,0.6189,0.3406,0.6916
0,4.68,79,14,0.1772,0.2137,0.8294,0.3941,0.8916
0,4.69,86,20,0.2326,0.2132,1.0907,0.4188,1.1833
0,4.70,74,15,0.2027,0.2128,0.9527,0.4305,1.0273
0,4.71,86,19,0.2209,0.2123,1.0406,0.413,1.113
0,4.72,71,14,0.1972,0.2119,0.9307,0.4368,1.0052
0,4.73,72,10,0.1389,0.2114,0.6569,0.3779,0.7051
0,4.74,70,12,0.1714,0.211,0.8126,0.4185,0.8677
0,4.75,81,28,0.3457,0.2105,1.642,0.492,1.7814
0,4.76,65,9,0.1385,0.2101,0.6591,0.3997,0.7086
0,4.77,88,22,0.25,0.2096,1.1925,0.4316,1.2782
0,4.78,72,14,0.1944,0.2092,0.9294,0.4369,1.0106
0,4.79,79,11,0.1392,0.2088,0.667,0.3656,0.723
0,4.80,68,14,0.2059,0.2083,0.9882,0.4613,1.0837
0,4.81,67,12,0.1791,0.2079,0.8615,0.4416,0.9293
0,4.82,72,13,0.1806,0.2075,0.8703,0.4283,0.9553
0,4.83,60,12,0.2,0.207,0.966,0.4889,1.0207
0,4.84,63,11,0.1746,0.2066,0.8451,0.4537,0.917
0,4.85,71,16,0.2254,0.2062,1.093,0.4714,1.183
0,4.86,67,14,0.209,0.2058,1.0155,0.4732,1.1103
0,4.87,68,12,0.1765,0.2053,0.8594,0.4413,0.9293
0,4.88,57,6,0.1053,0.2049,0.5137,0.3889,0.58
0,4.89,60,11,0.1833,0.2045,0.8965,0.4787,0.9748
0,4.90,79,19,0.2405,0.2041,1.1785,0.4618,1.2786
0,4.91,76,12,0.1579,0.2037,0.7753,0.4025,0.8489
0,4.92,57,8,0.1404,0.2033,0.6905,0.4437,0.7596
0,4.93,56,3,0.0536,0.2028,0.2641,0.2908,0.2871
0,4.94,54,9,0.1667,0.2024,0.8233,0.4911,0.8746
0,4.95,68,16,0.2353,0.202,1.1647,0.4991,1.2687
0,4.96,68,8,0.1176,0.2016,0.5835,0.3798,0.6306
0,4.97,51,5,0.098,0.2012,0.4873,0.4055,0.5222
0,4.98,62,11,0.1774,0.2008,0.8835,0.4735,0.9694
0,4.99,70,13,0.1857,0.2004,0.9267,0.4546,1.0083
0,5.00,50,12,0.24,0.2,1.2,0.5919,1.3162
0,5.01,68,9,0.1324,0.1996,0.6631,0.4036,0.7351
0,5.02,57,6,0.1053,0.1992,0.5284,0.4,0.5728
0,5.03,74,13,0.1757,0.1988,0.8836,0.4362,0.9649
0,5.04,49,6,0.1224,0.1984,0.6171,0.4625,0.6702
0,5.05,38,6,0.1579,0.198,0.7974,0.5855,0.8863
0,5.06,58,7,0.1207,0.1976,0.6107,0.4242,0.6662
0,5.07,55,11,0.2,0.1972,1.014,0.536,1.1016
0,5.08,64,12,0.1875,0.1969,0.9525,0.4858,1.027
0,5.09,55,3,0.0545,0.1965,0.2776,0.3054,0.2991
0,5.10,39,4,0.1026,0.1961,0.5231,0.4857,0.56
0,5.11,41,7,0.1707,0.1957,0.8724,0.5885,0.9407
0,5.12,53,9,0.1698,0.1953,0.8694,0.5175,0.9528
0,5.13,58,8,0.1379,0.1949,0.7076,0.4552,0.7524
0,5.14,49,11,0.2245,0.1946,1.1539,0.6005,1.2378
0,5.15,48,7,0.1458,0.1942,0.751,0.5142,0.831
0,5.16,57,8,0.1404,0.1938,0.7242,0.4654,0.8086
0,5.17,47,4,0.0851,0.1934,0.44,0.4124,0.4738
0,5.18,36,1,0.0278,0.1931,0.1439,0.2782,0.1528
0,5.19,41,9,0.2195,0.1927,1.1393,0.6576,1.2359
0,5.20,50,9,0.18,0.1923,0.936,0.5538,1.0104
0,5.21,41,4,0.0976,0.1919,0.5083,0.4733,0.5502
0,5.22,37,4,0.1081,0.1916,0.5643,0.5223,0.6095
0,5.23,31,5,0.1613,0.1912,0.8435,0.6772,0.9265
0,5.24,42,6,0.1429,0.1908,0.7486,0.5546,0.8155
0,5.25,42,8,0.1905,0.1905,1.0,0.6235,1.0848
0,5.26,39,5,0.1282,0.1901,0.6744,0.5519,0.7323
0,5.27,43,4,0.093,0.1898,0.4902,0.4575,0.5407
0,5.28,39,4,0.1026,0.1894,0.5415,0.5028,0.5997
0,5.29,31,8,0.2581,0.189,1.3652,0.8149,1.4971
0,5.30,33,4,0.1212,0.1887,0.6424,0.5902,0.7139
0,5.31,37,9,0.2432,0.1883,1.2916,0.734,1.3954
0,5.32,38,9,0.2368,0.188,1.26,0.7191,1.3911
0,5.33,52,5,0.0962,0.1876,0.5125,0.4272,0.5594
0,5.34,45,7,0.1556,0.1873,0.8307,0.5655,0.8991
0,5.35,47,5,0.1064,0.1869,0.5691,0.4716,0.6032
0,5.36,40,7,0.175,0.1866,0.938,0.6312,1.031
0,5.37,39,3,0.0769,0.1862,0.4131,0.449,0.4513
0,5.38,31,5,0.1613,0.1859,0.8677,0.6966,0.9771
0,5.39,36,5,0.1389,0.1855,0.7486,0.6089,0.8203
0,5.40,32,8,0.25,0.1852,1.35,0.8102,1.4691
0,5.41,32,7,0.2188,0.1848,1.1834,0.775,1.2669
0,5.42,32,8,0.25,0.1845,1.355,0.8132,1.4788
0,5.43,43,3,0.0698,0.1842,0.3788,0.4136,0.4058
0,5.44,30,4,0.1333,0.1838,0.7253,0.6617,0.79
0,5.45,37,5,0.1351,0.1835,0.7365,0.6003,0.8022
0,5.46,40,7,0.175,0.1832,0.9555,0.6429,1.0495
0,5.47,39,5,0.1282,0.1828,0.7013,0.5739,0.7608
0,5.48,30,5,0.1667,0.1825,0.9133,0.7309,1.017
0,5.49,32,3,0.0938,0.1821,0.5147,0.5546,0.5587
0,5.50,38,6,0.1579,0.1818,0.8684,0.6377,0.9611
0,5.51,29,2,0.069,0.1815,0.38,0.5083,0.4069
0,5.52,28,4,0.1429,0.1812,0.7886,0.7156,0.8768
0,5.53,32,3,0.0938,0.1808,0.5184,0.5586,0.5931
0,5.54,33,5,0.1515,0.1805,0.8394,0.6777,0.9061
0,5.55,39,9,0.2308,0.1802,1.2808,0.7339,1.4156
0,5.56,31,2,0.0645,0.1799,0.3587,0.4808,0.3958
0,5.57,36,6,0.1667,0.1795,0.9283,0.6782,0.9972
0,5.58,28,4,0.1429,0.1792,0.7971,0.7233,0.855
0,5.59,35,7,0.2,0.1789,1.118,0.7408,1.206
0,5.60,21,3,0.1429,0.1786,0.8,0.8382,0.8738
0,5.61,39,5,0.1282,0.1783,0.7192,0.5886,0.7897
0,5.62,33,6,0.1818,0.1779,1.0218,0.7395,1.1352
0,5.63,30,2,0.0667,0.1776,0.3753,0.5027,0.4037
0,5.64,42,8,0.1905,0.1773,1.0743,0.6698,1.1821
0,5.65,28,5,0.1786,0.177,1.0089,0.8016,1.0946
0,5.66,24,2,0.0833,0.1767,0.4717,0.6258,0.5108
0,5.67,31,7,0.2258,0.1764,1.2803,0.8345,1.4161
0,5.68,32,8,0.25,0.1761,1.42,0.8522,1.55
0,5.69,29,4,0.1379,0.1757,0.7848,0.7141,0.8569
0,5.70,26,2,0.0769,0.1754,0.4385,0.5838,0.4846
0,5.71,28,7,0.25,0.1751,1.4275,0.9158,1.5739
0,5.72,25,3,0.12,0.1748,0.6864,0.7286,0.7528
0,5.73,36,4,0.1111,0.1745,0.6367,0.5882,0.6931
0,5.74,38,6,0.1579,0.1742,0.9063,0.6655,0.9966
0,5.75,34,3,0.0882,0.1739,0.5074,0.5481,0.55
0,5.76,21,2,0.0952,0.1736,0.5486,0.723,0.6076
0,5.77,20,4,0.2,0.1733,1.154,1.0115,1.2775
0,5.78,25,2,0.08,0.173,0.4624,0.6147,0.5164
0,5.79,34,5,0.1471,0.1727,0.8515,0.6894,0.9385
0,5.80,24,3,0.125,0.1724,0.725,0.7674,0.8196
0,5.81,29,2,0.069,0.1721,0.4007,0.536,0.4248
0,5.82,36,8,0.2222,0.1718,1.2933,0.7904,1.3997
0,5.83,22,5,0.2273,0.1715,1.325,1.021,1.4659
0,5.84,22,2,0.0909,0.1712,0.5309,0.7015,0.5909
0,5.85,33,3,0.0909,0.1709,0.5318,0.5738,0.5724
0,5.86,32,5,0.1562,0.1706,0.9156,0.7371,1.0237
0,5.87,23,3,0.1304,0.1704,0.7657,0.8078,0.8409
0,5.88,29,5,0.1724,0.1701,1.0138,0.8084,1.1586
0,5.89,26,4,0.1538,0.1698,0.9062,0.8168,1.0158
0,5.90,27,3,0.1111,0.1695,0.6556,0.6994,0.7222
0,5.91,21,3,0.1429,0.1692,0.8443,0.8846,0.9343
0,5.92,22,6,0.2727,0.1689,1.6145,1.1017,1.8209
0,5.93,31,7,0.2258,0.1686,1.339,0.8728,1.5
0,5.94,30,7,0.2333,0.1684,1.386,0.899,1.5367
0,5.95,22,7,0.3182,0.1681,1.8932,1.1581,2.0932
0,5.96,23,3,0.1304,0.1678,0.7774,0.8202,0.8513
0,5.97,24,5,0.2083,0.1675,1.2437,0.97,1.3562
0,5.98,23,4,0.1739,0.1672,1.04,0.9263,1.1196
0,5.99,29,4,0.1379,0.1669,0.8262,0.7517,0.9017
0,6.00,26,0,0.0,0.1667,0.0,0.0,0.0
0,6.01,24,5,0.2083,0.1664,1.2521,0.9764,1.4104
0,6.02,26,5,0.1923,0.1661,1.1577,0.912,1.3038
0,6.03,17,3,0.1765,0.1658,1.0641,1.0928,1.1647
0,6.04,17,1,0.0588,0.1656,0.3553,0.6755,0.3935
0,6.05,29,5,0.1724,0.1653,1.0431,0.8317,1.1428
0,6.06,24,5,0.2083,0.165,1.2625,0.9846,1.4154
0,6.07,20,2,0.1,0.1647,0.607,0.7981,0.7035
0,6.08,23,2,0.087,0.1645,0.5287,0.7003,0.587
0,6.09,19,1,0.0526,0.1642,0.3205,0.6113,0.3421
0,6.10,19,3,0.1579,0.1639,0.9632,1.0002,1.0732
0,6.11,31,5,0.1613,0.1637,0.9855,0.7911,1.1181
0,6.12,28,2,0.0714,0.1634,0.4371,0.5837,0.4857
0,6.13,24,5,0.2083,0.1631,1.2771,0.9959,1.3946
0,6.14,21,2,0.0952,0.1629,0.5848,0.7707,0.6452
0,6.15,19,4,0.2105,0.1626,1.2947,1.1273,1.4321
0,6.16,28,1,0.0357,0.1623,0.22,0.4233,0.2339
0,6.17,22,3,0.1364,0.1621,0.8414,0.8849,0.9777
0,6.18,34,3,0.0882,0.1618,0.5453,0.5891,0.5926
0,6.19,18,2,0.1111,0.1616,0.6878,0.8987,0.75
0,6.20,18,2,0.1111,0.1613,0.6889,0.9001,0.7794
0,6.21,25,4,0.16,0.161,0.9936,0.8924,1.1308
0,6.22,27,2,0.0741,0.1608,0.4607,0.6145,0.5267
0,6.23,21,2,0.0952,0.1605,0.5933,0.782,0.6957
0,6.24,25,4,0.16,0.1603,0.9984,0.8967,1.088
0,6.25,22,2,0.0909,0.16,0.5682,0.7508,0.6427
0,6.26,28,0,0.0,0.1597,0.0,0.0,0.0
0,6.27,21,2,0.0952,0.1595,0.5971,0.7871,0.6524
0,6.28,18,1,0.0556,0.1592,0.3489,0.6648,0.3889
0,6.29,21,2,0.0952,0.159,0.599,0.7896,0.65
0,6.30,17,2,0.1176,0.1587,0.7412,0.9647,0.8412
0,6.31,15,3,0.2,0.1585,1.262,1.2773,1.3887
0,6.32,16,2,0.125,0.1582,0.79,1.0242,0.8938
0,6.33,20,2,0.1,0.158,0.633,0.8323,0.6975
0,6.34,18,2,0.1111,0.1577,0.7044,0.9204,0.7722
0,6.35,15,2,0.1333,0.1575,0.8467,1.0923,0.9267
0,6.36,29,1,0.0345,0.1572,0.2193,0.4225,0.2372
0,6.37,18,4,0.2222,0.157,1.4156,1.2234,1.5567
0,6.38,13,2,0.1538,0.1567,0.9815,1.2512,1.0577
0,6.39,19,1,0.0526,0.1565,0.3363,0.6414,0.3579
0,6.40,14,3,0.2143,0.1562,1.3714,1.3757,1.5257
0,6.41,21,3,0.1429,0.156,0.9157,0.9595,1.0286
0,6.42,12,0,0.0,0.1558,0.0,0.0,0.0
0,6.43,14,1,0.0714,0.1555,0.4593,0.8673,0.5357
0,6.44,24,3,0.125,0.1553,0.805,0.8521,0.8954
0,6.45,11,1,0.0909,0.155,0.5864,1.0957,0.6364
0,6.46,11,2,0.1818,0.1548,1.1745,1.4724,1.3182
0,6.47,21,0,0.0,0.1546,0.0,0.0,0.0
0,6.48,22,1,0.0455,0.1543,0.2945,0.5643,0.3318
0,6.49,18,3,0.1667,0.1541,1.0817,1.1175,1.1861
0,6.50,17,2,0.1176,0.1538,0.7647,0.9954,0.8529
0,6.51,27,4,0.1481,0.1536,0.9644,0.8722,1.073
0,6.52,15,3,0.2,0.1534,1.304,1.3198,1.454
0,6.53,19,1,0.0526,0.1531,0.3437,0.6555,0.3684
0,6.54,8,1,0.125,0.1529,0.8175,1.4988,0.9862
0,6.55,10,1,0.1,0.1527,0.655,1.2179,0.72
0,6.56,9,3,0.3333,0.1524,2.1867,2.0203,2.3444
0,6.57,22,2,0.0909,0.1522,0.5973,0.7892,0.6705
0,6.58,16,2,0.125,0.152,0.8225,1.0663,0.9375
0,6.59,18,2,0.1111,0.1517,0.7322,0.9567,0.8056
0,6.60,23,3,0.1304,0.1515,0.8609,0.9083,0.9443
0,6.61,23,2,0.087,0.1513,0.5748,0.7614,0.6261
0,6.62,17,2,0.1176,0.1511,0.7788,1.0137,0.8606
0,6.63,20,1,0.05,0.1508,0.3315,0.6333,0.4
0,6.64,12,2,0.1667,0.1506,1.1067,1.4002,1.2633
0,6.65,23,5,0.2174,0.1504,1.4457,1.121,1.6196
0,6.66,11,1,0.0909,0.1502,0.6055,1.1314,0.6455
0,6.67,26,4,0.1538,0.1499,1.0262,0.9249,1.1692
0,6.68,19,1,0.0526,0.1497,0.3516,0.6705,0.3947
0,6.69,21,5,0.2381,0.1495,1.5929,1.2187,1.731
0,6.70,12,1,0.0833,0.1493,0.5583,1.0476,0.6083
0,6.71,18,0,0.0,0.149,0.0,0.0,0.0
0,6.72,20,3,0.15,0.1488,1.008,1.0516,1.1565
0,6.73,22,3,0.1364,0.1486,0.9177,0.9652,0.985
0,6.74,18,0,0.0,0.1484,0.0,0.0,0.0
0,6.75,13,1,0.0769,0.1481,0.5192,0.9776,0.5908
0,6.76,17,2,0.1176,0.1479,0.7953,1.0352,0.8618
0,6.77,24,3,0.125,0.1477,0.8462,0.8958,0.9358
0,6.78,22,2,0.0909,0.1475,0.6164,0.8144,0.6832
0,6.79,11,0,0.0,0.1473,0.0,0.0,0.0
0,6.80,12,1,0.0833,0.1471,0.5667,1.0632,0.6583
0,6.81,16,4,0.25,0.1468,1.7025,1.4449,1.9094
0,6.82,16,1,0.0625,0.1466,0.4263,0.8089,0.4625
0,6.83,17,3,0.1765,0.1464,1.2053,1.2378,1.4188
0,6.84,17,5,0.2941,0.1462,2.0118,1.4815,2.25
0,6.85,16,2,0.125,0.146,0.8562,1.1101,0.96
0,6.86,13,0,0.0,0.1458,0.0,0.0,0.0
0,6.87,18,2,0.1111,0.1456,0.7633,0.9974,0.8361
0,6.88,14,0,0.0,0.1453,0.0,0.0,0.0
0,6.89,14,1,0.0714,0.1451,0.4921,0.9293,0.5357
0,6.90,15,1,0.0667,0.1449,0.46,0.8712,0.5033
0,6.91,10,1,0.1,0.1447,0.691,1.2849,0.8
0,6.92,12,1,0.0833,0.1445,0.5767,1.082,0.7
0,6.93,9,1,0.1111,0.1443,0.77,1.4228,0.8333
0,6.94,13,1,0.0769,0.1441,0.5338,1.0052,0.6085
0,6.95,9,0,0.0,0.1439,0.0,0.0,0.0
0,6.96,18,1,0.0556,0.1437,0.3867,0.7368,0.4333
0,6.97,13,3,0.2308,0.1435,1.6085,1.5964,1.9023
0,6.98,16,3,0.1875,0.1433,1.3088,1.3349,1.4612
0,6.99,18,2,0.1111,0.1431,0.7767,1.0148,0.8517
0,7.00,10,1,0.1,0.1429,0.7,1.3016,0.816
0,7.01,15,2,0.1333,0.1427,0.9347,1.2058,1.0067
0,7.02,13,2,0.1538,0.1425,1.08,1.3767,1.2623
0,7.03,10,1,0.1,0.1422,0.703,1.3072,0.76
0,7.04,10,1,0.1,0.142,0.704,1.309,0.8
0,7.05,11,0,0.0,0.1418,0.0,0.0,0.0
0,7.06,18,1,0.0556,0.1416,0.3922,0.7474,0.4322
0,7.07,16,5,0.3125,0.1414,2.2094,1.6057,2.4906
0,7.08,17,3,0.1765,0.1412,1.2494,1.2831,1.3824
0,7.09,10,1,0.1,0.141,0.709,1.3183,0.781
0,7.10,18,3,0.1667,0.1408,1.1833,1.2225,1.3294
0,7.11,18,3,0.1667,0.1406,1.185,1.2242,1.3139
0,7.12,7,1,0.1429,0.1404,1.0171,1.8459,1.1286
0,7.13,12,0,0.0,0.1403,0.0,0.0,0.0
0,7.14,11,2,0.1818,0.1401,1.2982,1.6274,1.4136
0,7.15,12,1,0.0833,0.1399,0.5958,1.1179,0.6417
0,7.16,14,1,0.0714,0.1397,0.5114,0.9658,0.5857
0,7.17,10,3,0.3,0.1395,2.151,2.0365,2.4
0,7.18,14,1,0.0714,0.1393,0.5129,0.9685,0.5743
0,7.19,8,2,0.25,0.1391,1.7975,2.1574,2.0625
0,7.20,6,1,0.1667,0.1389,1.2,2.1472,1.3133
0,7.21,19,2,0.1053,0.1387,0.7589,0.9951,0.8637
0,7.22,8,0,0.0,0.1385,0.0,0.0,0.0
0,7.23,8,1,0.125,0.1383,0.9038,1.6569,1.075
0,7.24,11,1,0.0909,0.1381,0.6582,1.2299,0.7227
0,7.25,6,0,0.0,0.1379,0.0,0.0,0.0
0,7.26,8,0,0.0,0.1377,0.0,0.0,0.0
0,7.27,7,1,0.1429,0.1376,1.0386,1.8848,1.1629
0,7.28,6,0,0.0,0.1374,0.0,0.0,0.0
0,7.29,20,2,0.1,0.1372,0.729,0.9585,0.8105
0,7.30,9,2,0.2222,0.137,1.6222,1.9827,1.8111
0,7.31,8,1,0.125,0.1368,0.9137,1.6753,1.0813
0,7.32,13,0,0.0,0.1366,0.0,0.0,0.0
0,7.33,13,3,0.2308,0.1364,1.6915,1.6789,1.9238
0,7.34,15,2,0.1333,0.1362,0.9787,1.2626,1.0773
0,7.35,12,3,0.25,0.1361,1.8375,1.8007,2.0633
0,7.36,9,0,0.0,0.1359,0.0,0.0,0.0
0,7.37,17,5,0.2941,0.1357,2.1676,1.5963,2.4824
0,7.38,10,3,0.3,0.1355,2.214,2.0961,2.555
0,7.39,11,1,0.0909,0.1353,0.6718,1.2554,0.7227
0,7.40,14,1,0.0714,0.1351,0.5286,0.9981,0.5714
0,7.41,4,0,0.0,0.135,0.0,0.0,0.0
0,7.42,5,1,0.2,0.1348,1.484,2.6016,1.698
0,7.43,7,0,0.0,0.1346,0.0,0.0,0.0
0,7.44,8,1,0.125,0.1344,0.93,1.7051,1.0012
0,7.45,10,1,0.1,0.1342,0.745,1.3853,0.85
0,7.46,7,0,0.0,0.134,0.0,0.0,0.0
0,7.47,5,0,0.0,0.1339,0.0,0.0,0.0
0,7.48,5,1,0.2,0.1337,1.496,2.6226,1.7
0,7.49,14,2,0.1429,0.1335,1.07,1.3731,1.1857
0,7.50,6,2,0.3333,0.1333,2.5,2.8289,3.1667
0,7.51,8,0,0.0,0.1332,0.0,0.0,0.0
0,7.52,6,2,0.3333,0.133,2.5067,2.8365,2.9083
0,7.53,11,1,0.0909,0.1328,0.6845,1.2792,0.7273
0,7.54,3,0,0.0,0.1326,0.0,0.0,0.0
0,7.55,8,1,0.125,0.1325,0.9437,1.7303,1.0625
0,7.56,12,2,0.1667,0.1323,1.26,1.5942,1.4125
0,7.57,8,2,0.25,0.1321,1.8925,2.2715,2.15
0,7.58,6,1,0.1667,0.1319,1.2633,2.2606,1.4167
0,7.59,7,2,0.2857,0.1318,2.1686,2.5401,2.6429
0,7.60,9,0,0.0,0.1316,0.0,0.0,0.0
0,7.61,10,0,0.0,0.1314,0.0,0.0,0.0
0,7.62,4,0,0.0,0.1312,0.0,0.0,0.0
0,7.63,7,2,0.2857,0.1311,2.18,2.5534,2.53
0,7.64,5,0,0.0,0.1309,0.0,0.0,0.0
0,7.65,6,2,0.3333,0.1307,2.55,2.8855,2.8467
0,7.66,7,1,0.1429,0.1305,1.0943,1.9859,1.1971
0,7.67,3,0,0.0,0.1304,0.0,0.0,0.0
0,7.68,8,0,0.0,0.1302,0.0,0.0,0.0
0,7.69,7,0,0.0,0.13,0.0,0.0,0.0
0,7.70,4,3,0.75,0.1299,5.775,3.2675,6.8125
0,7.71,6,0,0.0,0.1297,0.0,0.0,0.0
0,7.72,5,1,0.2,0.1295,1.544,2.7068,1.76
0,7.73,10,3,0.3,0.1294,2.319,2.1956,2.631
0,7.74,6,2,0.3333,0.1292,2.58,2.9195,2.8717
0,7.75,2,1,0.5,0.129,3.875,5.3705,4.435
0,7.76,3,0,0.0,0.1289,0.0,0.0,0.0
0,7.77,5,1,0.2,0.1287,1.554,2.7243,1.8
0,7.78,8,2,0.25,0.1285,1.945,2.3345,2.2012
0,7.79,5,0,0.0,0.1284,0.0,0.0,0.0
0,7.80,9,0,0.0,0.1282,0.0,0.0,0.0
0,7.81,9,1,0.1111,0.128,0.8678,1.6035,1.0333
0,7.82,7,0,0.0,0.1279,0.0,0.0,0.0
0,7.83,3,0,0.0,0.1277,0.0,0.0,0.0
0,7.84,5,0,0.0,0.1276,0.0,0.0,0.0
0,7.85,6,0,0.0,0.1274,0.0,0.0,0.0
0,7.86,8,0,0.0,0.1272,0.0,0.0,0.0
0,7.87,9,0,0.0,0.1271,0.0,0.0,0.0
0,7.88,7,0,0.0,0.1269,0.0,0.0,0.0
0,7.89,2,1,0.5,0.1267,3.945,5.4675,4.275
0,7.90,8,0,0.0,0.1266,0.0,0.0,0.0
0,7.91,5,0,0.0,0.1264,0.0,0.0,0.0
0,7.92,7,0,0.0,0.1263,0.0,0.0,0.0
0,7.93,4,1,0.25,0.1261,1.9825,3.3651,2.555
0,7.94,4,0,0.0,0.1259,0.0,0.0,0.0
0,7.95,8,1,0.125,0.1258,0.9938,1.822,1.125
0,7.96,5,0,0.0,0.1256,0.0,0.0,0.0
0,7.97,7,1,0.1429,0.1255,1.1386,2.0663,1.2514
0,7.98,2,1,0.5,0.1253,3.99,5.5299,4.55
0,7.99,6,0,0.0,0.1252,0.0,0.0,0.0
0,8.00,8,1,0.125,0.125,1.0,1.8334,1.1375
0,8.01,3,0,0.0,0.1248,0.0,0.0,0.0
0,8.02,11,1,0.0909,0.1247,0.7291,1.3625,0.9091
0,8.03,10,1,0.1,0.1245,0.803,1.4931,0.9
0,8.04,4,0,0.0,0.1244,0.0,0.0,0.0
0,8.05,8,0,0.0,0.1242,0.0,0.0,0.0
0,8.06,3,0,0.0,0.1241,0.0,0.0,0.0
0,8.07,8,2,0.25,0.1239,2.0175,2.4215,2.4013
0,8.08,4,0,0.0,0.1238,0.0,0.0,0.0
0,8.09,9,2,0.2222,0.1236,1.7978,2.1973,2.1444
0,8.10,8,2,0.25,0.1235,2.025,2.4305,2.2375
0,8.11,6,0,0.0,0.1233,0.0,0.0,0.0
0,8.12,6,0,0.0,0.1232,0.0,0.0,0.0
0,8.13,12,0,0.0,0.123,0.0,0.0,0.0
0,8.14,4,0,0.0,0.1229,0.0,0.0,0.0
0,8.15,6,1,0.1667,0.1227,1.3583,2.4306,1.5
0,8.16,2,0,0.0,0.1225,0.0,0.0,0.0
0,8.17,6,2,0.3333,0.1224,2.7233,3.0817,3.2333
0,8.18,6,1,0.1667,0.1222,1.3633,2.4395,1.6283
0,8.19,7,1,0.1429,0.1221,1.17,2.1234,1.2857
0,8.20,8,1,0.125,0.122,1.025,1.8792,1.2188
0,8.21,2,0,0.0,0.1218,0.0,0.0,0.0
0,8.22,3,1,0.3333,0.1217,2.74,4.3848,3.0
0,8.23,7,0,0.0,0.1215,0.0,0.0,0.0
0,8.24,6,0,0.0,0.1214,0.0,0.0,0.0
0,8.25,6,2,0.3333,0.1212,2.75,3.1118,3.2667
0,8.26,4,0,0.0,0.1211,0.0,0.0,0.0
0,8.27,9,2,0.2222,0.1209,1.8378,2.2462,2.25
0,8.28,7,0,0.0,0.1208,0.0,0.0,0.0
0,8.29,8,1,0.125,0.1206,1.0362,1.8999,1.25
0,8.30,7,1,0.1429,0.1205,1.1857,2.1519,1.3571
0,8.31,5,0,0.0,0.1203,0.0,0.0,0.0
0,8.32,3,0,0.0,0.1202,0.0,0.0,0.0
0,8.33,10,0,0.0,0.12,0.0,0.0,0.0
0,8.34,3,0,0.0,0.1199,0.0,0.0,0.0
0,8.35,10,0,0.0,0.1198,0.0,0.0,0.0
0,8.36,4,0,0.0,0.1196,0.0,0.0,0.0
0,8.37,3,2,0.6667,0.1195,5.58,4.4648,6.4133
0,8.38,2,0,0.0,0.1193,0.0,0.0,0.0
0,8.39,3,0,0.0,0.1192,0.0,0.0,0.0
0,8.40,6,1,0.1667,0.119,1.4,2.5051,1.6167
0,8.41,3,0,0.0,0.1189,0.0,0.0,0.0
0,8.42,3,0,0.0,0.1188,0.0,0.0,0.0
0,8.43,2,0,0.0,0.1186,0.0,0.0,0.0
0,8.44,5,0,0.0,0.1185,0.0,0.0,0.0
0,8.45,2,0,0.0,0.1183,0.0,0.0,0.0
0,8.46,3,2,0.6667,0.1182,5.64,4.5128,6.4167
0,8.47,7,0,0.0,0.1181,0.0,0.0,0.0
0,8.48,5,1,0.2,0.1179,1.696,2.9732,1.9
0,8.49,4,0,0.0,0.1178,0.0,0.0,0.0
0,8.50,7,1,0.1429,0.1176,1.2143,2.2037,1.5714
0,8.51,1,1,1.0,0.1175,8.51,0.0,10.0
0,8.52,7,1,0.1429,0.1174,1.2171,2.2089,1.4
0,8.53,6,1,0.1667,0.1172,1.4217,2.5439,1.7333
0,8.54,1,0,0.0,0.1171,0.0,0.0,0.0
0,8.55,6,0,0.0,0.117,0.0,0.0,0.0
0,8.56,2,0,0.0,0.1168,0.0,0.0,0.0
0,8.57,3,0,0.0,0.1167,0.0,0.0,0.0
0,8.58,5,1,0.2,0.1166,1.716,3.0083,2.086
0,8.59,5,2,0.4,0.1164,3.436,3.6887,4.5
0,8.60,7,1,0.1429,0.1163,1.2286,2.2297,1.3571
0,8.61,8,2,0.25,0.1161,2.1525,2.5835,2.475
0,8.62,3,0,0.0,0.116,0.0,0.0,0.0
0,8.63,3,0,0.0,0.1159,0.0,0.0,0.0
0,8.64,7,0,0.0,0.1157,0.0,0.0,0.0
0,8.65,5,0,0.0,0.1156,0.0,0.0,0.0
0,8.66,4,0,0.0,0.1155,0.0,0.0,0.0
0,8.67,7,1,0.1429,0.1153,1.2386,2.2478,1.4286
0,8.68,1,0,0.0,0.1152,0.0,0.0,0.0
0,8.69,5,0,0.0,0.1151,0.0,0.0,0.0
0,8.70,2,0,0.0,0.1149,0.0,0.0,0.0
0,8.71,5,2,0.4,0.1148,3.484,3.7402,4.32
0,8.72,3,0,0.0,0.1147,0.0,0.0,0.0
0,8.73,3,0,0.0,0.1145,0.0,0.0,0.0
0,8.74,2,0,0.0,0.1144,0.0,0.0,0.0
0,8.75,5,1,0.2,0.1143,1.75,3.0679,1.9
0,8.76,3,0,0.0,0.1142,0.0,0.0,0.0
0,8.77,8,1,0.125,0.114,1.0962,2.0099,1.2825
0,8.78,6,1,0.1667,0.1139,1.4633,2.6184,1.6667
0,8.79,7,1,0.1429,0.1138,1.2557,2.2789,1.5
0,8.80,7,0,0.0,0.1136,0.0,0.0,0.0
0,8.81,1,1,1.0,0.1135,8.81,0.0,11.0
0,8.82,4,0,0.0,0.1134,0.0,0.0,0.0
0,8.83,5,1,0.2,0.1133,1.766,3.0959,2.152
0,8.84,3,0,0.0,0.1131,0.0,0.0,0.0
0,8.85,9,1,0.1111,0.113,0.9833,1.817,1.2111
0,8.86,3,0,0.0,0.1129,0.0,0.0,0.0
0,8.87,2,1,0.5,0.1127,4.435,6.1466,5.0
0,8.88,1,0,0.0,0.1126,0.0,0.0,0.0
0,8.89,3,0,0.0,0.1125,0.0,0.0,0.0
0,8.90,8,2,0.25,0.1124,2.225,2.6706,3.0
0,8.91,2,0,0.0,0.1122,0.0,0.0,0.0
0,8.92,2,0,0.0,0.1121,0.0,0.0,0.0
0,8.93,4,1,0.25,0.112,2.2325,3.7895,2.5
0,8.94,4,0,0.0,0.1119,0.0,0.0,0.0
0,8.95,5,0,0.0,0.1117,0.0,0.0,0.0
0,8.96,4,0,0.0,0.1116,0.0,0.0,0.0
0,8.97,2,0,0.0,0.1115,0.0,0.0,0.0
0,8.98,7,2,0.2857,0.1114,2.5657,3.0052,3.1429
0,8.99,5,0,0.0,0.1112,0.0,0.0,0.0
0,9.00,4,0,0.0,0.1111,0.0,0.0,0.0
0,9.01,1,0,0.0,0.111,0.0,0.0,0.0
0,9.02,3,0,0.0,0.1109,0.0,0.0,0.0
0,9.03,2,0,0.0,0.1107,0.0,0.0,0.0
0,9.04,3,0,0.0,0.1106,0.0,0.0,0.0
0,9.05,6,0,0.0,0.1105,0.0,0.0,0.0
0,9.06,4,1,0.25,0.1104,2.265,3.8446,2.745
0,9.07,4,0,0.0,0.1103,0.0,0.0,0.0
0,9.08,5,1,0.2,0.1101,1.816,3.1836,2.136
0,9.09,3,0,0.0,0.11,0.0,0.0,0.0
0,9.10,4,0,0.0,0.1099,0.0,0.0,0.0
0,9.11,2,0,0.0,0.1098,0.0,0.0,0.0
0,9.12,5,0,0.0,0.1096,0.0,0.0,0.0
0,9.13,4,1,0.25,0.1095,2.2825,3.8743,2.5625
0,9.14,3,2,0.6667,0.1094,6.0933,4.8756,6.9833
0,9.15,4,0,0.0,0.1093,0.0,0.0,0.0
0,9.16,2,0,0.0,0.1092,0.0,0.0,0.0
0,9.17,2,0,0.0,0.1091,0.0,0.0,0.0
0,9.18,5,1,0.2,0.1089,1.836,3.2186,2.0
0,9.19,8,1,0.125,0.1088,1.1487,2.1061,1.2875
0,9.20,2,1,0.5,0.1087,4.6,6.3753,5.12
0,9.21,3,1,0.3333,0.1086,3.07,4.9129,3.6333
0,9.22,2,0,0.0,0.1085,0.0,0.0,0.0
0,9.23,1,0,0.0,0.1083,0.0,0.0,0.0
0,9.24,2,0,0.0,0.1082,0.0,0.0,0.0
0,9.25,5,1,0.2,0.1081,1.85,3.2432,2.2
0,9.26,2,0,0.0,0.108,0.0,0.0,0.0
0,9.27,1,0,0.0,0.1079,0.0,0.0,0.0
0,9.28,2,0,0.0,0.1078,0.0,0.0,0.0
0,9.29,2,1,0.5,0.1076,4.645,6.4376,5.2
0,9.30,5,0,0.0,0.1075,0.0,0.0,0.0
0,9.31,3,0,0.0,0.1074,0.0,0.0,0.0
0,9.32,5,0,0.0,0.1073,0.0,0.0,0.0
0,9.33,5,0,0.0,0.1072,0.0,0.0,0.0
0,9.34,3,0,0.0,0.1071,0.0,0.0,0.0
0,9.35,2,0,0.0,0.107,0.0,0.0,0.0
0,9.36,2,1,0.5,0.1068,4.68,6.4861,5.5
0,9.37,1,0,0.0,0.1067,0.0,0.0,0.0
0,9.38,5,0,0.0,0.1066,0.0,0.0,0.0
0,9.39,2,1,0.5,0.1065,4.695,6.5069,5.25
0,9.40,8,0,0.0,0.1064,0.0,0.0,0.0
0,9.41,2,1,0.5,0.1063,4.705,6.5208,6.11
0,9.42,1,0,0.0,0.1062,0.0,0.0,0.0
0,9.43,1,0,0.0,0.106,0.0,0.0,0.0
0,9.44,1,0,0.0,0.1059,0.0,0.0,0.0
0,9.45,3,0,0.0,0.1058,0.0,0.0,0.0
0,9.46,4,0,0.0,0.1057,0.0,0.0,0.0
0,9.47,3,0,0.0,0.1056,0.0,0.0,0.0
0,9.48,3,0,0.0,0.1055,0.0,0.0,0.0
0,9.49,3,1,0.3333,0.1054,3.1633,5.0623,3.75
0,9.50,1,0,0.0,0.1053,0.0,0.0,0.0
0,9.51,3,0,0.0,0.1052,0.0,0.0,0.0
0,9.52,2,0,0.0,0.105,0.0,0.0,0.0
0,9.53,2,0,0.0,0.1049,0.0,0.0,0.0
0,9.54,3,0,0.0,0.1048,0.0,0.0,0.0
0,9.55,2,1,0.5,0.1047,4.775,6.6178,7.0
0,9.56,2,0,0.0,0.1046,0.0,0.0,0.0
0,9.57,4,1,0.25,0.1045,2.3925,4.0611,2.78
0,9.58,4,0,0.0,0.1044,0.0,0.0,0.0
0,9.59,2,0,0.0,0.1043,0.0,0.0,0.0
0,9.60,2,0,0.0,0.1042,0.0,0.0,0.0
0,9.61,2,1,0.5,0.1041,4.805,6.6594,6.0
0,9.62,3,0,0.0,0.104,0.0,0.0,0.0
0,9.63,6,0,0.0,0.1038,0.0,0.0,0.0
0,9.64,1,0,0.0,0.1037,0.0,0.0,0.0
0,9.65,3,0,0.0,0.1036,0.0,0.0,0.0
0,9.66,2,0,0.0,0.1035,0.0,0.0,0.0
0,9.67,4,0,0.0,0.1034,0.0,0.0,0.0
0,9.68,3,0,0.0,0.1033,0.0,0.0,0.0
0,9.69,1,0,0.0,0.1032,0.0,0.0,0.0
0,9.70,4,0,0.0,0.1031,0.0,0.0,0.0
0,9.71,3,1,0.3333,0.103,3.2367,5.1796,3.6667
0,9.72,1,0,0.0,0.1029,0.0,0.0,0.0
0,9.73,1,0,0.0,0.1028,0.0,0.0,0.0
0,9.74,2,0,0.0,0.1027,0.0,0.0,0.0
0,9.75,2,0,0.0,0.1026,0.0,0.0,0.0
0,9.76,4,0,0.0,0.1025,0.0,0.0,0.0
0,9.77,2,0,0.0,0.1024,0.0,0.0,0.0
0,9.78,2,1,0.5,0.1022,4.89,6.7772,5.725
0,9.79,2,0,0.0,0.1021,0.0,0.0,0.0
0,9.80,2,0,0.0,0.102,0.0,0.0,0.0
0,9.82,2,0,0.0,0.1018,0.0,0.0,0.0
0,9.83,1,0,0.0,0.1017,0.0,0.0,0.0
0,9.84,1,0,0.0,0.1016,0.0,0.0,0.0
0,9.86,1,0,0.0,0.1014,0.0,0.0,0.0
0,9.87,4,0,0.0,0.1013,0.0,0.0,0.0
0,9.88,1,0,0.0,0.1012,0.0,0.0,0.0
0,9.89,2,0,0.0,0.1011,0.0,0.0,0.0
0,9.91,2,1,0.5,0.1009,4.955,6.8673,7.2
0,9.92,3,1,0.3333,0.1008,3.3067,5.2916,3.8333
0,9.93,1,0,0.0,0.1007,0.0,0.0,0.0
0,9.94,1,0,0.0,0.1006,0.0,0.0,0.0
0,9.95,2,1,0.5,0.1005,4.975,6.895,6.5
0,9.96,3,0,0.0,0.1004,0.0,0.0,0.0
0,9.97,2,0,0.0,0.1003,0.0,0.0,0.0
0,9.99,3,0,0.0,0.1001,0.0,0.0,0.0
0,10.00,3,0,0.0,0.1,0.0,0.0,0.0
0,10.01,2,0,0.0,0.0999,0.0,0.0,0.0
0,10.02,2,0,0.0,0.0998,0.0,0.0,0.0
0,10.03,3,0,0.0,0.0997,0.0,0.0,0.0
0,10.05,6,0,0.0,0.0995,0.0,0.0,0.0
0,10.06,1,0,0.0,0.0994,0.0,0.0,0.0
0,10.07,1,0,0.0,0.0993,0.0,0.0,0.0
0,10.08,1,0,0.0,0.0992,0.0,0.0,0.0
0,10.10,1,0,0.0,0.099,0.0,0.0,0.0
0,10.11,6,0,0.0,0.0989,0.0,0.0,0.0
0,10.12,2,0,0.0,0.0988,0.0,0.0,0.0
0,10.13,3,0,0.0,0.0987,0.0,0.0,0.0
0,10.16,2,0,0.0,0.0984,0.0,0.0,0.0
0,10.18,2,0,0.0,0.0982,0.0,0.0,0.0
0,10.19,1,0,0.0,0.0981,0.0,0.0,0.0
0,10.20,1,0,0.0,0.098,0.0,0.0,0.0
0,10.21,3,0,0.0,0.0979,0.0,0.0,0.0
0,10.23,2,0,0.0,0.0978,0.0,0.0,0.0
0,10.24,3,0,0.0,0.0977,0.0,0.0,0.0
0,10.26,2,0,0.0,0.0975,0.0,0.0,0.0
0,10.27,1,0,0.0,0.0974,0.0,0.0,0.0
0,10.28,1,0,0.0,0.0973,0.0,0.0,0.0
0,10.29,2,0,0.0,0.0972,0.0,0.0,0.0
0,10.30,3,0,0.0,0.0971,0.0,0.0,0.0
0,10.31,1,0,0.0,0.097,0.0,0.0,0.0
0,10.32,2,1,0.5,0.0969,5.16,7.1514,6.0
0,10.33,2,0,0.0,0.0968,0.0,0.0,0.0
0,10.34,2,0,0.0,0.0967,0.0,0.0,0.0
0,10.36,2,0,0.0,0.0965,0.0,0.0,0.0
0,10.37,3,0,0.0,0.0964,0.0,0.0,0.0
0,10.39,2,0,0.0,0.0962,0.0,0.0,0.0
0,10.40,4,1,0.25,0.0962,2.6,4.4133,2.75
0,10.41,3,1,0.3333,0.0961,3.47,5.553,4.0
0,10.42,1,0,0.0,0.096,0.0,0.0,0.0
0,10.44,4,0,0.0,0.0958,0.0,0.0,0.0
0,10.45,1,0,0.0,0.0957,0.0,0.0,0.0
0,10.46,1,0,0.0,0.0956,0.0,0.0,0.0
0,10.47,1,0,0.0,0.0955,0.0,0.0,0.0
0,10.48,3,0,0.0,0.0954,0.0,0.0,0.0
0,10.49,3,0,0.0,0.0953,0.0,0.0,0.0
0,10.50,2,0,0.0,0.0952,0.0,0.0,0.0
0,10.51,2,0,0.0,0.0951,0.0,0.0,0.0
0,10.52,3,0,0.0,0.0951,0.0,0.0,0.0
0,10.54,2,0,0.0,0.0949,0.0,0.0,0.0
0,10.55,2,0,0.0,0.0948,0.0,0.0,0.0
0,10.56,1,0,0.0,0.0947,0.0,0.0,0.0
0,10.58,1,0,0.0,0.0945,0.0,0.0,0.0
0,10.59,2,0,0.0,0.0944,0.0,0.0,0.0
0,10.60,1,0,0.0,0.0943,0.0,0.0,0.0
0,10.61,1,0,0.0,0.0943,0.0,0.0,0.0
0,10.63,5,0,0.0,0.0941,0.0,0.0,0.0
0,10.64,1,0,0.0,0.094,0.0,0.0,0.0
0,10.65,2,0,0.0,0.0939,0.0,0.0,0.0
0,10.68,1,0,0.0,0.0936,0.0,0.0,0.0
0,10.72,3,0,0.0,0.0933,0.0,0.0,0.0
0,10.73,2,0,0.0,0.0932,0.0,0.0,0.0
0,10.74,1,1,1.0,0.0931,10.74,0.0,11.97
0,10.76,1,0,0.0,0.0929,0.0,0.0,0.0
0,10.78,1,0,0.0,0.0928,0.0,0.0,0.0
0,10.79,3,0,0.0,0.0927,0.0,0.0,0.0
0,10.81,1,0,0.0,0.0925,0.0,0.0,0.0
0,10.82,1,0,0.0,0.0924,0.0,0.0,0.0
0,10.83,2,0,0.0,0.0923,0.0,0.0,0.0
0,10.84,4,0,0.0,0.0923,0.0,0.0,0.0
0,10.85,1,0,0.0,0.0922,0.0,0.0,0.0
0,10.86,2,0,0.0,0.0921,0.0,0.0,0.0
0,10.88,3,1,0.3333,0.0919,3.6267,5.8037,4.5
0,10.90,1,0,0.0,0.0917,0.0,0.0,0.0
0,10.91,1,0,0.0,0.0917,0.0,0.0,0.0
0,10.92,1,0,0.0,0.0916,0.0,0.0,0.0
0,10.93,1,0,0.0,0.0915,0.0,0.0,0.0
0,10.94,1,0,0.0,0.0914,0.0,0.0,0.0
0,10.97,1,0,0.0,0.0912,0.0,0.0,0.0
0,10.99,2,0,0.0,0.091,0.0,0.0,0.0
0,11.01,3,1,0.3333,0.0908,3.67,5.8731,4.3333
0,11.02,2,0,0.0,0.0907,0.0,0.0,0.0
0,11.03,1,0,0.0,0.0907,0.0,0.0,0.0
0,11.05,2,1,0.5,0.0905,5.525,7.6573,6.75
0,11.06,2,0,0.0,0.0904,0.0,0.0,0.0
0,11.07,1,0,0.0,0.0903,0.0,0.0,0.0
0,11.09,1,0,0.0,0.0902,0.0,0.0,0.0
0,11.10,1,0,0.0,0.0901,0.0,0.0,0.0
0,11.13,1,0,0.0,0.0898,0.0,0.0,0.0
0,11.16,3,0,0.0,0.0896,0.0,0.0,0.0
0,11.17,2,0,0.0,0.0895,0.0,0.0,0.0
0,11.18,1,0,0.0,0.0894,0.0,0.0,0.0
0,11.20,1,0,0.0,0.0893,0.0,0.0,0.0
0,11.21,1,0,0.0,0.0892,0.0,0.0,0.0
0,11.22,2,0,0.0,0.0891,0.0,0.0,0.0
0,11.23,1,0,0.0,0.089,0.0,0.0,0.0
0,11.27,1,0,0.0,0.0887,0.0,0.0,0.0
0,11.31,2,0,0.0,0.0884,0.0,0.0,0.0
0,11.32,1,0,0.0,0.0883,0.0,0.0,0.0
0,11.34,1,0,0.0,0.0882,0.0,0.0,0.0
0,11.35,3,0,0.0,0.0881,0.0,0.0,0.0
0,11.36,1,0,0.0,0.088,0.0,0.0,0.0
0,11.37,1,0,0.0,0.088,0.0,0.0,0.0
0,11.41,1,0,0.0,0.0876,0.0,0.0,0.0
0,11.42,3,1,0.3333,0.0876,3.8067,6.0918,4.7
0,11.44,2,1,0.5,0.0874,5.72,7.9275,6.5
0,11.45,1,0,0.0,0.0873,0.0,0.0,0.0
0,11.47,2,0,0.0,0.0872,0.0,0.0,0.0
0,11.49,1,0,0.0,0.087,0.0,0.0,0.0
0,11.50,1,0,0.0,0.087,0.0,0.0,0.0
0,11.51,1,0,0.0,0.0869,0.0,0.0,0.0
0,11.52,1,1,1.0,0.0868,11.52,0.0,13.0
0,11.54,1,0,0.0,0.0867,0.0,0.0,0.0
0,11.55,1,0,0.0,0.0866,0.0,0.0,0.0
0,11.57,3,2,0.6667,0.0864,7.7133,6.1718,9.0833
0,11.58,1,0,0.0,0.0864,0.0,0.0,0.0
0,11.60,2,0,0.0,0.0862,0.0,0.0,0.0
0,11.61,1,0,0.0,0.0861,0.0,0.0,0.0
0,11.62,3,0,0.0,0.0861,0.0,0.0,0.0
0,11.63,2,1,0.5,0.086,5.815,8.0592,6.75
0,11.64,2,0,0.0,0.0859,0.0,0.0,0.0
0,11.65,1,0,0.0,0.0858,0.0,0.0,0.0
0,11.66,1,1,1.0,0.0858,11.66,0.0,13.5
0,11.67,1,0,0.0,0.0857,0.0,0.0,0.0
0,11.68,1,0,0.0,0.0856,0.0,0.0,0.0
0,11.69,1,0,0.0,0.0855,0.0,0.0,0.0
0,11.70,1,0,0.0,0.0855,0.0,0.0,0.0
0,11.72,1,0,0.0,0.0853,0.0,0.0,0.0
0,11.74,3,0,0.0,0.0852,0.0,0.0,0.0
0,11.77,1,0,0.0,0.085,0.0,0.0,0.0
0,11.78,1,0,0.0,0.0849,0.0,0.0,0.0
0,11.79,2,0,0.0,0.0848,0.0,0.0,0.0
0,11.80,3,0,0.0,0.0847,0.0,0.0,0.0
0,11.87,1,0,0.0,0.0842,0.0,0.0,0.0
0,11.89,1,0,0.0,0.0841,0.0,0.0,0.0
0,11.91,3,0,0.0,0.084,0.0,0.0,0.0
0,11.92,3,0,0.0,0.0839,0.0,0.0,0.0
0,11.93,2,0,0.0,0.0838,0.0,0.0,0.0
0,11.95,1,0,0.0,0.0837,0.0,0.0,0.0
0,11.97,1,0,0.0,0.0835,0.0,0.0,0.0
0,12.00,1,0,0.0,0.0833,0.0,0.0,0.0
0,12.01,1,0,0.0,0.0833,0.0,0.0,0.0
0,12.08,2,1,0.5,0.0828,6.04,8.371,7.0
0,12.09,1,1,1.0,0.0827,12.09,0.0,19.0
0,12.12,1,0,0.0,0.0825,0.0,0.0,0.0
0,12.13,1,0,0.0,0.0824,0.0,0.0,0.0
0,12.16,1,0,0.0,0.0822,0.0,0.0,0.0
0,12.18,3,1,0.3333,0.0821,4.06,6.4972,5.3333
0,12.19,3,0,0.0,0.082,0.0,0.0,0.0
0,12.20,2,0,0.0,0.082,0.0,0.0,0.0
0,12.27,2,0,0.0,0.0815,0.0,0.0,0.0
0,12.30,1,0,0.0,0.0813,0.0,0.0,0.0
0,12.31,1,0,0.0,0.0812,0.0,0.0,0.0
0,12.33,1,0,0.0,0.0811,0.0,0.0,0.0
0,12.35,1,0,0.0,0.081,0.0,0.0,0.0
0,12.40,1,0,0.0,0.0806,0.0,0.0,0.0
0,12.43,1,0,0.0,0.0805,0.0,0.0,0.0
0,12.46,1,0,0.0,0.0803,0.0,0.0,0.0
0,12.47,1,0,0.0,0.0802,0.0,0.0,0.0
0,12.49,1,0,0.0,0.0801,0.0,0.0,0.0
0,12.50,1,0,0.0,0.08,0.0,0.0,0.0
0,12.59,2,0,0.0,0.0794,0.0,0.0,0.0
0,12.60,1,0,0.0,0.0794,0.0,0.0,0.0
0,12.62,1,0,0.0,0.0792,0.0,0.0,0.0
0,12.66,1,0,0.0,0.079,0.0,0.0,0.0
0,12.67,1,0,0.0,0.0789,0.0,0.0,0.0
0,12.70,1,0,0.0,0.0787,0.0,0.0,0.0
0,12.71,1,0,0.0,0.0787,0.0,0.0,0.0
0,12.72,1,0,0.0,0.0786,0.0,0.0,0.0
0,12.75,1,0,0.0,0.0784,0.0,0.0,0.0
0,12.79,2,0,0.0,0.0782,0.0,0.0,0.0
0,12.81,1,0,0.0,0.0781,0.0,0.0,0.0
0,12.84,1,0,0.0,0.0779,0.0,0.0,0.0
0,12.85,1,0,0.0,0.0778,0.0,0.0,0.0
0,12.87,2,1,0.5,0.0777,6.435,8.9185,8.0
0,12.88,1,0,0.0,0.0776,0.0,0.0,0.0
0,12.90,1,0,0.0,0.0775,0.0,0.0,0.0
0,12.91,1,0,0.0,0.0775,0.0,0.0,0.0
0,12.92,1,1,1.0,0.0774,12.92,0.0,16.67
0,12.93,1,0,0.0,0.0773,0.0,0.0,0.0
0,12.96,1,0,0.0,0.0772,0.0,0.0,0.0
0,12.97,1,0,0.0,0.0771,0.0,0.0,0.0
0,13.01,1,0,0.0,0.0769,0.0,0.0,0.0
0,13.03,1,0,0.0,0.0767,0.0,0.0,0.0
0,13.04,2,0,0.0,0.0767,0.0,0.0,0.0
0,13.05,3,0,0.0,0.0766,0.0,0.0,0.0
0,13.06,2,0,0.0,0.0766,0.0,0.0,0.0
0,13.15,1,0,0.0,0.076,0.0,0.0,0.0
0,13.17,1,0,0.0,0.0759,0.0,0.0,0.0
0,13.20,1,0,0.0,0.0758,0.0,0.0,0.0
0,13.23,1,0,0.0,0.0756,0.0,0.0,0.0
0,13.26,2,0,0.0,0.0754,0.0,0.0,0.0
0,13.27,1,0,0.0,0.0754,0.0,0.0,0.0
0,13.30,3,1,0.3333,0.0752,4.4333,7.0946,5.27
0,13.33,1,0,0.0,0.075,0.0,0.0,0.0
0,13.34,1,0,0.0,0.075,0.0,0.0,0.0
0,13.39,2,1,0.5,0.0747,6.695,9.2788,7.5
0,13.43,1,0,0.0,0.0745,0.0,0.0,0.0
0,13.46,1,0,0.0,0.0743,0.0,0.0,0.0
0,13.60,1,0,0.0,0.0735,0.0,0.0,0.0
0,13.61,1,0,0.0,0.0735,0.0,0.0,0.0
0,13.63,2,0,0.0,0.0734,0.0,0.0,0.0
0,13.70,1,0,0.0,0.073,0.0,0.0,0.0
0,13.71,1,0,0.0,0.0729,0.0,0.0,0.0
0,13.74,2,0,0.0,0.0728,0.0,0.0,0.0
0,13.76,1,0,0.0,0.0727,0.0,0.0,0.0
0,13.82,1,0,0.0,0.0724,0.0,0.0,0.0
0,13.88,1,0,0.0,0.072,0.0,0.0,0.0
0,13.93,1,0,0.0,0.0718,0.0,0.0,0.0
0,13.96,1,0,0.0,0.0716,0.0,0.0,0.0
0,13.97,1,0,0.0,0.0716,0.0,0.0,0.0
0,14.08,1,0,0.0,0.071,0.0,0.0,0.0
0,14.09,1,0,0.0,0.071,0.0,0.0,0.0
0,14.12,1,0,0.0,0.0708,0.0,0.0,0.0
0,14.13,1,0,0.0,0.0708,0.0,0.0,0.0
0,14.15,1,0,0.0,0.0707,0.0,0.0,0.0
0,14.17,1,0,0.0,0.0706,0.0,0.0,0.0
0,14.24,1,0,0.0,0.0702,0.0,0.0,0.0
0,14.30,1,0,0.0,0.0699,0.0,0.0,0.0
0,14.33,1,0,0.0,0.0698,0.0,0.0,0.0
0,14.37,3,0,0.0,0.0696,0.0,0.0,0.0
0,14.41,1,0,0.0,0.0694,0.0,0.0,0.0
0,14.43,1,0,0.0,0.0693,0.0,0.0,0.0
0,14.49,1,0,0.0,0.069,0.0,0.0,0.0
0,14.54,2,0,0.0,0.0688,0.0,0.0,0.0
0,14.60,1,0,0.0,0.0685,0.0,0.0,0.0
0,14.64,1,0,0.0,0.0683,0.0,0.0,0.0
0,14.68,1,0,0.0,0.0681,0.0,0.0,0.0
0,14.70,1,0,0.0,0.068,0.0,0.0,0.0
0,14.83,1,0,0.0,0.0674,0.0,0.0,0.0
0,15.03,1,0,0.0,0.0665,0.0,0.0,0.0
0,15.16,1,0,0.0,0.066,0.0,0.0,0.0
0,15.21,1,0,0.0,0.0657,0.0,0.0,0.0
0,15.29,1,0,0.0,0.0654,0.0,0.0,0.0
0,15.31,1,0,0.0,0.0653,0.0,0.0,0.0
0,15.32,1,0,0.0,0.0653,0.0,0.0,0.0
0,15.34,1,0,0.0,0.0652,0.0,0.0,0.0
0,15.48,1,1,1.0,0.0646,15.48,0.0,26.0
0,15.65,1,0,0.0,0.0639,0.0,0.0,0.0
0,15.67,1,0,0.0,0.0638,0.0,0.0,0.0
0,15.77,1,0,0.0,0.0634,0.0,0.0,0.0
0,16.24,1,0,0.0,0.0616,0.0,0.0,0.0
0,16.32,1,0,0.0,0.0613,0.0,0.0,0.0
0,16.36,1,0,0.0,0.0611,0.0,0.0,0.0
0,16.40,1,0,0.0,0.061,0.0,0.0,0.0
0,16.77,1,0,0.0,0.0596,0.0,0.0,0.0
0,16.94,1,0,0.0,0.059,0.0,0.0,0.0
0,17.12,1,0,0.0,0.0584,0.0,0.0,0.0
0,17.49,1,0,0.0,0.0572,0.0,0.0,0.0
0,17.51,1,0,0.0,0.0571,0.0,0.0,0.0
0,17.52,1,0,0.0,0.0571,0.0,0.0,0.0
0,17.83,1,0,0.0,0.0561,0.0,0.0,0.0
0,18.00,1,0,0.0,0.0556,0.0,0.0,0.0
0,18.07,1,0,0.0,0.0553,0.0,0.0,0.0
0,18.08,1,0,0.0,0.0553,0.0,0.0,0.0
0,18.44,1,0,0.0,0.0542,0.0,0.0,0.0
0,18.64,1,0,0.0,0.0536,0.0,0.0,0.0
0,19.04,1,0,0.0,0.0525,0.0,0.0,0.0
0,19.42,1,0,0.0,0.0515,0.0,0.0,0.0
2,1.02,1,0,0.0,0.9804,0.0,0.0,0.0
2,1.04,3,3,1.0,0.9615,1.04,0.0,1.0767
2,1.05,1,1,1.0,0.9524,1.05,0.0,1.12
2,1.06,2,2,1.0,0.9434,1.06,0.0,1.095
2,1.08,1,1,1.0,0.9259,1.08,0.0,1.11
2,1.09,7,4,0.5714,0.9174,0.6229,0.3996,0.6471
2,1.10,6,6,1.0,0.9091,1.1,0.0,1.1433
2,1.11,9,9,1.0,0.9009,1.11,0.0,1.1411
2,1.12,10,9,0.9,0.8929,1.008,0.2083,1.041
2,1.13,18,15,0.8333,0.885,0.9417,0.1946,0.9717
2,1.14,16,13,0.8125,0.8772,0.9263,0.218,0.9537
2,1.15,28,22,0.7857,0.8696,0.9036,0.1748,0.9386
2,1.16,24,18,0.75,0.8621,0.87,0.201,0.8946
2,1.17,44,37,0.8409,0.8547,0.9839,0.1265,1.015
2,1.18,53,45,0.8491,0.8475,1.0019,0.1137,1.0336
2,1.19,49,41,0.8367,0.8403,0.9957,0.1232,1.0302
2,1.20,47,39,0.8298,0.8333,0.9957,0.1289,1.0332
2,1.21,70,56,0.8,0.8264,0.968,0.1134,1.0023
2,1.22,61,54,0.8852,0.8197,1.08,0.0976,1.1166
2,1.23,70,59,0.8429,0.813,1.0367,0.1049,1.0726
2,1.24,72,61,0.8472,0.8065,1.0506,0.1031,1.0885
2,1.25,78,62,0.7949,0.8,0.9936,0.112,1.0341
2,1.26,79,63,0.7975,0.7937,1.0048,0.1117,1.0428
2,1.27,73,56,0.7671,0.7874,0.9742,0.1231,1.0108
2,1.28,82,60,0.7317,0.7812,0.9366,0.1228,0.968
2,1.29,82,56,0.6829,0.7752,0.881,0.1299,0.9132
2,1.30,103,81,0.7864,0.7692,1.0223,0.1029,1.0592
2,1.31,89,71,0.7978,0.7634,1.0451,0.1093,1.0848
2,1.32,97,81,0.8351,0.7576,1.1023,0.0975,1.1427
2,1.33,91,66,0.7253,0.7519,0.9646,0.122,1.0023
2,1.34,104,71,0.6827,0.7463,0.9148,0.1199,0.9503
2,1.35,114,95,0.8333,0.7407,1.125,0.0924,1.1648
2,1.36,102,74,0.7255,0.7353,0.9867,0.1178,1.023
2,1.37,108,77,0.713,0.7299,0.9768,0.1169,1.0146
2,1.38,118,80,0.678,0.7246,0.9356,0.1163,0.972
2,1.39,124,86,0.6935,0.7194,0.964,0.1128,1.0002
2,1.40,79,52,0.6582,0.7143,0.9215,0.1464,0.9551
2,1.41,118,86,0.7288,0.7092,1.0276,0.1131,1.0712
2,1.42,108,72,0.6667,0.7042,0.9467,0.1262,0.9819
2,1.43,118,73,0.6186,0.6993,0.8847,0.1253,0.9177
2,1.44,122,80,0.6557,0.6944,0.9443,0.1214,0.9817
2,1.45,128,91,0.7109,0.6897,1.0309,0.1139,1.0751
2,1.46,113,78,0.6903,0.6849,1.0078,0.1245,1.0478
2,1.47,125,83,0.664,0.6803,0.9761,0.1217,1.0134
2,1.48,121,77,0.6364,0.6757,0.9418,0.1269,0.9783
2,1.49,124,75,0.6048,0.6711,0.9012,0.1282,0.9385
2,1.50,116,71,0.6121,0.6667,0.9181,0.133,0.9526
2,1.51,121,81,0.6694,0.6623,1.0108,0.1266,1.0494
2,1.52,134,84,0.6269,0.6579,0.9528,0.1245,0.989
2,1.53,147,88,0.5986,0.6536,0.9159,0.1212,0.9513
2,1.54,128,84,0.6562,0.6494,1.0106,0.1267,1.0508
2,1.55,140,103,0.7357,0.6452,1.1404,0.1132,1.1873
2,1.56,137,78,0.5693,0.641,0.8882,0.1294,0.9481
2,1.57,126,90,0.7143,0.6369,1.1214,0.1238,1.1673
2,1.58,182,116,0.6374,0.6329,1.007,0.1104,1.0464
2,1.59,145,94,0.6483,0.6289,1.0308,0.1236,1.0778
2,1.60,163,98,0.6012,0.625,0.962,0.1203,1.0029
2,1.61,130,71,0.5462,0.6211,0.8793,0.1378,0.9142
2,1.62,149,93,0.6242,0.6173,1.0111,0.126,1.0535
2,1.63,150,88,0.5867,0.6135,0.9563,0.1285,0.9946
2,1.64,138,83,0.6014,0.6098,0.9864,0.134,1.0258
2,1.65,172,96,0.5581,0.6061,0.9209,0.1225,0.9605
2,1.66,137,84,0.6131,0.6024,1.0178,0.1354,1.0559
2,1.67,152,78,0.5132,0.5988,0.857,0.1327,0.8917
2,1.68,178,96,0.5393,0.5952,0.9061,0.123,0.9466
2,1.69,157,101,0.6433,0.5917,1.0872,0.1266,1.1331
2,1.70,171,92,0.538,0.5882,0.9146,0.127,0.9533
2,1.71,200,96,0.48,0.5848,0.8208,0.1184,0.8536
2,1.72,184,107,0.5815,0.5814,1.0002,0.1226,1.0447
2,1.73,202,104,0.5149,0.578,0.8907,0.1192,0.9286
2,1.74,176,91,0.517,0.5747,0.8997,0.1285,0.9373
2,1.75,172,92,0.5349,0.5714,0.936,0.1304,0.9766
2,1.76,166,90,0.5422,0.5682,0.9542,0.1334,0.9964
2,1.77,199,103,0.5176,0.565,0.9161,0.1229,0.9581
2,1.78,175,94,0.5371,0.5618,0.9561,0.1315,0.9994
2,1.79,189,96,0.5079,0.5587,0.9092,0.1276,0.9481
2,1.80,185,108,0.5838,0.5556,1.0508,0.1279,1.0955
2,1.81,173,80,0.4624,0.5525,0.837,0.1345,0.8751
2,1.82,191,94,0.4921,0.5495,0.8957,0.129,0.936
2,1.83,195,111,0.5692,0.5464,1.0417,0.1272,1.0886
2,1.84,174,95,0.546,0.5435,1.0046,0.1361,1.0492
2,1.85,164,84,0.5122,0.5405,0.9476,0.1415,0.9962
2,1.86,186,102,0.5484,0.5376,1.02,0.133,1.0664
2,1.87,195,97,0.4974,0.5348,0.9302,0.1312,0.9725
2,1.88,186,83,0.4462,0.5319,0.8389,0.1343,0.8778
2,1.89,201,114,0.5672,0.5291,1.0719,0.1295,1.1248
2,1.90,185,102,0.5514,0.5263,1.0476,0.1362,1.0971
2,1.91,212,115,0.5425,0.5236,1.0361,0.1281,1.0809
2,1.92,204,95,0.4657,0.5208,0.8941,0.1314,0.9325
2,1.93,217,101,0.4654,0.5181,0.8983,0.1281,0.9376
2,1.94,208,102,0.4904,0.5155,0.9513,0.1318,0.9932
2,1.95,233,120,0.515,0.5128,1.0043,0.1251,1.0521
2,1.96,221,117,0.5294,0.5102,1.0376,0.129,1.088
2,1.97,217,115,0.53,0.5076,1.044,0.1308,1.0939
2,1.98,214,111,0.5187,0.5051,1.027,0.1326,1.081
2,1.99,235,107,0.4553,0.5025,0.9061,0.1267,0.948
2,2.00,241,106,0.4398,0.5,0.8797,0.1253,0.9212
2,2.01,245,132,0.5388,0.4975,1.0829,0.1255,1.1322
2,2.02,229,118,0.5153,0.495,1.0409,0.1308,1.0921
2,2.03,244,125,0.5123,0.4926,1.04,0.1273,1.0879
2,2.04,256,117,0.457,0.4902,0.9323,0.1245,0.978
2,2.05,244,113,0.4631,0.4878,0.9494,0.1283,0.9948
2,2.06,263,127,0.4829,0.4854,0.9948,0.1244,1.0411
2,2.07,242,119,0.4917,0.4831,1.0179,0.1304,1.0659
2,2.08,267,117,0.4382,0.4808,0.9115,0.1238,0.9627
2,2.09,269,130,0.4833,0.4785,1.01,0.1248,1.0594
2,2.10,281,135,0.4804,0.4762,1.0089,0.1227,1.0621
2,2.11,257,116,0.4514,0.4739,0.9524,0.1284,0.9986
2,2.12,259,120,0.4633,0.4717,0.9822,0.1287,1.0296
2,2.13,250,108,0.432,0.4695,0.9202,0.1308,0.9687
2,2.14,245,106,0.4327,0.4673,0.9259,0.1328,0.9733
2,2.15,289,127,0.4394,0.4651,0.9448,0.123,0.9915
2,2.16,284,136,0.4789,0.463,1.0344,0.1255,1.0837
2,2.17,286,120,0.4196,0.4608,0.9105,0.1241,0.9543
2,2.18,300,131,0.4367,0.4587,0.9519,0.1224,0.9969
2,2.19,308,135,0.4383,0.4566,0.9599,0.1214,1.0074
2,2.20,314,149,0.4745,0.4545,1.0439,0.1215,1.0958
2,2.21,323,133,0.4118,0.4525,0.91,0.1186,0.9543
2,2.22,310,155,0.5,0.4505,1.11,0.1236,1.1684
2,2.23,321,124,0.3863,0.4484,0.8614,0.1188,0.9055
2,2.24,284,126,0.4437,0.4464,0.9938,0.1294,1.0438
2,2.25,297,143,0.4815,0.4444,1.0833,0.1279,1.1397
2,2.26,288,124,0.4306,0.4425,0.9731,0.1292,1.022
2,2.27,307,130,0.4235,0.4405,0.9612,0.1255,1.0132
2,2.28,314,127,0.4045,0.4386,0.9222,0.1238,0.9685
2,2.29,330,130,0.3939,0.4367,0.9021,0.1207,0.9495
2,2.30,323,144,0.4458,0.4348,1.0254,0.1247,1.0808
2,2.31,296,129,0.4358,0.4329,1.0067,0.1305,1.0573
2,2.32,333,143,0.4294,0.431,0.9963,0.1233,1.0465
2,2.33,315,131,0.4159,0.4292,0.969,0.1268,1.019
2,2.34,320,140,0.4375,0.4274,1.0237,0.1272,1.0781
2,2.35,308,128,0.4156,0.4255,0.9766,0.1293,1.0281
2,2.36,314,121,0.3854,0.4237,0.9094,0.127,0.9575
2,2.37,320,126,0.3937,0.4219,0.9332,0.1269,0.9814
2,2.38,350,135,0.3857,0.4202,0.918,0.1214,0.9675
2,2.39,354,142,0.4011,0.4184,0.9587,0.122,1.0067
2,2.40,353,144,0.4079,0.4167,0.979,0.123,1.0287
2,2.41,347,146,0.4207,0.4149,1.014,0.1252,1.0685
2,2.42,337,142,0.4214,0.4132,1.0197,0.1276,1.0761
2,2.43,353,138,0.3909,0.4115,0.95,0.1237,1.0003
2,2.44,325,132,0.4062,0.4098,0.991,0.1303,1.0447
2,2.45,351,128,0.3647,0.4082,0.8934,0.1234,0.9459
2,2.46,348,138,0.3966,0.4065,0.9755,0.1264,1.0299
2,2.47,329,122,0.3708,0.4049,0.9159,0.1289,0.9687
2,2.48,352,118,0.3352,0.4032,0.8314,0.1223,0.8778
2,2.49,338,121,0.358,0.4016,0.8914,0.1273,0.9433
2,2.50,362,129,0.3564,0.4,0.8909,0.1233,0.937
2,2.51,349,127,0.3639,0.3984,0.9134,0.1267,0.9618
2,2.52,336,120,0.3571,0.3968,0.9,0.1291,0.9562
2,2.53,345,128,0.371,0.3953,0.9387,0.129,0.9923
2,2.54,343,128,0.3732,0.3937,0.9479,0.13,1.0027
2,2.55,372,142,0.3817,0.3922,0.9734,0.1259,1.0279
2,2.56,347,135,0.389,0.3906,0.996,0.1313,1.0525
2,2.57,343,122,0.3557,0.3891,0.9141,0.1302,0.965
2,2.58,335,123,0.3672,0.3876,0.9473,0.1332,0.9993
2,2.59,321,116,0.3614,0.3861,0.936,0.1361,0.9905
2,2.60,351,134,0.3818,0.3846,0.9926,0.1321,1.0471
2,2.61,339,125,0.3687,0.3831,0.9624,0.134,1.0217
2,2.62,372,138,0.371,0.3817,0.9719,0.1286,1.0278
2,2.63,359,131,0.3649,0.3802,0.9597,0.131,1.0146
2,2.64,364,135,0.3709,0.3788,0.9791,0.131,1.0344
2,2.65,315,112,0.3556,0.3774,0.9422,0.1401,0.9978
2,2.66,364,121,0.3324,0.3759,0.8842,0.1287,0.9343
2,2.67,334,114,0.3413,0.3745,0.9113,0.1358,0.966
2,2.68,364,148,0.4066,0.3731,1.0897,0.1352,1.1544
2,2.69,352,124,0.3523,0.3717,0.9476,0.1342,1.0044
2,2.70,356,117,0.3287,0.3704,0.8874,0.1318,0.9401
2,2.71,345,120,0.3478,0.369,0.9426,0.1362,1.0023
2,2.72,370,123,0.3324,0.3676,0.9042,0.1306,0.9568
2,2.73,385,138,0.3584,0.3663,0.9785,0.1308,1.0384
2,2.74,368,126,0.3424,0.365,0.9382,0.1328,0.9951
2,2.75,351,112,0.3191,0.3636,0.8775,0.1341,0.9325
2,2.76,346,111,0.3208,0.3623,0.8854,0.1358,0.939
2,2.77,370,123,0.3324,0.361,0.9208,0.133,0.9768
2,2.78,361,140,0.3878,0.3597,1.0781,0.1397,1.146
2,2.79,406,133,0.3276,0.3584,0.914,0.1274,0.9734
2,2.80,366,137,0.3743,0.3571,1.0481,0.1388,1.1137
2,2.81,389,121,0.3111,0.3559,0.8741,0.1293,0.9306
2,2.82,398,137,0.3442,0.3546,0.9707,0.1316,1.0354
2,2.83,398,149,0.3744,0.3534,1.0595,0.1346,1.1248
2,2.84,433,140,0.3233,0.3521,0.9182,0.1251,0.9767
2,2.85,402,123,0.306,0.3509,0.872,0.1284,0.9307
2,2.86,424,127,0.2995,0.3497,0.8567,0.1247,0.9146
2,2.87,396,108,0.2727,0.3484,0.7827,0.1259,0.8362
2,2.88,383,137,0.3577,0.3472,1.0302,0.1383,1.0991
2,2.89,394,125,0.3173,0.346,0.9169,0.1328,0.9782
2,2.90,376,113,0.3005,0.3448,0.8715,0.1344,0.9287
2,2.91,389,117,0.3008,0.3436,0.8752,0.1326,0.9364
2,2.92,421,136,0.323,0.3425,0.9433,0.1304,1.0069
2,2.93,368,116,0.3152,0.3413,0.9236,0.1391,0.9854
2,2.94,375,110,0.2933,0.3401,0.8624,0.1355,0.9223
2,2.95,393,119,0.3028,0.339,0.8933,0.134,0.9563
2,2.96,393,132,0.3359,0.3378,0.9942,0.1382,1.062
2,2.97,389,111,0.2853,0.3367,0.8475,0.1333,0.9067
2,2.98,393,127,0.3232,0.3356,0.963,0.1378,1.0281
2,2.99,389,131,0.3368,0.3344,1.0069,0.1404,1.0792
2,3.00,362,121,0.3343,0.3333,1.0028,0.1458,1.0698
2,3.01,375,117,0.312,0.3322,0.9391,0.1411,1.0076
2,3.02,367,116,0.3161,0.3311,0.9546,0.1437,1.0182
2,3.03,341,105,0.3079,0.33,0.933,0.1485,0.9994
2,3.04,426,129,0.3028,0.3289,0.9206,0.1326,0.9858
2,3.05,373,119,0.319,0.3279,0.9731,0.1443,1.0407
2,3.06,350,98,0.28,0.3268,0.8568,0.1439,0.9183
2,3.07,375,131,0.3493,0.3257,1.0725,0.1481,1.1479
2,3.08,341,97,0.2845,0.3247,0.8761,0.1475,0.9374
2,3.09,385,124,0.3221,0.3236,0.9952,0.1442,1.071
2,3.10,361,93,0.2576,0.3226,0.7986,0.1398,0.8589
2,3.11,357,96,0.2689,0.3215,0.8363,0.143,0.8993
2,3.12,392,96,0.2449,0.3205,0.7641,0.1328,0.8225
2,3.13,395,108,0.2734,0.3195,0.8558,0.1376,0.919
2,3.14,361,86,0.2382,0.3185,0.748,0.138,0.8073
2,3.15,345,91,0.2638,0.3175,0.8309,0.1465,0.8932
2,3.16,333,99,0.2973,0.3165,0.9395,0.1551,1.0116
2,3.17,343,100,0.2915,0.3155,0.9242,0.1525,0.9942
2,3.18,378,115,0.3042,0.3145,0.9675,0.1475,1.0445
2,3.19,374,113,0.3021,0.3135,0.9638,0.1485,1.036
2,3.20,334,80,0.2395,0.3125,0.7665,0.1465,0.8236
2,3.21,382,96,0.2513,0.3115,0.8067,0.1396,0.8698
2,3.22,371,98,0.2642,0.3106,0.8506,0.1445,0.9136
2,3.23,366,101,0.276,0.3096,0.8913,0.1479,0.9614
2,3.24,353,101,0.2861,0.3086,0.927,0.1528,0.9997
2,3.25,352,105,0.2983,0.3077,0.9695,0.1553,1.0453
2,3.26,350,102,0.2914,0.3067,0.9501,0.1552,1.0218
2,3.27,331,81,0.2447,0.3058,0.8002,0.1514,0.8648
2,3.28,343,86,0.2507,0.3049,0.8224,0.1504,0.8865
2,3.29,339,92,0.2714,0.304,0.8929,0.1557,0.9614
2,3.30,345,89,0.258,0.303,0.8513,0.1524,0.9172
2,3.31,357,114,0.3193,0.3021,1.057,0.1601,1.1446
2,3.32,353,105,0.2975,0.3012,0.9875,0.1583,1.0665
2,3.33,332,83,0.25,0.3003,0.8325,0.1551,0.9016
2,3.34,301,77,0.2558,0.2994,0.8544,0.1646,0.9226
2,3.35,331,75,0.2266,0.2985,0.7591,0.1511,0.8205
2,3.36,334,83,0.2485,0.2976,0.835,0.1557,0.9059
2,3.37,312,84,0.2692,0.2967,0.9073,0.1659,0.9909
2,3.38,326,87,0.2669,0.2959,0.902,0.1623,0.9774
2,3.39,309,77,0.2492,0.295,0.8448,0.1635,0.9168
2,3.40,327,93,0.2844,0.2941,0.967,0.1662,1.0474
2,3.41,297,71,0.2391,0.2933,0.8152,0.1654,0.8867
2,3.42,326,85,0.2607,0.2924,0.8917,0.163,0.9658
2,3.43,287,97,0.338,0.2915,1.1593,0.1877,1.257
2,3.44,313,100,0.3195,0.2907,1.099,0.1777,1.1923
2,3.45,330,75,0.2273,0.2899,0.7841,0.156,0.8558
2,3.46,302,73,0.2417,0.289,0.8364,0.1671,0.907
2,3.47,303,71,0.2343,0.2882,0.8131,0.1655,0.8828
2,3.48,293,77,0.2628,0.2874,0.9145,0.1754,0.9953
2,3.49,295,77,0.261,0.2865,0.9109,0.1749,0.9934
2,3.50,300,76,0.2533,0.2857,0.8867,0.1722,0.9625
2,3.51,296,87,0.2939,0.2849,1.0317,0.1822,1.1216
2,3.52,303,75,0.2475,0.2841,0.8713,0.171,0.9452
2,3.53,309,92,0.2977,0.2833,1.051,0.18,1.147
2,3.54,301,62,0.206,0.2825,0.7292,0.1617,0.7956
2,3.55,270,53,0.1963,0.2817,0.6969,0.1682,0.7578
2,3.56,320,89,0.2781,0.2809,0.9901,0.1748,1.08
2,3.57,267,55,0.206,0.2801,0.7354,0.1732,0.8021
2,3.58,275,59,0.2145,0.2793,0.7681,0.1737,0.8405
2,3.59,272,68,0.25,0.2786,0.8975,0.1847,0.9732
2,3.60,265,61,0.2302,0.2778,0.8287,0.1825,0.9024
2,3.61,278,68,0.2446,0.277,0.883,0.1824,0.9603
2,3.62,282,66,0.234,0.2762,0.8472,0.1789,0.9222
2,3.63,251,73,0.2908,0.2755,1.0557,0.2039,1.1527
2,3.64,272,60,0.2206,0.2747,0.8029,0.1794,0.8735
2,3.65,268,67,0.25,0.274,0.9125,0.1892,0.9969
2,3.66,263,68,0.2586,0.2732,0.9463,0.1937,1.0321
2,3.67,266,59,0.2218,0.2725,0.814,0.1832,0.8906
2,3.68,265,54,0.2038,0.2717,0.7499,0.1785,0.8231
2,3.69,260,59,0.2269,0.271,0.8373,0.1879,0.9116
2,3.70,264,68,0.2576,0.2703,0.953,0.1952,1.0389
2,3.71,253,61,0.2411,0.2695,0.8945,0.1956,0.9756
2,3.72,271,51,0.1882,0.2688,0.7001,0.1731,0.7644
2,3.73,270,70,0.2593,0.2681,0.967,0.195,1.0644
2,3.74,252,60,0.2381,0.2674,0.8905,0.1967,0.9766
2,3.75,269,66,0.2454,0.2667,0.9201,0.1928,1.0154
2,3.76,225,52,0.2311,0.266,0.869,0.2071,0.9461
2,3.77,255,60,0.2353,0.2653,0.8871,0.1963,0.9678
2,3.78,239,61,0.2552,0.2646,0.9648,0.2089,1.0493
2,3.79,212,48,0.2264,0.2639,0.8581,0.2135,0.9384
2,3.80,235,65,0.2766,0.2632,1.0511,0.2173,1.1493
2,3.81,241,53,0.2199,0.2625,0.8379,0.1992,0.9174
2,3.82,214,36,0.1682,0.2618,0.6426,0.1914,0.7034
2,3.83,233,66,0.2833,0.2611,1.0849,0.2216,1.1945
2,3.84,220,56,0.2545,0.2604,0.9775,0.221,1.0787
2,3.85,219,61,0.2785,0.2597,1.0724,0.2286,1.1726
2,3.86,236,57,0.2415,0.2591,0.9323,0.2108,1.0195
2,3.87,235,51,0.217,0.2584,0.8399,0.204,0.9167
2,3.88,232,53,0.2284,0.2577,0.8864,0.2096,0.9713
2,3.89,241,57,0.2365,0.2571,0.92,0.2087,1.0103
2,3.90,235,61,0.2596,0.2564,1.0123,0.2186,1.1042
2,3.91,189,42,0.2222,0.2558,0.8689,0.2317,0.9574
2,3.92,223,54,0.2422,0.2551,0.9492,0.2204,1.0435
2,3.93,245,52,0.2122,0.2545,0.8341,0.2012,0.9202
2,3.94,202,46,0.2277,0.2538,0.8972,0.2279,0.9866
2,3.95,199,43,0.2161,0.2532,0.8535,0.2259,0.9405
2,3.96,224,45,0.2009,0.2525,0.7955,0.2078,0.8752
2,3.97,194,44,0.2268,0.2519,0.9004,0.2339,0.9898
2,3.98,176,43,0.2443,0.2513,0.9724,0.2526,1.0698
2,3.99,192,43,0.224,0.2506,0.8936,0.2353,0.9854
2,4.00,202,49,0.2426,0.25,0.9703,0.2365,1.0726
2,4.01,192,50,0.2604,0.2494,1.0443,0.2489,1.1448
2,4.02,174,33,0.1897,0.2488,0.7624,0.2342,0.8363
2,4.03,213,53,0.2488,0.2481,1.0028,0.234,1.1067
2,4.04,192,48,0.25,0.2475,1.01,0.2475,1.1092
2,4.05,187,41,0.2193,0.2469,0.888,0.2402,0.9803
2,4.06,186,43,0.2312,0.2463,0.9386,0.246,1.0319
2,4.07,179,47,0.2626,0.2457,1.0687,0.2624,1.1826
2,4.08,177,35,0.1977,0.2451,0.8068,0.2394,0.8877
2,4.09,183,37,0.2022,0.2445,0.8269,0.238,0.9154
2,4.10,173,31,0.1792,0.2439,0.7347,0.2343,0.8062
2,4.11,148,36,0.2432,0.2433,0.9997,0.2841,1.0934
2,4.12,181,38,0.2099,0.2427,0.865,0.2444,0.9572
2,4.13,175,43,0.2457,0.2421,1.0148,0.2634,1.1152
2,4.14,174,39,0.2241,0.2415,0.9279,0.2565,1.0232
2,4.15,186,44,0.2366,0.241,0.9817,0.2535,1.0755
2,4.16,166,37,0.2229,0.2404,0.9272,0.2634,1.029
2,4.17,186,41,0.2204,0.2398,0.9192,0.2484,1.003
2,4.18,206,44,0.2136,0.2392,0.8928,0.2339,0.9762
2,4.19,160,32,0.2,0.2387,0.838,0.2597,0.9189
2,4.20,177,36,0.2034,0.2381,0.8542,0.2491,0.9372
2,4.21,177,42,0.2373,0.2375,0.999,0.2639,1.1006
2,4.22,184,36,0.1957,0.237,0.8257,0.2419,0.9127
2,4.23,166,37,0.2229,0.2364,0.9428,0.2678,1.0396
2,4.24,170,35,0.2059,0.2358,0.8729,0.2577,0.9657
2,4.25,147,29,0.1973,0.2353,0.8384,0.2734,0.9215
2,4.26,155,22,0.1419,0.2347,0.6046,0.234,0.6712
2,4.27,142,35,0.2465,0.2342,1.0525,0.3027,1.1573
2,4.28,143,23,0.1608,0.2336,0.6884,0.2577,0.7568
2,4.29,194,36,0.1856,0.2331,0.7961,0.2347,0.8709
2,4.30,164,31,0.189,0.2326,0.8128,0.2577,0.8977
2,4.31,146,30,0.2055,0.232,0.8856,0.2825,0.9774
2,4.32,176,23,0.1307,0.2315,0.5645,0.2151,0.6263
2,4.33,152,23,0.1513,0.2309,0.6552,0.2467,0.7249
2,4.34,150,31,0.2067,0.2304,0.8969,0.2812,0.9827
2,4.35,161,28,0.1739,0.2299,0.7565,0.2547,0.8275
2,4.36,163,32,0.1963,0.2294,0.856,0.2659,0.942
2,4.37,154,30,0.1948,0.2288,0.8513,0.2734,0.9339
2,4.38,150,27,0.18,0.2283,0.7884,0.2693,0.8641
2,4.39,132,23,0.1742,0.2278,0.7649,0.2841,0.8499
2,4.40,155,26,0.1677,0.2273,0.7381,0.2588,0.8176
2,4.41,167,28,0.1677,0.2268,0.7394,0.2499,0.8141
2,4.42,133,28,0.2105,0.2262,0.9305,0.3062,1.0232
2,4.43,138,21,0.1522,0.2257,0.6741,0.2655,0.7464
2,4.44,161,36,0.2236,0.2252,0.9928,0.2858,1.1043
2,4.45,151,29,0.1921,0.2247,0.8546,0.2796,0.9503
2,4.46,136,25,0.1838,0.2242,0.8199,0.2903,0.904
2,4.47,129,16,0.124,0.2237,0.5544,0.2542,0.6241
2,4.48,139,26,0.1871,0.2232,0.838,0.2905,0.9265
2,4.49,155,30,0.1935,0.2227,0.869,0.2792,0.968
2,4.50,128,23,0.1797,0.2222,0.8086,0.2993,0.8909
2,4.51,156,23,0.1474,0.2217,0.6649,0.2509,0.7333
2,4.52,116,27,0.2328,0.2212,1.0521,0.3476,1.169
2,4.53,130,15,0.1154,0.2208,0.5227,0.2488,0.5785
2,4.54,151,30,0.1987,0.2203,0.902,0.2889,0.9959
2,4.55,136,27,0.1985,0.2198,0.9033,0.305,1.0087
2,4.56,134,28,0.209,0.2193,0.9528,0.3139,1.0656
2,4.57,113,19,0.1681,0.2188,0.7684,0.3151,0.857
2,4.58,127,25,0.1969,0.2183,0.9016,0.3168,0.9969
2,4.59,127,22,0.1732,0.2179,0.7951,0.3021,0.8729
2,4.60,124,29,0.2339,0.2174,1.0758,0.3427,1.1954
2,4.61,138,26,0.1884,0.2169,0.8686,0.3008,0.9732
2,4.62,137,26,0.1898,0.2165,0.8768,0.3034,0.9591
2,4.63,132,18,0.1364,0.216,0.6314,0.2711,0.703
2,4.64,112,30,0.2679,0.2155,1.2429,0.3806,1.3797
2,4.65,124,25,0.2016,0.2151,0.9375,0.3284,1.0333
2,4.66,106,19,0.1792,0.2146,0.8353,0.3402,0.938
2,4.67,114,20,0.1754,0.2141,0.8193,0.326,0.903
2,4.68,119,17,0.1429,0.2137,0.6686,0.2943,0.7482
2,4.69,101,18,0.1782,0.2132,0.8358,0.35,0.9376
2,4.70,100,20,0.2,0.2128,0.94,0.3685,1.0429
2,4.71,94,15,0.1596,0.2123,0.7516,0.3487,0.8338
2,4.72,126,25,0.1984,0.2119,0.9365,0.3287,1.0379
2,4.73,118,22,0.1864,0.2114,0.8819,0.3324,0.9785
2,4.74,123,18,0.1463,0.211,0.6937,0.296,0.7676
2,4.75,111,20,0.1802,0.2105,0.8559,0.3396,0.9495
2,4.76,108,20,0.1852,0.2101,0.8815,0.3487,0.9806
2,4.77,105,13,0.1238,0.2096,0.5906,0.3005,0.6651
2,4.78,130,25,0.1923,0.2092,0.9192,0.3238,1.0299
2,4.79,103,25,0.2427,0.2088,1.1626,0.3966,1.2754
2,4.80,136,30,0.2206,0.2083,1.0588,0.3345,1.175
2,4.81,115,20,0.1739,0.2079,0.8365,0.3332,0.9234
2,4.82,117,28,0.2393,0.2075,1.1535,0.3726,1.279
2,4.83,132,32,0.2424,0.207,1.1709,0.3531,1.2947
2,4.84,104,21,0.2019,0.2066,0.9773,0.3734,1.0793
2,4.85,96,19,0.1979,0.2062,0.9599,0.3865,1.0859
2,4.86,102,19,0.1863,0.2058,0.9053,0.3672,0.999
2,4.87,100,17,0.17,0.2053,0.8279,0.3585,0.9161
2,4.88,105,27,0.2571,0.2049,1.2549,0.4079,1.3873
2,4.89,103,15,0.1456,0.2045,0.7121,0.3331,0.7847
2,4.90,120,20,0.1667,0.2041,0.8167,0.3268,0.9162
2,4.91,89,21,0.236,0.2037,1.1585,0.4332,1.3099
2,4.92,112,20,0.1786,0.2033,0.8786,0.349,0.9697
2,4.93,125,21,0.168,0.2028,0.8282,0.3231,0.9185
2,4.94,103,17,0.165,0.2024,0.8153,0.3541,0.9089
2,4.95,105,23,0.219,0.202,1.0843,0.3916,1.1949
2,4.96,94,11,0.117,0.2016,0.5804,0.3223,0.6562
2,4.97,100,25,0.25,0.2012,1.2425,0.4218,1.3728
2,4.98,101,18,0.1782,0.2008,0.8875,0.3717,0.9902
2,4.99,94,10,0.1064,0.2004,0.5309,0.3111,0.585
2,5.00,107,14,0.1308,0.2,0.6542,0.3194,0.7383
2,5.01,101,21,0.2079,0.1996,1.0417,0.3965,1.1432
2,5.02,80,18,0.225,0.1992,1.1295,0.4594,1.2586
2,5.03,93,19,0.2043,0.1988,1.0276,0.4122,1.1505
2,5.04,96,17,0.1771,0.1984,0.8925,0.3849,1.0009
2,5.05,99,21,0.2121,0.198,1.0712,0.4067,1.1891
2,5.06,90,16,0.1778,0.1976,0.8996,0.3997,0.9947
2,5.07,90,12,0.1333,0.1972,0.676,0.356,0.7659
2,5.08,93,17,0.1828,0.1969,0.9286,0.3991,1.0403
2,5.09,98,22,0.2245,0.1965,1.1427,0.4205,1.2884
2,5.10,108,18,0.1667,0.1961,0.85,0.3585,0.9469
2,5.11,96,18,0.1875,0.1957,0.9581,0.399,1.0677
2,5.12,95,11,0.1158,0.1953,0.5928,0.3295,0.656
2,5.13,87,16,0.1839,0.1949,0.9434,0.4176,1.0429
2,5.14,89,8,0.0899,0.1946,0.462,0.3055,0.5042
2,5.15,78,13,0.1667,0.1942,0.8583,0.426,0.9728
2,5.16,91,15,0.1648,0.1938,0.8505,0.3933,0.9482
2,5.17,70,8,0.1143,0.1934,0.5909,0.3854,0.6666
2,5.18,85,17,0.2,0.1931,1.036,0.4405,1.1533
2,5.19,81,14,0.1728,0.1927,0.897,0.4273,1.0014
2,5.20,84,18,0.2143,0.1923,1.1143,0.4563,1.2605
2,5.21,92,20,0.2174,0.1919,1.1326,0.4391,1.2777
2,5.22,66,12,0.1818,0.1916,0.9491,0.4857,1.0514
2,5.23,100,14,0.14,0.1912,0.7322,0.3557,0.82
2,5.24,79,13,0.1646,0.1908,0.8623,0.4285,0.9756
2,5.25,64,10,0.1562,0.1905,0.8203,0.467,0.9216
2,5.26,79,9,0.1139,0.1901,0.5992,0.3685,0.6685
2,5.27,96,16,0.1667,0.1898,0.8783,0.3929,0.9717
2,5.28,66,9,0.1364,0.1894,0.72,0.4372,0.7967
2,5.29,87,16,0.1839,0.189,0.9729,0.4306,1.0675
2,5.30,82,9,0.1098,0.1887,0.5817,0.3586,0.6518
2,5.31,68,15,0.2206,0.1883,1.1713,0.5233,1.3025
2,5.32,73,13,0.1781,0.188,0.9474,0.4669,1.0695
2,5.33,76,12,0.1579,0.1876,0.8416,0.437,0.9514
2,5.34,75,12,0.16,0.1873,0.8544,0.4431,0.9608
2,5.35,70,15,0.2143,0.1869,1.1464,0.5143,1.278
2,5.36,62,10,0.1613,0.1866,0.8645,0.4907,0.9576
2,5.37,88,14,0.1591,0.1862,0.8543,0.4104,0.9547
2,5.38,66,11,0.1667,0.1859,0.8967,0.4838,1.0044
2,5.39,89,16,0.1798,0.1855,0.969,0.43,1.0975
2,5.40,77,11,0.1429,0.1852,0.7714,0.4221,0.8645
2,5.41,79,12,0.1519,0.1848,0.8218,0.4282,0.9218
2,5.42,79,9,0.1139,0.1845,0.6175,0.3797,0.6942
2,5.43,71,9,0.1268,0.1842,0.6883,0.4203,0.7611
2,5.44,58,8,0.1379,0.1838,0.7503,0.4827,0.8362
2,5.45,77,16,0.2078,0.1835,1.1325,0.4939,1.2529
2,5.46,66,11,0.1667,0.1832,0.91,0.491,1.0227
2,5.47,78,18,0.2308,0.1828,1.2623,0.5115,1.4315
2,5.48,77,20,0.2597,0.1825,1.4234,0.5367,1.5753
2,5.49,71,14,0.1972,0.1821,1.0825,0.5081,1.2306
2,5.50,62,12,0.1935,0.1818,1.0645,0.5408,1.1885
2,5.51,63,9,0.1429,0.1815,0.7871,0.4762,0.8713
2,5.52,50,5,0.1,0.1812,0.552,0.459,0.637
2,5.53,52,10,0.1923,0.1808,1.0635,0.5924,1.2042
2,5.54,68,9,0.1324,0.1805,0.7332,0.4463,0.8315
2,5.55,72,13,0.1806,0.1802,1.0021,0.4932,1.0978
2,5.56,61,6,0.0984,0.1799,0.5469,0.4156,0.5913
2,5.57,68,12,0.1765,0.1795,0.9829,0.5047,1.071
2,5.58,60,13,0.2167,0.1792,1.209,0.5817,1.3533
2,5.59,77,11,0.1429,0.1789,0.7986,0.437,0.894
2,5.60,49,10,0.2041,0.1786,1.1429,0.632,1.2771
2,5.61,60,12,0.2,0.1783,1.122,0.5678,1.2495
2,5.62,60,14,0.2333,0.1779,1.3113,0.6014,1.4843
2,5.63,70,9,0.1286,0.1776,0.7239,0.4415,0.8387
2,5.64,81,9,0.1111,0.1773,0.6267,0.386,0.6932
2,5.65,57,6,0.1053,0.177,0.5947,0.4502,0.6711
2,5.66,58,10,0.1724,0.1767,0.9759,0.5502,1.0836
2,5.67,65,7,0.1077,0.1764,0.6106,0.4273,0.6791
2,5.68,56,11,0.1964,0.1761,1.1157,0.591,1.2557
2,5.69,54,9,0.1667,0.1757,0.9483,0.5656,1.0537
2,5.70,63,14,0.2222,0.1754,1.2667,0.5851,1.4094
2,5.71,52,8,0.1538,0.1751,0.8785,0.5599,0.9646
2,5.72,60,9,0.15,0.1748,0.858,0.5168,0.9738
2,5.73,76,8,0.1053,0.1745,0.6032,0.3954,0.6645
2,5.74,63,8,0.127,0.1742,0.7289,0.472,0.8216
2,5.75,72,14,0.1944,0.1739,1.1181,0.5256,1.251
2,5.76,57,9,0.1579,0.1736,0.9095,0.5453,1.0342
2,5.77,51,8,0.1569,0.1733,0.9051,0.576,1.0304
2,5.78,51,4,0.0784,0.173,0.4533,0.4264,0.5145
2,5.79,56,9,0.1607,0.1727,0.9305,0.5569,1.0407
2,5.80,63,14,0.2222,0.1724,1.2889,0.5954,1.459
2,5.81,58,8,0.1379,0.1721,0.8014,0.5156,0.9071
2,5.82,63,9,0.1429,0.1718,0.8314,0.503,0.9202
2,5.83,46,9,0.1957,0.1715,1.1407,0.6684,1.2833
2,5.84,72,12,0.1667,0.1712,0.9733,0.5028,1.1017
2,5.85,64,3,0.0469,0.1709,0.2742,0.303,0.2991
2,5.86,66,10,0.1515,0.1706,0.8879,0.5069,1.0112
2,5.87,57,8,0.1404,0.1704,0.8239,0.5294,0.953
2,5.88,61,11,0.1803,0.1701,1.0603,0.5673,1.219
2,5.89,61,12,0.1967,0.1698,1.1587,0.5876,1.2857
2,5.90,60,13,0.2167,0.1695,1.2783,0.6151,1.4323
2,5.91,58,10,0.1724,0.1692,1.019,0.5745,1.1795
2,5.92,63,9,0.1429,0.1689,0.8457,0.5116,0.9419
2,5.93,57,7,0.1228,0.1686,0.7282,0.5053,0.8068
2,5.94,51,7,0.1373,0.1684,0.8153,0.5611,0.9429
2,5.95,49,8,0.1633,0.1681,0.9714,0.6158,1.1214
2,5.96,43,3,0.0698,0.1678,0.4158,0.4539,0.4628
2,5.97,56,6,0.1071,0.1675,0.6396,0.4835,0.7248
2,5.98,50,4,0.08,0.1672,0.4784,0.4497,0.518
2,5.99,43,2,0.0465,0.1669,0.2786,0.377,0.3179
2,6.00,43,7,0.1628,0.1667,0.9767,0.6621,1.1109
2,6.01,44,6,0.1364,0.1664,0.8195,0.6095,0.9195
2,6.02,51,7,0.1373,0.1661,0.8263,0.5686,0.9522
2,6.03,34,7,0.2059,0.1658,1.2415,0.8196,1.4032
2,6.04,37,5,0.1351,0.1656,0.8162,0.6653,0.9019
2,6.05,41,4,0.0976,0.1653,0.5902,0.5496,0.6446
2,6.06,47,7,0.1489,0.165,0.9026,0.6168,1.0323
2,6.07,45,7,0.1556,0.1647,0.9442,0.6429,1.0631
2,6.08,60,9,0.15,0.1645,0.912,0.5493,1.0198
2,6.09,44,5,0.1136,0.1642,0.692,0.571,0.7873
2,6.10,40,2,0.05,0.1639,0.305,0.412,0.3375
2,6.11,41,9,0.2195,0.1637,1.3412,0.7741,1.5102
2,6.12,47,9,0.1915,0.1634,1.1719,0.6885,1.3504
2,6.13,40,3,0.075,0.1631,0.4597,0.5004,0.5295
2,6.14,41,6,0.1463,0.1629,0.8985,0.6642,0.982
2,6.15,43,8,0.186,0.1626,1.1442,0.7153,1.3091
2,6.16,54,4,0.0741,0.1623,0.4563,0.4304,0.5133
2,6.17,42,9,0.2143,0.1621,1.3221,0.7657,1.5021
2,6.18,43,9,0.2093,0.1618,1.2935,0.7515,1.434
2,6.19,50,8,0.16,0.1616,0.9904,0.629,1.1274
2,6.20,58,7,0.1207,0.1613,0.7483,0.5198,0.8457
2,6.21,39,10,0.2564,0.161,1.5923,0.851,1.8344
2,6.22,45,4,0.0889,0.1608,0.5529,0.5172,0.62
2,6.23,45,3,0.0667,0.1605,0.4153,0.4542,0.4591
2,6.24,35,6,0.1714,0.1603,1.0697,0.7791,1.2129
2,6.25,46,7,0.1522,0.16,0.9511,0.6488,1.0635
2,6.26,55,12,0.2182,0.1597,1.3658,0.6833,1.5296
2,6.27,35,3,0.0857,0.1595,0.5374,0.5815,0.6129
2,6.28,35,4,0.1143,0.1592,0.7177,0.662,0.8249
2,6.29,39,4,0.1026,0.159,0.6451,0.599,0.7244
2,6.30,42,6,0.1429,0.1587,0.9,0.6668,1.016
2,6.31,43,5,0.1163,0.1585,0.7337,0.6046,0.8419
2,6.32,37,3,0.0811,0.1582,0.5124,0.5559,0.5743
2,6.33,36,7,0.1944,0.158,1.2308,0.8183,1.3758
2,6.34,39,4,0.1026,0.1577,0.6503,0.6038,0.7233
2,6.35,36,5,0.1389,0.1575,0.8819,0.7174,1.0139
2,6.36,39,5,0.1282,0.1572,0.8154,0.6673,0.9221
2,6.37,37,5,0.1351,0.157,0.8608,0.7016,0.9432
2,6.38,42,10,0.2381,0.1567,1.519,0.8218,1.7838
2,6.39,45,4,0.0889,0.1565,0.568,0.5314,0.6513
2,6.40,45,8,0.1778,0.1562,1.1378,0.715,1.2764
2,6.41,37,6,0.1622,0.156,1.0395,0.7614,1.2122
2,6.42,41,4,0.0976,0.1558,0.6263,0.5832,0.689
2,6.43,31,3,0.0968,0.1555,0.6223,0.6693,0.7242
2,6.44,41,9,0.2195,0.1553,1.4137,0.8159,1.6151
2,6.45,33,5,0.1515,0.155,0.9773,0.789,1.1206
2,6.46,34,8,0.2353,0.1548,1.52,0.9211,1.7018
2,6.47,33,4,0.1212,0.1546,0.7842,0.7204,0.9191
2,6.48,38,7,0.1842,0.1543,1.1937,0.7987,1.3366
2,6.49,36,8,0.2222,0.1541,1.4422,0.8814,1.6361
2,6.50,39,9,0.2308,0.1538,1.5,0.8596,1.6444
2,6.51,31,3,0.0968,0.1536,0.63,0.6776,0.7052
2,6.52,42,3,0.0714,0.1534,0.4657,0.5077,0.5262
2,6.53,33,7,0.2121,0.1531,1.3852,0.9108,1.5548
2,6.54,37,5,0.1351,0.1529,0.8838,0.7204,0.9986
2,6.55,35,3,0.0857,0.1527,0.5614,0.6074,0.6586
2,6.56,30,3,0.1,0.1524,0.656,0.7042,0.7347
2,6.57,31,4,0.129,0.1522,0.8477,0.7753,0.9326
2,6.58,39,12,0.3077,0.152,2.0246,0.9531,2.2923
2,6.59,30,7,0.2333,0.1517,1.5377,0.9974,1.7147
2,6.60,40,5,0.125,0.1515,0.825,0.6764,0.9555
2,6.61,38,4,0.1053,0.1513,0.6958,0.6451,0.7721
2,6.62,32,3,0.0938,0.1511,0.6206,0.6687,0.7166
2,6.63,32,4,0.125,0.1508,0.8287,0.7597,0.9416
2,6.64,30,7,0.2333,0.1506,1.5493,1.0049,1.7547
2,6.65,36,2,0.0556,0.1504,0.3694,0.4978,0.4583
2,6.66,26,4,0.1538,0.1502,1.0246,0.9235,1.1712
2,6.67,38,3,0.0789,0.1499,0.5266,0.5717,0.6413
2,6.68,36,4,0.1111,0.1497,0.7422,0.6857,0.8314
2,6.69,40,6,0.15,0.1495,1.0035,0.7403,1.1415
2,6.70,38,9,0.2368,0.1493,1.5868,0.9056,1.7734
2,6.71,33,6,0.1818,0.149,1.22,0.883,1.4052
2,6.72,37,2,0.0541,0.1488,0.3632,0.4898,0.4105
2,6.73,41,7,0.1707,0.1486,1.149,0.7751,1.3322
2,6.74,38,7,0.1842,0.1484,1.2416,0.8307,1.4021
2,6.75,32,8,0.25,0.1481,1.6875,1.0127,1.8981
2,6.76,44,5,0.1136,0.1479,0.7682,0.6338,0.8864
2,6.77,36,4,0.1111,0.1477,0.7522,0.695,0.8653
2,6.78,32,3,0.0938,0.1475,0.6356,0.6849,0.7453
2,6.79,34,5,0.1471,0.1473,0.9985,0.8084,1.1582
2,6.80,29,5,0.1724,0.1471,1.1724,0.9349,1.3448
2,6.81,27,1,0.037,0.1468,0.2522,0.4849,0.2978
2,6.82,30,5,0.1667,0.1466,1.1367,0.9096,1.281
2,6.83,34,3,0.0882,0.1464,0.6026,0.6511,0.6985
2,6.84,39,6,0.1538,0.1462,1.0523,0.7745,1.1808
2,6.85,35,4,0.1143,0.146,0.7829,0.7221,0.902
2,6.86,33,3,0.0909,0.1458,0.6236,0.6728,0.6848
2,6.87,28,3,0.1071,0.1456,0.7361,0.7869,0.8118
2,6.88,27,0,0.0,0.1453,0.0,0.0,0.0
2,6.89,33,5,0.1515,0.1451,1.0439,0.8429,1.2455
2,6.90,28,3,0.1071,0.1449,0.7393,0.7904,0.8393
2,6.91,32,4,0.125,0.1447,0.8638,0.7918,0.9972
2,6.92,31,3,0.0968,0.1445,0.6697,0.7203,0.7739
2,6.93,25,2,0.08,0.1443,0.5544,0.737,0.628
2,6.94,30,5,0.1667,0.1441,1.1567,0.9256,1.2863
2,6.95,26,4,0.1538,0.1439,1.0692,0.9638,1.2108
2,6.96,23,6,0.2609,0.1437,1.8157,1.2491,2.1139
2,6.97,19,4,0.2105,0.1435,1.4674,1.2777,1.6932
2,6.98,23,1,0.0435,0.1433,0.3035,0.5819,0.3609
2,6.99,30,1,0.0333,0.1431,0.233,0.4488,0.2733
2,7.00,34,4,0.1176,0.1429,0.8235,0.758,0.9653
2,7.01,27,2,0.0741,0.1427,0.5193,0.6926,0.5826
2,7.02,26,2,0.0769,0.1425,0.54,0.7189,0.6231
2,7.03,23,1,0.0435,0.1422,0.3057,0.586,0.3643
2,7.04,38,7,0.1842,0.142,1.2968,0.8677,1.4895
2,7.05,30,6,0.2,0.1418,1.41,1.0091,1.5713
2,7.06,29,3,0.1034,0.1416,0.7303,0.7824,0.8703
2,7.07,32,3,0.0938,0.1414,0.6628,0.7142,0.7916
2,7.08,29,6,0.2069,0.1412,1.4648,1.0438,1.671
2,7.09,25,2,0.08,0.141,0.5672,0.754,0.634
2,7.10,28,5,0.1786,0.1408,1.2679,1.0073,1.5164
2,7.11,16,3,0.1875,0.1406,1.3331,1.3598,1.5175
2,7.12,29,3,0.1034,0.1404,0.7366,0.789,0.8552
2,7.13,23,0,0.0,0.1403,0.0,0.0,0.0
2,7.14,30,5,0.1667,0.1401,1.19,0.9523,1.352
2,7.15,23,3,0.1304,0.1399,0.9326,0.984,1.0391
2,7.16,27,1,0.037,0.1397,0.2652,0.5098,0.3148
2,7.17,29,3,0.1034,0.1395,0.7417,0.7946,0.8683
2,7.18,26,2,0.0769,0.1393,0.5523,0.7353,0.6346
2,7.19,28,3,0.1071,0.1391,0.7704,0.8236,0.8857
2,7.20,24,2,0.0833,0.1389,0.6,0.796,0.6875
2,7.21,16,3,0.1875,0.1387,1.3519,1.3789,1.55
2,7.22,12,2,0.1667,0.1385,1.2033,1.5225,1.4167
2,7.23,21,2,0.0952,0.1383,0.6886,0.9076,0.7762
2,7.24,26,2,0.0769,0.1381,0.5569,0.7415,0.695
2,7.25,22,2,0.0909,0.1379,0.6591,0.8709,0.7386
2,7.26,24,0,0.0,0.1377,0.0,0.0,0.0
2,7.27,23,4,0.1739,0.1376,1.2643,1.1261,1.5183
2,7.28,28,4,0.1429,0.1374,1.04,0.9437,1.2525
2,7.29,28,2,0.0714,0.1372,0.5207,0.6953,0.5843
2,7.30,31,3,0.0968,0.137,0.7065,0.7598,0.821
2,7.31,25,4,0.16,0.1368,1.1696,1.0505,1.3572
2,7.32,26,4,0.1538,0.1366,1.1262,1.0151,1.2692
2,7.33,16,2,0.125,0.1364,0.9163,1.1878,1.0437
2,7.34,20,2,0.1,0.1362,0.734,0.9651,0.824
2,7.35,24,1,0.0417,0.1361,0.3062,0.5878,0.3542
2,7.36,24,3,0.125,0.1359,0.92,0.9738,1.0292
2,7.37,22,5,0.2273,0.1357,1.675,1.2907,1.9423
2,7.38,26,2,0.0769,0.1355,0.5677,0.7558,0.63
2,7.39,22,4,0.1818,0.1353,1.3436,1.191,1.6168
2,7.40,27,3,0.1111,0.1351,0.8222,0.8772,1.0022
2,7.41,21,3,0.1429,0.135,1.0586,1.1092,1.2333
2,7.42,18,2,0.1111,0.1348,0.8244,1.0772,0.9722
2,7.43,22,3,0.1364,0.1346,1.0132,1.0656,1.2155
2,7.44,22,4,0.1818,0.1344,1.3527,1.1991,1.5795
2,7.45,22,2,0.0909,0.1342,0.6773,0.8949,0.7864
2,7.46,18,2,0.1111,0.134,0.8289,1.083,0.95
2,7.47,20,3,0.15,0.1339,1.1205,1.169,1.245
2,7.48,31,2,0.0645,0.1337,0.4826,0.6468,0.5271
2,7.49,30,5,0.1667,0.1335,1.2483,0.999,1.5547
2,7.50,26,3,0.1154,0.1333,0.8654,0.9211,0.9538
2,7.51,29,1,0.0345,0.1332,0.259,0.4989,0.2862
2,7.52,17,1,0.0588,0.133,0.4424,0.841,0.5294
2,7.53,21,2,0.0952,0.1328,0.7171,0.9452,0.82
2,7.54,26,4,0.1538,0.1326,1.16,1.0456,1.3231
2,7.55,32,1,0.0312,0.1325,0.2359,0.4548,0.2559
2,7.56,16,3,0.1875,0.1323,1.4175,1.4459,1.625
2,7.57,17,1,0.0588,0.1321,0.4453,0.8466,0.5
2,7.58,20,2,0.1,0.1319,0.758,0.9966,0.8385
2,7.59,19,2,0.1053,0.1318,0.7989,1.0475,0.9205
2,7.60,23,1,0.0435,0.1316,0.3304,0.6336,0.3696
2,7.61,10,1,0.1,0.1314,0.761,1.415,0.83
2,7.62,21,0,0.0,0.1312,0.0,0.0,0.0
2,7.63,31,3,0.0968,0.1311,0.7384,0.7942,0.8581
2,7.64,29,3,0.1034,0.1309,0.7903,0.8467,0.931
2,7.65,18,0,0.0,0.1307,0.0,0.0,0.0
2,7.66,20,1,0.05,0.1305,0.383,0.7317,0.425
2,7.67,22,3,0.1364,0.1304,1.0459,1.1,1.185
2,7.68,25,3,0.12,0.1302,0.9216,0.9783,1.0652
2,7.69,16,4,0.25,0.13,1.9225,1.6316,2.2669
2,7.70,19,2,0.1053,0.1299,0.8105,1.0627,0.9
2,7.71,25,1,0.04,0.1297,0.3084,0.5923,0.34
2,7.72,14,1,0.0714,0.1295,0.5514,1.0413,0.65
2,7.73,18,4,0.2222,0.1294,1.7178,1.4846,1.9333
2,7.74,32,3,0.0938,0.1292,0.7256,0.7819,0.8213
2,7.75,24,3,0.125,0.129,0.9688,1.0254,1.0717
2,7.76,18,1,0.0556,0.1289,0.4311,0.8215,0.4789
2,7.77,17,1,0.0588,0.1287,0.4571,0.8689,0.5294
2,7.78,22,1,0.0455,0.1285,0.3536,0.6775,0.4091
2,7.79,19,3,0.1579,0.1284,1.23,1.2773,1.4632
2,7.80,26,3,0.1154,0.1282,0.9,0.9579,1.0308
2,7.81,24,3,0.125,0.128,0.9762,1.0334,1.1642
2,7.82,19,1,0.0526,0.1279,0.4116,0.785,0.4647
2,7.83,20,1,0.05,0.1277,0.3915,0.7479,0.475
2,7.84,19,3,0.1579,0.1276,1.2379,1.2855,1.4189
2,7.85,18,2,0.1111,0.1274,0.8722,1.1397,0.9667
2,7.86,23,1,0.0435,0.1272,0.3417,0.6552,0.3913
2,7.87,19,1,0.0526,0.1271,0.4142,0.79,0.5105
2,7.88,14,3,0.2143,0.1269,1.6886,1.6938,1.9236
2,7.89,18,1,0.0556,0.1267,0.4383,0.8352,0.5
2,7.90,11,1,0.0909,0.1266,0.7182,1.3421,0.7855
2,7.91,27,4,0.1481,0.1264,1.1719,1.0598,1.3726
2,7.92,19,0,0.0,0.1263,0.0,0.0,0.0
2,7.93,19,2,0.1053,0.1261,0.8347,1.0945,0.9632
2,7.94,20,2,0.1,0.1259,0.794,1.044,0.8875
2,7.95,18,2,0.1111,0.1258,0.8833,1.1542,1.0833
2,7.96,20,3,0.15,0.1256,1.194,1.2457,1.354
2,7.97,19,1,0.0526,0.1255,0.4195,0.8,0.4737
2,7.98,17,2,0.1176,0.1253,0.9388,1.222,1.0671
2,7.99,18,1,0.0556,0.1252,0.4439,0.8458,0.5278
2,8.00,21,1,0.0476,0.125,0.381,0.7285,0.4452
2,8.01,13,1,0.0769,0.1248,0.6162,1.1601,0.6792
2,8.02,18,0,0.0,0.1247,0.0,0.0,0.0
2,8.03,12,2,0.1667,0.1245,1.3383,1.6934,1.4792
2,8.04,18,1,0.0556,0.1244,0.4467,0.8511,0.4944
2,8.05,19,4,0.2105,0.1242,1.6947,1.4756,1.9584
2,8.06,19,4,0.2105,0.1241,1.6968,1.4775,1.9542
2,8.07,10,0,0.0,0.1239,0.0,0.0,0.0
2,8.08,22,0,0.0,0.1238,0.0,0.0,0.0
2,8.09,18,2,0.1111,0.1236,0.8989,1.1745,1.05
2,8.10,15,0,0.0,0.1235,0.0,0.0,0.0
2,8.11,20,3,0.15,0.1233,1.2165,1.2692,1.466
2,8.12,17,1,0.0588,0.1232,0.4776,0.9081,0.5176
2,8.13,22,1,0.0455,0.123,0.3695,0.708,0.4091
2,8.14,16,1,0.0625,0.1229,0.5088,0.9655,0.625
2,8.15,13,0,0.0,0.1227,0.0,0.0,0.0
2,8.16,18,1,0.0556,0.1225,0.4533,0.8638,0.5278
2,8.17,13,1,0.0769,0.1224,0.6285,1.1833,0.7231
2,8.18,20,3,0.15,0.1222,1.227,1.2801,1.4585
2,8.19,10,1,0.1,0.1221,0.819,1.5229,0.955
2,8.20,16,1,0.0625,0.122,0.5125,0.9726,0.6094
2,8.21,16,3,0.1875,0.1218,1.5394,1.5702,1.8125
2,8.22,14,2,0.1429,0.1217,1.1743,1.5069,1.3643
2,8.23,16,2,0.125,0.1215,1.0288,1.3337,1.1562
2,8.24,22,3,0.1364,0.1214,1.1236,1.1818,1.3045
2,8.25,25,2,0.08,0.1212,0.66,0.8774,0.8888
2,8.26,18,0,0.0,0.1211,0.0,0.0,0.0
2,8.27,12,0,0.0,0.1209,0.0,0.0,0.0
2,8.28,19,1,0.0526,0.1208,0.4358,0.8311,0.5037
2,8.29,15,0,0.0,0.1206,0.0,0.0,0.0
2,8.30,21,0,0.0,0.1205,0.0,0.0,0.0
2,8.31,8,1,0.125,0.1203,1.0388,1.9045,1.3125
2,8.32,18,2,0.1111,0.1202,0.9244,1.2079,1.0556
2,8.33,10,0,0.0,0.12,0.0,0.0,0.0
2,8.34,16,1,0.0625,0.1199,0.5212,0.9892,0.5625
2,8.35,15,0,0.0,0.1198,0.0,0.0,0.0
2,8.36,12,0,0.0,0.1196,0.0,0.0,0.0
2,8.37,6,0,0.0,0.1195,0.0,0.0,0.0
2,8.38,16,5,0.3125,0.1193,2.6188,1.9033,3.0537
2,8.39,16,1,0.0625,0.1192,0.5244,0.9951,0.5938
2,8.40,17,2,0.1176,0.119,0.9882,1.2863,1.1471
2,8.41,25,4,0.16,0.1189,1.3456,1.2086,1.5852
2,8.42,13,1,0.0769,0.1188,0.6477,1.2195,0.7462
2,8.43,20,1,0.05,0.1186,0.4215,0.8052,0.55
2,8.44,12,4,0.3333,0.1185,2.8133,2.2511,3.1175
2,8.45,19,3,0.1579,0.1183,1.3342,1.3855,1.5216
2,8.46,13,0,0.0,0.1182,0.0,0.0,0.0
2,8.47,13,1,0.0769,0.1181,0.6515,1.2267,0.7
2,8.48,18,1,0.0556,0.1179,0.4711,0.8977,0.5289
2,8.49,7,1,0.1429,0.1178,1.2129,2.2011,1.4286
2,8.50,13,1,0.0769,0.1176,0.6538,1.2311,0.8154
2,8.51,12,0,0.0,0.1175,0.0,0.0,0.0
2,8.52,15,2,0.1333,0.1174,1.136,1.4655,1.3667
2,8.53,21,1,0.0476,0.1172,0.4062,0.7768,0.4762
2,8.54,21,3,0.1429,0.1171,1.22,1.2783,1.4519
2,8.55,17,2,0.1176,0.117,1.0059,1.3093,1.1665
2,8.56,18,2,0.1111,0.1168,0.9511,1.2427,1.1194
2,8.57,16,0,0.0,0.1167,0.0,0.0,0.0
2,8.58,17,0,0.0,0.1166,0.0,0.0,0.0
2,8.59,15,4,0.2667,0.1164,2.2907,1.9225,2.7027
2,8.60,16,1,0.0625,0.1163,0.5375,1.02,0.6
2,8.61,13,1,0.0769,0.1161,0.6623,1.247,0.9231
2,8.62,17,2,0.1176,0.116,1.0141,1.32,1.1471
2,8.63,15,1,0.0667,0.1159,0.5753,1.0897,0.6667
2,8.64,13,1,0.0769,0.1157,0.6646,1.2514,0.7354
2,8.65,15,3,0.2,0.1156,1.73,1.751,2.0033
2,8.66,15,1,0.0667,0.1155,0.5773,1.0935,0.6667
2,8.67,15,2,0.1333,0.1153,1.156,1.4913,1.4
2,8.68,16,1,0.0625,0.1152,0.5425,1.0295,0.5938
2,8.69,10,0,0.0,0.1151,0.0,0.0,0.0
2,8.70,18,3,0.1667,0.1149,1.45,1.498,1.625
2,8.71,12,3,0.25,0.1148,2.1775,2.134,2.6017
2,8.72,12,0,0.0,0.1147,0.0,0.0,0.0
2,8.73,10,1,0.1,0.1145,0.873,1.6233,0.975
2,8.74,20,0,0.0,0.1144,0.0,0.0,0.0
2,8.75,10,2,0.2,0.1143,1.75,2.1693,2.0
2,8.76,10,0,0.0,0.1142,0.0,0.0,0.0
2,8.77,15,3,0.2,0.114,1.754,1.7753,1.974
2,8.78,16,2,0.125,0.1139,1.0975,1.4228,1.3025
2,8.79,5,2,0.4,0.1138,3.516,3.7746,4.004
2,8.80,15,0,0.0,0.1136,0.0,0.0,0.0
2,8.81,18,0,0.0,0.1135,0.0,0.0,0.0
2,8.82,9,0,0.0,0.1134,0.0,0.0,0.0
2,8.83,9,1,0.1111,0.1133,0.9811,1.8129,1.1111
2,8.84,18,2,0.1111,0.1131,0.9822,1.2834,1.0972
2,8.85,14,0,0.0,0.113,0.0,0.0,0.0
2,8.86,19,0,0.0,0.1129,0.0,0.0,0.0
2,8.87,14,2,0.1429,0.1127,1.2671,1.6261,1.6071
2,8.88,14,1,0.0714,0.1126,0.6343,1.1978,0.7157
2,8.89,10,1,0.1,0.1125,0.889,1.653,0.98
2,8.90,12,0,0.0,0.1124,0.0,0.0,0.0
2,8.91,11,1,0.0909,0.1122,0.81,1.5136,0.8864
2,8.92,14,1,0.0714,0.1121,0.6371,1.2032,0.7143
2,8.93,10,1,0.1,0.112,0.893,1.6605,0.95
2,8.94,9,0,0.0,0.1119,0.0,0.0,0.0
2,8.95,14,1,0.0714,0.1117,0.6393,1.2072,0.75
2,8.96,14,0,0.0,0.1116,0.0,0.0,0.0
2,8.97,10,0,0.0,0.1115,0.0,0.0,0.0
2,8.98,16,0,0.0,0.1114,0.0,0.0,0.0
2,8.99,13,1,0.0769,0.1112,0.6915,1.3021,0.8523
2,9.00,11,2,0.1818,0.1111,1.6364,2.0513,1.9091
2,9.01,7,1,0.1429,0.111,1.2871,2.336,1.5714
2,9.02,13,0,0.0,0.1109,0.0,0.0,0.0
2,9.03,10,0,0.0,0.1107,0.0,0.0,0.0
2,9.04,8,2,0.25,0.1106,2.26,2.7126,2.5688
2,9.05,14,1,0.0714,0.1105,0.6464,1.2207,0.7143
2,9.06,12,2,0.1667,0.1104,1.51,1.9106,1.6842
2,9.07,14,2,0.1429,0.1103,1.2957,1.6628,1.4907
2,9.08,10,0,0.0,0.1101,0.0,0.0,0.0
2,9.09,9,3,0.3333,0.11,3.03,2.7995,3.6044
2,9.10,12,1,0.0833,0.1099,0.7583,1.4228,0.875
2,9.11,23,2,0.087,0.1098,0.7922,1.0493,0.913
2,9.12,10,0,0.0,0.1096,0.0,0.0,0.0
2,9.13,16,0,0.0,0.1095,0.0,0.0,0.0
2,9.14,12,1,0.0833,0.1094,0.7617,1.4291,0.9167
2,9.15,16,2,0.125,0.1093,1.1438,1.4828,1.2969
2,9.16,12,2,0.1667,0.1092,1.5267,1.9317,1.8333
2,9.17,8,1,0.125,0.1091,1.1462,2.1015,1.3125
2,9.18,10,2,0.2,0.1089,1.836,2.2759,2.15
2,9.19,14,0,0.0,0.1088,0.0,0.0,0.0
2,9.20,11,2,0.1818,0.1087,1.6727,2.0969,1.85
2,9.21,10,0,0.0,0.1086,0.0,0.0,0.0
2,9.22,10,1,0.1,0.1085,0.922,1.7144,1.002
2,9.23,14,1,0.0714,0.1083,0.6593,1.245,0.75
2,9.24,18,2,0.1111,0.1082,1.0267,1.3415,1.1944
2,9.25,11,1,0.0909,0.1081,0.8409,1.5714,0.9345
2,9.26,8,1,0.125,0.108,1.1575,2.1222,1.25
2,9.27,5,0,0.0,0.1079,0.0,0.0,0.0
2,9.28,8,0,0.0,0.1078,0.0,0.0,0.0
2,9.29,9,1,0.1111,0.1076,1.0322,1.9074,1.2222
2,9.30,15,1,0.0667,0.1075,0.62,1.1743,0.708
2,9.31,13,3,0.2308,0.1074,2.1485,2.1324,2.5
2,9.32,9,1,0.1111,0.1073,1.0356,1.9135,1.2256
2,9.33,13,1,0.0769,0.1072,0.7177,1.3513,0.8077
2,9.34,11,0,0.0,0.1071,0.0,0.0,0.0
2,9.35,11,0,0.0,0.107,0.0,0.0,0.0
2,9.36,12,0,0.0,0.1068,0.0,0.0,0.0
2,9.37,11,1,0.0909,0.1067,0.8518,1.5918,1.0
2,9.38,10,3,0.3,0.1066,2.814,2.6642,3.429
2,9.39,10,1,0.1,0.1065,0.939,1.746,1.177
2,9.40,10,1,0.1,0.1064,0.94,1.7479,1.1
2,9.41,8,1,0.125,0.1063,1.1763,2.1566,1.5
2,9.42,13,0,0.0,0.1062,0.0,0.0,0.0
2,9.43,11,2,0.1818,0.106,1.7145,2.1493,2.0682
2,9.44,12,0,0.0,0.1059,0.0,0.0,0.0
2,9.45,12,0,0.0,0.1058,0.0,0.0,0.0
2,9.46,9,0,0.0,0.1057,0.0,0.0,0.0
2,9.47,12,1,0.0833,0.1056,0.7892,1.4806,0.875
2,9.48,13,1,0.0769,0.1055,0.7292,1.373,0.8462
2,9.49,12,2,0.1667,0.1054,1.5817,2.0012,2.0
2,9.50,11,0,0.0,0.1053,0.0,0.0,0.0
2,9.51,4,0,0.0,0.1052,0.0,0.0,0.0
2,9.52,7,0,0.0,0.105,0.0,0.0,0.0
2,9.53,15,1,0.0667,0.1049,0.6353,1.2033,0.7533
2,9.54,16,0,0.0,0.1048,0.0,0.0,0.0
2,9.55,11,2,0.1818,0.1047,1.7364,2.1767,2.1127
2,9.56,15,1,0.0667,0.1046,0.6373,1.2071,0.6667
2,9.57,14,1,0.0714,0.1045,0.6836,1.2908,0.7857
2,9.58,19,2,0.1053,0.1044,1.0084,1.3222,1.2684
2,9.59,13,1,0.0769,0.1043,0.7377,1.389,0.8962
2,9.60,8,0,0.0,0.1042,0.0,0.0,0.0
2,9.61,9,0,0.0,0.1041,0.0,0.0,0.0
2,9.62,8,0,0.0,0.104,0.0,0.0,0.0
2,9.63,9,0,0.0,0.1038,0.0,0.0,0.0
2,9.64,12,1,0.0833,0.1037,0.8033,1.5072,1.0417
2,9.65,11,0,0.0,0.1036,0.0,0.0,0.0
2,9.66,15,1,0.0667,0.1035,0.644,1.2197,0.8
2,9.67,9,0,0.0,0.1034,0.0,0.0,0.0
2,9.68,9,0,0.0,0.1033,0.0,0.0,0.0
2,9.69,8,0,0.0,0.1032,0.0,0.0,0.0
2,9.70,10,2,0.2,0.1031,1.94,2.4048,2.3
2,9.71,11,1,0.0909,0.103,0.8827,1.6496,1.0
2,9.72,12,2,0.1667,0.1029,1.62,2.0497,1.8442
2,9.73,9,1,0.1111,0.1028,1.0811,1.9977,1.3333
2,9.74,8,0,0.0,0.1027,0.0,0.0,0.0
2,9.75,8,1,0.125,0.1026,1.2188,2.2345,1.5125
2,9.76,9,1,0.1111,0.1025,1.0844,2.0039,1.2589
2,9.77,7,2,0.2857,0.1024,2.7914,3.2696,3.1714
2,9.78,5,0,0.0,0.1022,0.0,0.0,0.0
2,9.79,16,4,0.25,0.1021,2.4475,2.0772,2.8188
2,9.80,8,0,0.0,0.102,0.0,0.0,0.0
2,9.81,15,1,0.0667,0.1019,0.654,1.2387,0.7
2,9.82,9,0,0.0,0.1018,0.0,0.0,0.0
2,9.83,8,0,0.0,0.1017,0.0,0.0,0.0
2,9.84,6,1,0.1667,0.1016,1.64,2.9346,2.0833
2,9.85,6,0,0.0,0.1015,0.0,0.0,0.0
2,9.86,11,2,0.1818,0.1014,1.7927,2.2473,2.1818
2,9.87,10,0,0.0,0.1013,0.0,0.0,0.0
2,9.88,12,1,0.0833,0.1012,0.8233,1.5448,1.0
2,9.89,12,1,0.0833,0.1011,0.8242,1.5463,1.1667
2,9.90,10,1,0.1,0.101,0.99,1.8408,1.2
2,9.91,8,0,0.0,0.1009,0.0,0.0,0.0
2,9.92,8,1,0.125,0.1008,1.24,2.2734,1.5
2,9.93,8,0,0.0,0.1007,0.0,0.0,0.0
2,9.94,8,0,0.0,0.1006,0.0,0.0,0.0
2,9.95,5,0,0.0,0.1005,0.0,0.0,0.0
2,9.96,8,1,0.125,0.1004,1.245,2.2826,1.5
2,9.97,11,1,0.0909,0.1003,0.9064,1.6937,1.0909
2,9.98,8,0,0.0,0.1002,0.0,0.0,0.0
2,9.99,9,0,0.0,0.1001,0.0,0.0,0.0
2,10.00,12,1,0.0833,0.1,0.8333,1.5635,0.9325
2,10.01,6,0,0.0,0.0999,0.0,0.0,0.0
2,10.02,10,0,0.0,0.0998,0.0,0.0,0.0
2,10.03,6,0,0.0,0.0997,0.0,0.0,0.0
2,10.04,12,0,0.0,0.0996,0.0,0.0,0.0
2,10.05,6,1,0.1667,0.0995,1.675,2.9972,1.8333
2,10.06,10,2,0.2,0.0994,2.012,2.4941,2.8
2,10.07,14,2,0.1429,0.0993,1.4386,1.8461,1.67
2,10.08,5,0,0.0,0.0992,0.0,0.0,0.0
2,10.09,10,1,0.1,0.0991,1.009,1.8762,1.288
2,10.10,7,1,0.1429,0.099,1.4429,2.6185,1.5714
2,10.11,13,1,0.0769,0.0989,0.7777,1.4643,0.9231
2,10.12,10,2,0.2,0.0988,2.024,2.509,2.45
2,10.13,5,1,0.2,0.0987,2.026,3.5517,2.2
2,10.14,5,1,0.2,0.0986,2.028,3.5552,2.4
2,10.15,9,1,0.1111,0.0985,1.1278,2.0839,1.3333
2,10.16,8,0,0.0,0.0984,0.0,0.0,0.0
2,10.17,6,0,0.0,0.0983,0.0,0.0,0.0
2,10.18,5,0,0.0,0.0982,0.0,0.0,0.0
2,10.19,6,1,0.1667,0.0981,1.6983,3.0389,2.1667
2,10.20,7,0,0.0,0.098,0.0,0.0,0.0
2,10.21,7,0,0.0,0.0979,0.0,0.0,0.0
2,10.22,6,1,0.1667,0.0978,1.7033,3.0479,2.07
2,10.23,11,1,0.0909,0.0978,0.93,1.7379,1.0909
2,10.24,4,1,0.25,0.0977,2.56,4.3454,2.935
2,10.25,8,1,0.125,0.0976,1.2812,2.3491,1.625
2,10.26,7,1,0.1429,0.0975,1.4657,2.66,1.7871
2,10.27,7,0,0.0,0.0974,0.0,0.0,0.0
2,10.28,7,1,0.1429,0.0973,1.4686,2.6652,1.7143
2,10.29,6,1,0.1667,0.0972,1.715,3.0688,2.0
2,10.30,9,0,0.0,0.0971,0.0,0.0,0.0
2,10.31,7,2,0.2857,0.097,2.9457,3.4503,3.4
2,10.32,4,1,0.25,0.0969,2.58,4.3793,3.25
2,10.33,13,2,0.1538,0.0968,1.5892,2.0258,1.8462
2,10.34,8,0,0.0,0.0967,0.0,0.0,0.0
2,10.35,9,0,0.0,0.0966,0.0,0.0,0.0
2,10.36,11,0,0.0,0.0965,0.0,0.0,0.0
2,10.37,9,0,0.0,0.0964,0.0,0.0,0.0
2,10.38,10,1,0.1,0.0963,1.038,1.9301,1.265
2,10.39,10,1,0.1,0.0962,1.039,1.9319,1.139
2,10.40,5,1,0.2,0.0962,2.08,3.6464,2.4
2,10.41,16,1,0.0625,0.0961,0.6506,1.2347,0.75
2,10.42,12,0,0.0,0.096,0.0,0.0,0.0
2,10.43,4,1,0.25,0.0959,2.6075,4.426,3.0
2,10.44,6,0,0.0,0.0958,0.0,0.0,0.0
2,10.45,8,0,0.0,0.0957,0.0,0.0,0.0
2,10.46,5,2,0.4,0.0956,4.184,4.4917,5.19
2,10.47,8,0,0.0,0.0955,0.0,0.0,0.0
2,10.48,7,0,0.0,0.0954,0.0,0.0,0.0
2,10.49,4,0,0.0,0.0953,0.0,0.0,0.0
2,10.50,8,2,0.25,0.0952,2.625,3.1507,3.375
2,10.51,9,0,0.0,0.0951,0.0,0.0,0.0
2,10.52,5,0,0.0,0.0951,0.0,0.0,0.0
2,10.53,4,0,0.0,0.095,0.0,0.0,0.0
2,10.54,7,0,0.0,0.0949,0.0,0.0,0.0
2,10.55,6,0,0.0,0.0948,0.0,0.0,0.0
2,10.56,7,1,0.1429,0.0947,1.5086,2.7378,1.7143
2,10.57,12,0,0.0,0.0946,0.0,0.0,0.0
2,10.58,7,1,0.1429,0.0945,1.5114,2.743,1.8571
2,10.59,5,1,0.2,0.0944,2.118,3.713,2.3
2,10.60,13,1,0.0769,0.0943,0.8154,1.5352,1.0
2,10.61,8,1,0.125,0.0943,1.3262,2.4316,1.625
2,10.62,4,0,0.0,0.0942,0.0,0.0,0.0
2,10.63,10,0,0.0,0.0941,0.0,0.0,0.0
2,10.64,8,0,0.0,0.094,0.0,0.0,0.0
2,10.65,8,1,0.125,0.0939,1.3313,2.4407,1.5625
2,10.66,11,0,0.0,0.0938,0.0,0.0,0.0
2,10.67,5,0,0.0,0.0937,0.0,0.0,0.0
2,10.68,8,0,0.0,0.0936,0.0,0.0,0.0
2,10.69,9,1,0.1111,0.0935,1.1878,2.1948,1.3933
2,10.70,4,0,0.0,0.0935,0.0,0.0,0.0
2,10.71,3,0,0.0,0.0934,0.0,0.0,0.0
2,10.72,5,0,0.0,0.0933,0.0,0.0,0.0
2,10.73,3,0,0.0,0.0932,0.0,0.0,0.0
2,10.74,10,0,0.0,0.0931,0.0,0.0,0.0
2,10.75,8,3,0.375,0.093,4.0312,3.6064,4.75
2,10.76,5,1,0.2,0.0929,2.152,3.7726,2.4
2,10.77,8,2,0.25,0.0929,2.6925,3.2317,3.0
2,10.78,1,0,0.0,0.0928,0.0,0.0,0.0
2,10.79,9,1,0.1111,0.0927,1.1989,2.2153,1.3333
2,10.80,5,1,0.2,0.0926,2.16,3.7866,2.5
2,10.81,6,1,0.1667,0.0925,1.8017,3.2238,2.2583
2,10.82,8,0,0.0,0.0924,0.0,0.0,0.0
2,10.83,10,0,0.0,0.0923,0.0,0.0,0.0
2,10.84,9,0,0.0,0.0923,0.0,0.0,0.0
2,10.85,3,0,0.0,0.0922,0.0,0.0,0.0
2,10.86,7,0,0.0,0.0921,0.0,0.0,0.0
2,10.87,4,0,0.0,0.092,0.0,0.0,0.0
2,10.88,11,2,0.1818,0.0919,1.9782,2.4798,2.5
2,10.89,4,0,0.0,0.0918,0.0,0.0,0.0
2,10.90,6,0,0.0,0.0917,0.0,0.0,0.0
2,10.91,10,2,0.2,0.0917,2.182,2.7048,2.5
2,10.92,10,1,0.1,0.0916,1.092,2.0305,1.347
2,10.93,8,0,0.0,0.0915,0.0,0.0,0.0
2,10.94,7,0,0.0,0.0914,0.0,0.0,0.0
2,10.95,5,0,0.0,0.0913,0.0,0.0,0.0
2,10.96,8,0,0.0,0.0912,0.0,0.0,0.0
2,10.97,5,0,0.0,0.0912,0.0,0.0,0.0
2,10.98,3,0,0.0,0.0911,0.0,0.0,0.0
2,10.99,5,1,0.2,0.091,2.198,3.8533,2.6
2,11.00,9,1,0.1111,0.0909,1.2222,2.2585,1.5556
2,11.01,2,0,0.0,0.0908,0.0,0.0,0.0
2,11.02,4,0,0.0,0.0907,0.0,0.0,0.0
2,11.03,3,1,0.3333,0.0907,3.6767,5.8837,4.5
2,11.04,4,0,0.0,0.0906,0.0,0.0,0.0
2,11.05,5,0,0.0,0.0905,0.0,0.0,0.0
2,11.06,6,0,0.0,0.0904,0.0,0.0,0.0
2,11.07,3,1,0.3333,0.0903,3.69,5.9051,4.3333
2,11.08,6,0,0.0,0.0903,0.0,0.0,0.0
2,11.09,5,0,0.0,0.0902,0.0,0.0,0.0
2,11.10,7,0,0.0,0.0901,0.0,0.0,0.0
2,11.11,6,0,0.0,0.09,0.0,0.0,0.0
2,11.12,6,0,0.0,0.0899,0.0,0.0,0.0
2,11.13,7,1,0.1429,0.0898,1.59,2.8856,2.4286
2,11.14,8,0,0.0,0.0898,0.0,0.0,0.0
2,11.15,4,1,0.25,0.0897,2.7875,4.7315,3.5
2,11.16,8,0,0.0,0.0896,0.0,0.0,0.0
2,11.17,6,1,0.1667,0.0895,1.8617,3.3312,2.1667
2,11.18,3,0,0.0,0.0894,0.0,0.0,0.0
2,11.19,6,0,0.0,0.0894,0.0,0.0,0.0
2,11.20,6,0,0.0,0.0893,0.0,0.0,0.0
2,11.21,6,0,0.0,0.0892,0.0,0.0,0.0
2,11.22,7,0,0.0,0.0891,0.0,0.0,0.0
2,11.23,5,0,0.0,0.089,0.0,0.0,0.0
2,11.24,5,0,0.0,0.089,0.0,0.0,0.0
2,11.25,5,0,0.0,0.0889,0.0,0.0,0.0
2,11.26,10,0,0.0,0.0888,0.0,0.0,0.0
2,11.27,7,0,0.0,0.0887,0.0,0.0,0.0
2,11.28,9,1,0.1111,0.0887,1.2533,2.3159,1.5556
2,11.29,1,0,0.0,0.0886,0.0,0.0,0.0
2,11.30,6,0,0.0,0.0885,0.0,0.0,0.0
2,11.31,5,0,0.0,0.0884,0.0,0.0,0.0
2,11.32,6,0,0.0,0.0883,0.0,0.0,0.0
2,11.33,4,1,0.25,0.0883,2.8325,4.8079,3.25
2,11.34,7,0,0.0,0.0882,0.0,0.0,0.0
2,11.35,9,0,0.0,0.0881,0.0,0.0,0.0
2,11.36,4,0,0.0,0.088,0.0,0.0,0.0
2,11.37,8,0,0.0,0.088,0.0,0.0,0.0
2,11.38,7,0,0.0,0.0879,0.0,0.0,0.0
2,11.39,4,0,0.0,0.0878,0.0,0.0,0.0
2,11.40,2,0,0.0,0.0877,0.0,0.0,0.0
2,11.41,4,0,0.0,0.0876,0.0,0.0,0.0
2,11.42,5,0,0.0,0.0876,0.0,0.0,0.0
2,11.43,6,0,0.0,0.0875,0.0,0.0,0.0
2,11.44,9,0,0.0,0.0874,0.0,0.0,0.0
2,11.45,4,0,0.0,0.0873,0.0,0.0,0.0
2,11.46,6,0,0.0,0.0873,0.0,0.0,0.0
2,11.47,7,0,0.0,0.0872,0.0,0.0,0.0
2,11.48,2,0,0.0,0.0871,0.0,0.0,0.0
2,11.49,3,0,0.0,0.087,0.0,0.0,0.0
2,11.50,8,0,0.0,0.087,0.0,0.0,0.0
2,11.51,9,0,0.0,0.0869,0.0,0.0,0.0
2,11.52,4,1,0.25,0.0868,2.88,4.8885,3.25
2,11.53,7,0,0.0,0.0867,0.0,0.0,0.0
2,11.54,7,0,0.0,0.0867,0.0,0.0,0.0
2,11.55,6,0,0.0,0.0866,0.0,0.0,0.0
2,11.56,5,0,0.0,0.0865,0.0,0.0,0.0
2,11.57,6,0,0.0,0.0864,0.0,0.0,0.0
2,11.58,12,0,0.0,0.0864,0.0,0.0,0.0
2,11.59,7,0,0.0,0.0863,0.0,0.0,0.0
2,11.60,5,0,0.0,0.0862,0.0,0.0,0.0
2,11.61,5,1,0.2,0.0861,2.322,4.0706,2.6
2,11.62,2,1,0.5,0.0861,5.81,8.0522,6.5
2,11.63,7,0,0.0,0.086,0.0,0.0,0.0
2,11.64,3,0,0.0,0.0859,0.0,0.0,0.0
2,11.65,5,0,0.0,0.0858,0.0,0.0,0.0
2,11.66,4,1,0.25,0.0858,2.915,4.9479,3.5
2,11.67,7,1,0.1429,0.0857,1.6671,3.0256,1.8757
2,11.68,9,1,0.1111,0.0856,1.2978,2.3981,1.5556
2,11.69,5,0,0.0,0.0855,0.0,0.0,0.0
2,11.70,6,1,0.1667,0.0855,1.95,3.4893,2.1667
2,11.71,6,0,0.0,0.0854,0.0,0.0,0.0
2,11.72,7,1,0.1429,0.0853,1.6743,3.0386,1.8929
2,11.73,5,0,0.0,0.0853,0.0,0.0,0.0
2,11.74,4,0,0.0,0.0852,0.0,0.0,0.0
2,11.75,4,0,0.0,0.0851,0.0,0.0,0.0
2,11.76,7,1,0.1429,0.085,1.68,3.0489,1.9286
2,11.77,8,0,0.0,0.085,0.0,0.0,0.0
2,11.78,3,0,0.0,0.0849,0.0,0.0,0.0
2,11.79,10,1,0.1,0.0848,1.179,2.1923,1.3
2,11.80,7,1,0.1429,0.0847,1.6857,3.0593,1.8657
2,11.81,8,0,0.0,0.0847,0.0,0.0,0.0
2,11.82,5,0,0.0,0.0846,0.0,0.0,0.0
2,11.83,2,0,0.0,0.0845,0.0,0.0,0.0
2,11.84,9,1,0.1111,0.0845,1.3156,2.4309,1.7278
2,11.85,6,1,0.1667,0.0844,1.975,3.534,2.3217
2,11.86,3,0,0.0,0.0843,0.0,0.0,0.0
2,11.87,6,0,0.0,0.0842,0.0,0.0,0.0
2,11.88,8,0,0.0,0.0842,0.0,0.0,0.0
2,11.89,3,1,0.3333,0.0841,3.9633,6.3425,5.0
2,11.90,7,1,0.1429,0.084,1.7,3.0852,1.98
2,11.91,7,0,0.0,0.084,0.0,0.0,0.0
2,11.92,3,1,0.3333,0.0839,3.9733,6.3585,5.1567
2,11.93,5,0,0.0,0.0838,0.0,0.0,0.0
2,11.94,8,0,0.0,0.0838,0.0,0.0,0.0
2,11.95,9,1,0.1111,0.0837,1.3278,2.4535,1.7778
2,11.96,5,0,0.0,0.0836,0.0,0.0,0.0
2,11.97,9,0,0.0,0.0835,0.0,0.0,0.0
2,11.98,7,1,0.1429,0.0835,1.7114,3.106,2.3571
2,11.99,8,2,0.25,0.0834,2.9975,3.5977,3.4375
2,12.00,8,0,0.0,0.0833,0.0,0.0,0.0
2,12.01,4,0,0.0,0.0833,0.0,0.0,0.0
2,12.02,8,1,0.125,0.0832,1.5025,2.7547,2.0137
2,12.03,6,2,0.3333,0.0831,4.01,4.5376,5.07
2,12.04,7,0,0.0,0.0831,0.0,0.0,0.0
2,12.05,8,1,0.125,0.083,1.5063,2.7616,1.89
2,12.06,13,1,0.0769,0.0829,0.9277,1.7467,1.1538
2,12.07,7,0,0.0,0.0829,0.0,0.0,0.0
2,12.08,3,0,0.0,0.0828,0.0,0.0,0.0
2,12.09,6,0,0.0,0.0827,0.0,0.0,0.0
2,12.10,6,0,0.0,0.0826,0.0,0.0,0.0
2,12.11,5,1,0.2,0.0826,2.422,4.246,2.8
2,12.12,7,0,0.0,0.0825,0.0,0.0,0.0
2,12.13,6,1,0.1667,0.0824,2.0217,3.6175,2.3117
2,12.14,2,0,0.0,0.0824,0.0,0.0,0.0
2,12.15,7,0,0.0,0.0823,0.0,0.0,0.0
2,12.16,4,0,0.0,0.0822,0.0,0.0,0.0
2,12.17,6,0,0.0,0.0822,0.0,0.0,0.0
2,12.18,2,0,0.0,0.0821,0.0,0.0,0.0
2,12.19,5,0,0.0,0.082,0.0,0.0,0.0
2,12.20,5,1,0.2,0.082,2.44,4.2775,3.2
2,12.21,6,1,0.1667,0.0819,2.035,3.6414,2.2617
2,12.22,6,0,0.0,0.0818,0.0,0.0,0.0
2,12.23,7,2,0.2857,0.0818,3.4943,4.0929,4.0
2,12.24,4,0,0.0,0.0817,0.0,0.0,0.0
2,12.25,7,0,0.0,0.0816,0.0,0.0,0.0
2,12.26,3,0,0.0,0.0816,0.0,0.0,0.0
2,12.27,2,0,0.0,0.0815,0.0,0.0,0.0
2,12.28,5,0,0.0,0.0814,0.0,0.0,0.0
2,12.29,4,0,0.0,0.0814,0.0,0.0,0.0
2,12.30,5,0,0.0,0.0813,0.0,0.0,0.0
2,12.31,2,0,0.0,0.0812,0.0,0.0,0.0
2,12.32,3,0,0.0,0.0812,0.0,0.0,0.0
2,12.33,6,0,0.0,0.0811,0.0,0.0,0.0
2,12.34,5,0,0.0,0.081,0.0,0.0,0.0
2,12.35,6,1,0.1667,0.081,2.0583,3.6831,2.4133
2,12.36,1,0,0.0,0.0809,0.0,0.0,0.0
2,12.37,4,0,0.0,0.0808,0.0,0.0,0.0
2,12.38,8,1,0.125,0.0808,1.5475,2.8372,1.75
2,12.39,3,0,0.0,0.0807,0.0,0.0,0.0
2,12.40,7,0,0.0,0.0806,0.0,0.0,0.0
2,12.41,4,0,0.0,0.0806,0.0,0.0,0.0
2,12.42,7,1,0.1429,0.0805,1.7743,3.22,1.9971
2,12.43,8,0,0.0,0.0805,0.0,0.0,0.0
2,12.44,4,0,0.0,0.0804,0.0,0.0,0.0
2,12.45,2,0,0.0,0.0803,0.0,0.0,0.0
2,12.46,7,0,0.0,0.0803,0.0,0.0,0.0
2,12.47,5,0,0.0,0.0802,0.0,0.0,0.0
2,12.48,2,1,0.5,0.0801,6.24,8.6482,6.845
2,12.49,7,1,0.1429,0.0801,1.7843,3.2382,2.1429
2,12.50,6,0,0.0,0.08,0.0,0.0,0.0
2,12.51,3,0,0.0,0.0799,0.0,0.0,0.0
2,12.52,3,0,0.0,0.0799,0.0,0.0,0.0
2,12.53,5,0,0.0,0.0798,0.0,0.0,0.0
2,12.54,4,0,0.0,0.0797,0.0,0.0,0.0
2,12.55,5,0,0.0,0.0797,0.0,0.0,0.0
2,12.56,6,0,0.0,0.0796,0.0,0.0,0.0
2,12.57,4,0,0.0,0.0796,0.0,0.0,0.0
2,12.58,7,0,0.0,0.0795,0.0,0.0,0.0
2,12.59,3,0,0.0,0.0794,0.0,0.0,0.0
2,12.60,5,1,0.2,0.0794,2.52,4.4178,3.0
2,12.61,5,1,0.2,0.0793,2.522,4.4213,3.2
2,12.62,4,0,0.0,0.0792,0.0,0.0,0.0
2,12.63,5,0,0.0,0.0792,0.0,0.0,0.0
2,12.64,8,0,0.0,0.0791,0.0,0.0,0.0
2,12.65,2,0,0.0,0.0791,0.0,0.0,0.0
2,12.66,8,0,0.0,0.079,0.0,0.0,0.0
2,12.67,4,0,0.0,0.0789,0.0,0.0,0.0
2,12.68,3,0,0.0,0.0789,0.0,0.0,0.0
2,12.69,6,0,0.0,0.0788,0.0,0.0,0.0
2,12.70,6,1,0.1667,0.0787,2.1167,3.7875,2.4167
2,12.71,5,1,0.2,0.0787,2.542,4.4563,3.078
2,12.72,2,0,0.0,0.0786,0.0,0.0,0.0
2,12.73,8,0,0.0,0.0786,0.0,0.0,0.0
2,12.74,1,0,0.0,0.0785,0.0,0.0,0.0
2,12.75,4,0,0.0,0.0784,0.0,0.0,0.0
2,12.76,5,0,0.0,0.0784,0.0,0.0,0.0
2,12.77,5,0,0.0,0.0783,0.0,0.0,0.0
2,12.78,6,2,0.3333,0.0782,4.26,4.8205,5.4533
2,12.79,4,0,0.0,0.0782,0.0,0.0,0.0
2,12.80,8,0,0.0,0.0781,0.0,0.0,0.0
2,12.81,4,0,0.0,0.0781,0.0,0.0,0.0
2,12.82,2,0,0.0,0.078,0.0,0.0,0.0
2,12.83,4,0,0.0,0.0779,0.0,0.0,0.0
2,12.84,5,0,0.0,0.0779,0.0,0.0,0.0
2,12.85,6,1,0.1667,0.0778,2.1417,3.8322,2.5
2,12.86,5,0,0.0,0.0778,0.0,0.0,0.0
2,12.87,5,0,0.0,0.0777,0.0,0.0,0.0
2,12.88,4,1,0.25,0.0776,3.22,5.4657,3.75
2,12.89,4,0,0.0,0.0776,0.0,0.0,0.0
2,12.90,3,0,0.0,0.0775,0.0,0.0,0.0
2,12.91,8,1,0.125,0.0775,1.6138,2.9587,2.125
2,12.92,8,0,0.0,0.0774,0.0,0.0,0.0
2,12.93,2,0,0.0,0.0773,0.0,0.0,0.0
2,12.94,5,0,0.0,0.0773,0.0,0.0,0.0
2,12.95,2,0,0.0,0.0772,0.0,0.0,0.0
2,12.96,4,0,0.0,0.0772,0.0,0.0,0.0
2,12.97,7,1,0.1429,0.0771,1.8529,3.3626,2.2857
2,12.98,3,1,0.3333,0.077,4.3267,6.9239,5.3733
2,12.99,1,0,0.0,0.077,0.0,0.0,0.0
2,13.00,5,0,0.0,0.0769,0.0,0.0,0.0
2,13.01,4,1,0.25,0.0769,3.2525,5.5208,3.875
2,13.02,2,0,0.0,0.0768,0.0,0.0,0.0
2,13.03,4,0,0.0,0.0767,0.0,0.0,0.0
2,13.04,3,0,0.0,0.0767,0.0,0.0,0.0
2,13.05,1,0,0.0,0.0766,0.0,0.0,0.0
2,13.06,5,0,0.0,0.0766,0.0,0.0,0.0
2,13.07,2,0,0.0,0.0765,0.0,0.0,0.0
2,13.08,5,1,0.2,0.0765,2.616,4.5861,3.4
2,13.09,4,0,0.0,0.0764,0.0,0.0,0.0
2,13.10,4,0,0.0,0.0763,0.0,0.0,0.0
2,13.11,6,2,0.3333,0.0763,4.37,4.945,5.0
2,13.12,8,0,0.0,0.0762,0.0,0.0,0.0
2,13.13,3,0,0.0,0.0762,0.0,0.0,0.0
2,13.14,5,0,0.0,0.0761,0.0,0.0,0.0
2,13.15,1,0,0.0,0.076,0.0,0.0,0.0
2,13.16,5,0,0.0,0.076,0.0,0.0,0.0
2,13.17,5,0,0.0,0.0759,0.0,0.0,0.0
2,13.18,3,1,0.3333,0.0759,4.3933,7.0306,6.0
2,13.19,1,0,0.0,0.0758,0.0,0.0,0.0
2,13.20,4,0,0.0,0.0758,0.0,0.0,0.0
2,13.21,2,0,0.0,0.0757,0.0,0.0,0.0
2,13.22,4,1,0.25,0.0756,3.305,5.6099,4.125
2,13.23,3,0,0.0,0.0756,0.0,0.0,0.0
2,13.24,5,0,0.0,0.0755,0.0,0.0,0.0
2,13.25,3,0,0.0,0.0755,0.0,0.0,0.0
2,13.26,8,2,0.25,0.0754,3.315,3.9788,4.0
2,13.27,8,0,0.0,0.0754,0.0,0.0,0.0
2,13.28,3,0,0.0,0.0753,0.0,0.0,0.0
2,13.29,4,2,0.5,0.0752,6.645,6.5121,8.175
2,13.30,3,1,0.3333,0.0752,4.4333,7.0946,5.1667
2,13.31,5,0,0.0,0.0751,0.0,0.0,0.0
2,13.32,5,0,0.0,0.0751,0.0,0.0,0.0
2,13.33,5,0,0.0,0.075,0.0,0.0,0.0
2,13.34,2,0,0.0,0.075,0.0,0.0,0.0
2,13.35,4,0,0.0,0.0749,0.0,0.0,0.0
2,13.36,5,0,0.0,0.0749,0.0,0.0,0.0
2,13.37,4,1,0.25,0.0748,3.3425,5.6736,4.25
2,13.38,3,0,0.0,0.0747,0.0,0.0,0.0
2,13.39,2,0,0.0,0.0747,0.0,0.0,0.0
2,13.40,6,0,0.0,0.0746,0.0,0.0,0.0
2,13.41,4,0,0.0,0.0746,0.0,0.0,0.0
2,13.42,5,0,0.0,0.0745,0.0,0.0,0.0
2,13.43,2,0,0.0,0.0745,0.0,0.0,0.0
2,13.44,2,0,0.0,0.0744,0.0,0.0,0.0
2,13.45,3,0,0.0,0.0743,0.0,0.0,0.0
2,13.46,3,0,0.0,0.0743,0.0,0.0,0.0
2,13.47,1,0,0.0,0.0742,0.0,0.0,0.0
2,13.48,5,1,0.2,0.0742,2.696,4.7263,3.098
2,13.49,1,0,0.0,0.0741,0.0,0.0,0.0
2,13.50,3,1,0.3333,0.0741,4.5,7.2013,5.0
2,13.51,1,0,0.0,0.074,0.0,0.0,0.0
2,13.52,6,0,0.0,0.074,0.0,0.0,0.0
2,13.53,4,0,0.0,0.0739,0.0,0.0,0.0
2,13.54,5,0,0.0,0.0739,0.0,0.0,0.0
2,13.55,6,0,0.0,0.0738,0.0,0.0,0.0
2,13.56,4,1,0.25,0.0737,3.39,5.7542,3.8125
2,13.57,1,0,0.0,0.0737,0.0,0.0,0.0
2,13.58,5,0,0.0,0.0736,0.0,0.0,0.0
2,13.59,5,0,0.0,0.0736,0.0,0.0,0.0
2,13.61,3,1,0.3333,0.0735,4.5367,7.26,6.0
2,13.62,6,0,0.0,0.0734,0.0,0.0,0.0
2,13.63,4,0,0.0,0.0734,0.0,0.0,0.0
2,13.64,3,0,0.0,0.0733,0.0,0.0,0.0
2,13.65,1,0,0.0,0.0733,0.0,0.0,0.0
2,13.66,8,1,0.125,0.0732,1.7075,3.1306,2.1375
2,13.67,8,1,0.125,0.0732,1.7087,3.1328,1.9375
2,13.68,6,1,0.1667,0.0731,2.28,4.0798,2.8333
2,13.69,8,0,0.0,0.073,0.0,0.0,0.0
2,13.70,6,0,0.0,0.073,0.0,0.0,0.0
2,13.71,3,0,0.0,0.0729,0.0,0.0,0.0
2,13.72,7,1,0.1429,0.0729,1.96,3.5571,2.3929
2,13.73,5,0,0.0,0.0728,0.0,0.0,0.0
2,13.74,4,0,0.0,0.0728,0.0,0.0,0.0
2,13.75,4,1,0.25,0.0727,3.4375,5.8348,4.25
2,13.76,2,0,0.0,0.0727,0.0,0.0,0.0
2,13.77,7,0,0.0,0.0726,0.0,0.0,0.0
2,13.78,1,0,0.0,0.0726,0.0,0.0,0.0
2,13.79,4,0,0.0,0.0725,0.0,0.0,0.0
2,13.81,6,0,0.0,0.0724,0.0,0.0,0.0
2,13.82,2,0,0.0,0.0724,0.0,0.0,0.0
2,13.83,8,0,0.0,0.0723,0.0,0.0,0.0
2,13.84,4,0,0.0,0.0723,0.0,0.0,0.0
2,13.85,5,0,0.0,0.0722,0.0,0.0,0.0
2,13.86,5,0,0.0,0.0722,0.0,0.0,0.0
2,13.87,5,0,0.0,0.0721,0.0,0.0,0.0
2,13.88,1,0,0.0,0.072,0.0,0.0,0.0
2,13.89,4,0,0.0,0.072,0.0,0.0,0.0
2,13.90,5,0,0.0,0.0719,0.0,0.0,0.0
2,13.91,3,0,0.0,0.0719,0.0,0.0,0.0
2,13.92,2,0,0.0,0.0718,0.0,0.0,0.0
2,13.93,4,0,0.0,0.0718,0.0,0.0,0.0
2,13.94,5,1,0.2,0.0717,2.788,4.8876,3.2
2,13.95,3,0,0.0,0.0717,0.0,0.0,0.0
2,13.96,1,0,0.0,0.0716,0.0,0.0,0.0
2,13.97,5,0,0.0,0.0716,0.0,0.0,0.0
2,13.98,4,0,0.0,0.0715,0.0,0.0,0.0
2,13.99,5,0,0.0,0.0715,0.0,0.0,0.0
2,14.00,7,0,0.0,0.0714,0.0,0.0,0.0
2,14.01,7,0,0.0,0.0714,0.0,0.0,0.0
2,14.02,1,0,0.0,0.0713,0.0,0.0,0.0
2,14.03,5,0,0.0,0.0713,0.0,0.0,0.0
2,14.04,4,1,0.25,0.0712,3.51,5.9579,4.7225
2,14.05,2,0,0.0,0.0712,0.0,0.0,0.0
2,14.07,2,0,0.0,0.0711,0.0,0.0,0.0
2,14.08,6,0,0.0,0.071,0.0,0.0,0.0
2,14.09,4,0,0.0,0.071,0.0,0.0,0.0
2,14.10,3,0,0.0,0.0709,0.0,0.0,0.0
2,14.11,2,0,0.0,0.0709,0.0,0.0,0.0
2,14.12,3,1,0.3333,0.0708,4.7067,7.532,5.5
2,14.13,2,0,0.0,0.0708,0.0,0.0,0.0
2,14.14,2,0,0.0,0.0707,0.0,0.0,0.0
2,14.15,3,0,0.0,0.0707,0.0,0.0,0.0
2,14.16,4,0,0.0,0.0706,0.0,0.0,0.0
2,14.17,1,0,0.0,0.0706,0.0,0.0,0.0
2,14.18,2,0,0.0,0.0705,0.0,0.0,0.0
2,14.19,3,0,0.0,0.0705,0.0,0.0,0.0
2,14.20,3,0,0.0,0.0704,0.0,0.0,0.0
2,14.21,1,0,0.0,0.0704,0.0,0.0,0.0
2,14.22,5,0,0.0,0.0703,0.0,0.0,0.0
2,14.23,3,0,0.0,0.0703,0.0,0.0,0.0
2,14.24,4,0,0.0,0.0702,0.0,0.0,0.0
2,14.25,2,0,0.0,0.0702,0.0,0.0,0.0
2,14.26,6,0,0.0,0.0701,0.0,0.0,0.0
2,14.27,3,0,0.0,0.0701,0.0,0.0,0.0
2,14.28,1,0,0.0,0.07,0.0,0.0,0.0
2,14.29,6,0,0.0,0.07,0.0,0.0,0.0
2,14.30,3,0,0.0,0.0699,0.0,0.0,0.0
2,14.31,6,0,0.0,0.0699,0.0,0.0,0.0
2,14.32,6,0,0.0,0.0698,0.0,0.0,0.0
2,14.33,2,1,0.5,0.0698,7.165,9.9302,9.5
2,14.34,3,0,0.0,0.0697,0.0,0.0,0.0
2,14.35,6,0,0.0,0.0697,0.0,0.0,0.0
2,14.36,3,0,0.0,0.0696,0.0,0.0,0.0
2,14.37,3,0,0.0,0.0696,0.0,0.0,0.0
2,14.38,4,0,0.0,0.0695,0.0,0.0,0.0
2,14.39,2,0,0.0,0.0695,0.0,0.0,0.0
2,14.40,5,1,0.2,0.0694,2.88,5.0489,4.2
2,14.41,2,0,0.0,0.0694,0.0,0.0,0.0
2,14.42,4,0,0.0,0.0693,0.0,0.0,0.0
2,14.43,5,0,0.0,0.0693,0.0,0.0,0.0
2,14.44,3,0,0.0,0.0693,0.0,0.0,0.0
2,14.45,5,0,0.0,0.0692,0.0,0.0,0.0
2,14.46,9,0,0.0,0.0692,0.0,0.0,0.0
2,14.47,3,0,0.0,0.0691,0.0,0.0,0.0
2,14.48,7,0,0.0,0.0691,0.0,0.0,0.0
2,14.49,2,0,0.0,0.069,0.0,0.0,0.0
2,14.50,5,0,0.0,0.069,0.0,0.0,0.0
2,14.51,1,0,0.0,0.0689,0.0,0.0,0.0
2,14.52,3,0,0.0,0.0689,0.0,0.0,0.0
2,14.53,5,0,0.0,0.0688,0.0,0.0,0.0
2,14.54,4,0,0.0,0.0688,0.0,0.0,0.0
2,14.55,6,0,0.0,0.0687,0.0,0.0,0.0
2,14.56,3,0,0.0,0.0687,0.0,0.0,0.0
2,14.57,1,0,0.0,0.0686,0.0,0.0,0.0
2,14.58,4,0,0.0,0.0686,0.0,0.0,0.0
2,14.59,3,0,0.0,0.0685,0.0,0.0,0.0
2,14.60,2,1,0.5,0.0685,7.3,10.1173,8.5
2,14.61,2,0,0.0,0.0684,0.0,0.0,0.0
2,14.62,3,0,0.0,0.0684,0.0,0.0,0.0
2,14.63,6,0,0.0,0.0684,0.0,0.0,0.0
2,14.64,1,0,0.0,0.0683,0.0,0.0,0.0
2,14.65,1,0,0.0,0.0683,0.0,0.0,0.0
2,14.66,2,0,0.0,0.0682,0.0,0.0,0.0
2,14.68,3,0,0.0,0.0681,0.0,0.0,0.0
2,14.69,4,0,0.0,0.0681,0.0,0.0,0.0
2,14.70,3,0,0.0,0.068,0.0,0.0,0.0
2,14.71,2,0,0.0,0.068,0.0,0.0,0.0
2,14.72,5,0,0.0,0.0679,0.0,0.0,0.0
2,14.73,5,1,0.2,0.0679,2.946,5.1646,3.714
2,14.74,2,0,0.0,0.0678,0.0,0.0,0.0
2,14.75,3,0,0.0,0.0678,0.0,0.0,0.0
2,14.76,3,0,0.0,0.0678,0.0,0.0,0.0
2,14.77,4,0,0.0,0.0677,0.0,0.0,0.0
2,14.78,2,0,0.0,0.0677,0.0,0.0,0.0
2,14.79,5,1,0.2,0.0676,2.958,5.1856,3.4
2,14.80,3,0,0.0,0.0676,0.0,0.0,0.0
2,14.81,7,0,0.0,0.0675,0.0,0.0,0.0
2,14.82,3,0,0.0,0.0675,0.0,0.0,0.0
2,14.83,2,0,0.0,0.0674,0.0,0.0,0.0
2,14.84,2,0,0.0,0.0674,0.0,0.0,0.0
2,14.85,3,0,0.0,0.0673,0.0,0.0,0.0
2,14.86,3,0,0.0,0.0673,0.0,0.0,0.0
2,14.88,3,0,0.0,0.0672,0.0,0.0,0.0
2,14.89,1,0,0.0,0.0672,0.0,0.0,0.0
2,14.90,3,0,0.0,0.0671,0.0,0.0,0.0
2,14.91,3,0,0.0,0.0671,0.0,0.0,0.0
2,14.92,1,0,0.0,0.067,0.0,0.0,0.0
2,14.93,4,0,0.0,0.067,0.0,0.0,0.0
2,14.94,2,0,0.0,0.0669,0.0,0.0,0.0
2,14.95,4,0,0.0,0.0669,0.0,0.0,0.0
2,14.96,5,0,0.0,0.0668,0.0,0.0,0.0
2,14.97,3,0,0.0,0.0668,0.0,0.0,0.0
2,14.99,2,0,0.0,0.0667,0.0,0.0,0.0
2,15.00,6,1,0.1667,0.0667,2.5,4.4734,3.0317
2,15.01,2,0,0.0,0.0666,0.0,0.0,0.0
2,15.02,1,1,1.0,0.0666,15.02,0.0,19.35
2,15.03,1,0,0.0,0.0665,0.0,0.0,0.0
2,15.04,3,0,0.0,0.0665,0.0,0.0,0.0
2,15.05,3,0,0.0,0.0664,0.0,0.0,0.0
2,15.06,3,0,0.0,0.0664,0.0,0.0,0.0
2,15.07,1,0,0.0,0.0664,0.0,0.0,0.0
2,15.09,1,0,0.0,0.0663,0.0,0.0,0.0
2,15.10,1,0,0.0,0.0662,0.0,0.0,0.0
2,15.11,5,0,0.0,0.0662,0.0,0.0,0.0
2,15.12,3,0,0.0,0.0661,0.0,0.0,0.0
2,15.13,5,1,0.2,0.0661,3.026,5.3048,3.4
2,15.14,2,0,0.0,0.0661,0.0,0.0,0.0
2,15.15,3,0,0.0,0.066,0.0,0.0,0.0
2,15.16,4,0,0.0,0.066,0.0,0.0,0.0
2,15.17,3,0,0.0,0.0659,0.0,0.0,0.0
2,15.18,1,0,0.0,0.0659,0.0,0.0,0.0
2,15.19,2,0,0.0,0.0658,0.0,0.0,0.0
2,15.20,5,0,0.0,0.0658,0.0,0.0,0.0
2,15.22,7,0,0.0,0.0657,0.0,0.0,0.0
2,15.23,2,0,0.0,0.0657,0.0,0.0,0.0
2,15.24,4,1,0.25,0.0656,3.81,6.4671,6.5
2,15.25,2,0,0.0,0.0656,0.0,0.0,0.0
2,15.26,5,0,0.0,0.0655,0.0,0.0,0.0
2,15.27,4,0,0.0,0.0655,0.0,0.0,0.0
2,15.28,4,0,0.0,0.0654,0.0,0.0,0.0
2,15.29,1,0,0.0,0.0654,0.0,0.0,0.0
2,15.30,1,0,0.0,0.0654,0.0,0.0,0.0
2,15.31,6,1,0.1667,0.0653,2.5517,4.5659,3.3333
2,15.32,3,0,0.0,0.0653,0.0,0.0,0.0
2,15.33,4,0,0.0,0.0652,0.0,0.0,0.0
2,15.35,3,0,0.0,0.0651,0.0,0.0,0.0
2,15.36,2,0,0.0,0.0651,0.0,0.0,0.0
2,15.37,2,0,0.0,0.0651,0.0,0.0,0.0
2,15.38,3,1,0.3333,0.065,5.1267,8.2042,6.1
2,15.39,2,0,0.0,0.065,0.0,0.0,0.0
2,15.40,5,0,0.0,0.0649,0.0,0.0,0.0
2,15.41,4,0,0.0,0.0649,0.0,0.0,0.0
2,15.42,1,0,0.0,0.0649,0.0,0.0,0.0
2,15.43,2,1,0.5,0.0648,7.715,10.6924,8.7
2,15.44,2,0,0.0,0.0648,0.0,0.0,0.0
2,15.45,6,0,0.0,0.0647,0.0,0.0,0.0
2,15.46,2,0,0.0,0.0647,0.0,0.0,0.0
2,15.47,5,0,0.0,0.0646,0.0,0.0,0.0
2,15.48,2,0,0.0,0.0646,0.0,0.0,0.0
2,15.49,1,0,0.0,0.0646,0.0,0.0,0.0
2,15.50,1,0,0.0,0.0645,0.0,0.0,0.0
2,15.51,3,0,0.0,0.0645,0.0,0.0,0.0
2,15.52,2,1,0.5,0.0644,7.76,10.7548,9.895
2,15.53,2,0,0.0,0.0644,0.0,0.0,0.0
2,15.54,2,0,0.0,0.0644,0.0,0.0,0.0
2,15.55,2,0,0.0,0.0643,0.0,0.0,0.0
2,15.56,1,0,0.0,0.0643,0.0,0.0,0.0
2,15.57,3,0,0.0,0.0642,0.0,0.0,0.0
2,15.58,3,1,0.3333,0.0642,5.1933,8.3109,7.0
2,15.59,2,0,0.0,0.0641,0.0,0.0,0.0
2,15.60,4,0,0.0,0.0641,0.0,0.0,0.0
2,15.61,4,0,0.0,0.0641,0.0,0.0,0.0
2,15.62,3,0,0.0,0.064,0.0,0.0,0.0
2,15.63,6,0,0.0,0.064,0.0,0.0,0.0
2,15.64,5,0,0.0,0.0639,0.0,0.0,0.0
2,15.65,6,1,0.1667,0.0639,2.6083,4.6673,3.1667
2,15.66,1,0,0.0,0.0639,0.0,0.0,0.0
2,15.67,6,0,0.0,0.0638,0.0,0.0,0.0
2,15.68,2,0,0.0,0.0638,0.0,0.0,0.0
2,15.69,5,0,0.0,0.0637,0.0,0.0,0.0
2,15.70,4,0,0.0,0.0637,0.0,0.0,0.0
2,15.71,4,0,0.0,0.0637,0.0,0.0,0.0
2,15.72,4,0,0.0,0.0636,0.0,0.0,0.0
2,15.73,4,0,0.0,0.0636,0.0,0.0,0.0
2,15.74,3,0,0.0,0.0635,0.0,0.0,0.0
2,15.75,2,0,0.0,0.0635,0.0,0.0,0.0
2,15.76,1,0,0.0,0.0635,0.0,0.0,0.0
2,15.77,4,0,0.0,0.0634,0.0,0.0,0.0
2,15.78,2,0,0.0,0.0634,0.0,0.0,0.0
2,15.79,4,0,0.0,0.0633,0.0,0.0,0.0
2,15.80,3,0,0.0,0.0633,0.0,0.0,0.0
2,15.81,2,0,0.0,0.0633,0.0,0.0,0.0
2,15.82,1,0,0.0,0.0632,0.0,0.0,0.0
2,15.83,2,0,0.0,0.0632,0.0,0.0,0.0
2,15.84,2,0,0.0,0.0631,0.0,0.0,0.0
2,15.85,1,0,0.0,0.0631,0.0,0.0,0.0
2,15.87,2,0,0.0,0.063,0.0,0.0,0.0
2,15.88,1,0,0.0,0.063,0.0,0.0,0.0
2,15.89,3,0,0.0,0.0629,0.0,0.0,0.0
2,15.90,1,0,0.0,0.0629,0.0,0.0,0.0
2,15.91,3,0,0.0,0.0629,0.0,0.0,0.0
2,15.92,3,1,0.3333,0.0628,5.3067,8.4922,6.3333
2,15.94,5,0,0.0,0.0627,0.0,0.0,0.0
2,15.95,3,0,0.0,0.0627,0.0,0.0,0.0
2,15.97,4,0,0.0,0.0626,0.0,0.0,0.0
2,15.98,2,0,0.0,0.0626,0.0,0.0,0.0
2,15.99,2,1,0.5,0.0625,7.995,11.0805,9.5
2,16.00,4,0,0.0,0.0625,0.0,0.0,0.0
2,16.01,3,1,0.3333,0.0625,5.3367,8.5402,6.3333
2,16.02,3,0,0.0,0.0624,0.0,0.0,0.0
2,16.03,3,1,0.3333,0.0624,5.3433,8.5509,6.1033
2,16.04,1,0,0.0,0.0623,0.0,0.0,0.0
2,16.05,2,0,0.0,0.0623,0.0,0.0,0.0
2,16.06,1,0,0.0,0.0623,0.0,0.0,0.0
2,16.07,3,0,0.0,0.0622,0.0,0.0,0.0
2,16.08,2,0,0.0,0.0622,0.0,0.0,0.0
2,16.09,6,1,0.1667,0.0622,2.6817,4.7985,3.5
2,16.10,1,0,0.0,0.0621,0.0,0.0,0.0
2,16.11,5,0,0.0,0.0621,0.0,0.0,0.0
2,16.13,3,0,0.0,0.062,0.0,0.0,0.0
2,16.14,3,0,0.0,0.062,0.0,0.0,0.0
2,16.15,4,0,0.0,0.0619,0.0,0.0,0.0
2,16.16,5,0,0.0,0.0619,0.0,0.0,0.0
2,16.18,2,0,0.0,0.0618,0.0,0.0,0.0
2,16.19,2,0,0.0,0.0618,0.0,0.0,0.0
2,16.20,2,0,0.0,0.0617,0.0,0.0,0.0
2,16.21,1,0,0.0,0.0617,0.0,0.0,0.0
2,16.22,3,0,0.0,0.0617,0.0,0.0,0.0
2,16.23,1,0,0.0,0.0616,0.0,0.0,0.0
2,16.24,2,0,0.0,0.0616,0.0,0.0,0.0
2,16.25,2,0,0.0,0.0615,0.0,0.0,0.0
2,16.26,3,0,0.0,0.0615,0.0,0.0,0.0
2,16.27,4,0,0.0,0.0615,0.0,0.0,0.0
2,16.28,1,0,0.0,0.0614,0.0,0.0,0.0
2,16.29,2,0,0.0,0.0614,0.0,0.0,0.0
2,16.30,2,0,0.0,0.0613,0.0,0.0,0.0
2,16.31,1,0,0.0,0.0613,0.0,0.0,0.0
2,16.32,3,0,0.0,0.0613,0.0,0.0,0.0
2,16.33,1,0,0.0,0.0612,0.0,0.0,0.0
2,16.34,1,1,1.0,0.0612,16.34,0.0,20.95
2,16.35,4,0,0.0,0.0612,0.0,0.0,0.0
2,16.36,2,0,0.0,0.0611,0.0,0.0,0.0
2,16.38,4,1,0.25,0.0611,4.095,6.9509,5.25
2,16.39,2,0,0.0,0.061,0.0,0.0,0.0
2,16.40,1,0,0.0,0.061,0.0,0.0,0.0
2,16.41,1,0,0.0,0.0609,0.0,0.0,0.0
2,16.42,1,0,0.0,0.0609,0.0,0.0,0.0
2,16.43,3,0,0.0,0.0609,0.0,0.0,0.0
2,16.44,2,0,0.0,0.0608,0.0,0.0,0.0
2,16.46,7,1,0.1429,0.0608,2.3514,4.2675,3.0
2,16.47,2,0,0.0,0.0607,0.0,0.0,0.0
2,16.48,2,0,0.0,0.0607,0.0,0.0,0.0
2,16.49,1,0,0.0,0.0606,0.0,0.0,0.0
2,16.50,5,0,0.0,0.0606,0.0,0.0,0.0
2,16.51,2,0,0.0,0.0606,0.0,0.0,0.0
2,16.52,1,0,0.0,0.0605,0.0,0.0,0.0
2,16.53,1,0,0.0,0.0605,0.0,0.0,0.0
2,16.54,3,1,0.3333,0.0605,5.5133,8.823,7.0
2,16.55,2,0,0.0,0.0604,0.0,0.0,0.0
2,16.56,2,0,0.0,0.0604,0.0,0.0,0.0
2,16.57,4,0,0.0,0.0604,0.0,0.0,0.0
2,16.58,5,0,0.0,0.0603,0.0,0.0,0.0
2,16.59,2,0,0.0,0.0603,0.0,0.0,0.0
2,16.60,2,0,0.0,0.0602,0.0,0.0,0.0
2,16.61,1,0,0.0,0.0602,0.0,0.0,0.0
2,16.62,1,0,0.0,0.0602,0.0,0.0,0.0
2,16.63,5,0,0.0,0.0601,0.0,0.0,0.0
2,16.64,3,0,0.0,0.0601,0.0,0.0,0.0
2,16.68,2,0,0.0,0.06,0.0,0.0,0.0
2,16.69,1,0,0.0,0.0599,0.0,0.0,0.0
2,16.70,1,0,0.0,0.0599,0.0,0.0,0.0
2,16.71,2,0,0.0,0.0598,0.0,0.0,0.0
2,16.72,3,0,0.0,0.0598,0.0,0.0,0.0
2,16.73,3,1,0.3333,0.0598,5.5767,8.9243,7.1933
2,16.75,6,1,0.1667,0.0597,2.7917,4.9953,3.8333
2,16.76,1,0,0.0,0.0597,0.0,0.0,0.0
2,16.77,3,1,0.3333,0.0596,5.59,8.9456,7.3333
2,16.78,3,0,0.0,0.0596,0.0,0.0,0.0
2,16.79,4,0,0.0,0.0596,0.0,0.0,0.0
2,16.80,2,0,0.0,0.0595,0.0,0.0,0.0
2,16.81,2,0,0.0,0.0595,0.0,0.0,0.0
2,16.82,1,0,0.0,0.0595,0.0,0.0,0.0
2,16.83,2,0,0.0,0.0594,0.0,0.0,0.0
2,16.84,4,0,0.0,0.0594,0.0,0.0,0.0
2,16.85,5,0,0.0,0.0593,0.0,0.0,0.0
2,16.86,3,0,0.0,0.0593,0.0,0.0,0.0
2,16.87,4,0,0.0,0.0593,0.0,0.0,0.0
2,16.89,3,0,0.0,0.0592,0.0,0.0,0.0
2,16.91,2,0,0.0,0.0591,0.0,0.0,0.0
2,16.92,1,0,0.0,0.0591,0.0,0.0,0.0
2,16.93,4,0,0.0,0.0591,0.0,0.0,0.0
2,16.94,1,0,0.0,0.059,0.0,0.0,0.0
2,16.95,1,0,0.0,0.059,0.0,0.0,0.0
2,16.96,1,0,0.0,0.059,0.0,0.0,0.0
2,16.97,3,0,0.0,0.0589,0.0,0.0,0.0
2,16.98,3,1,0.3333,0.0589,5.66,9.0577,6.5633
2,16.99,2,0,0.0,0.0589,0.0,0.0,0.0
2,17.00,4,0,0.0,0.0588,0.0,0.0,0.0
2,17.01,2,0,0.0,0.0588,0.0,0.0,0.0
2,17.02,1,0,0.0,0.0588,0.0,0.0,0.0
2,17.04,2,0,0.0,0.0587,0.0,0.0,0.0
2,17.05,6,0,0.0,0.0587,0.0,0.0,0.0
2,17.06,3,0,0.0,0.0586,0.0,0.0,0.0
2,17.07,1,0,0.0,0.0586,0.0,0.0,0.0
2,17.08,3,0,0.0,0.0585,0.0,0.0,0.0
2,17.09,1,0,0.0,0.0585,0.0,0.0,0.0
2,17.10,2,0,0.0,0.0585,0.0,0.0,0.0
2,17.12,2,0,0.0,0.0584,0.0,0.0,0.0
2,17.14,4,0,0.0,0.0583,0.0,0.0,0.0
2,17.16,4,0,0.0,0.0583,0.0,0.0,0.0
2,17.17,2,0,0.0,0.0582,0.0,0.0,0.0
2,17.19,1,0,0.0,0.0582,0.0,0.0,0.0
2,17.21,6,0,0.0,0.0581,0.0,0.0,0.0
2,17.22,3,0,0.0,0.0581,0.0,0.0,0.0
2,17.23,2,0,0.0,0.058,0.0,0.0,0.0
2,17.24,1,0,0.0,0.058,0.0,0.0,0.0
2,17.25,3,0,0.0,0.058,0.0,0.0,0.0
2,17.26,1,0,0.0,0.0579,0.0,0.0,0.0
2,17.27,2,0,0.0,0.0579,0.0,0.0,0.0
2,17.28,3,0,0.0,0.0579,0.0,0.0,0.0
2,17.30,1,0,0.0,0.0578,0.0,0.0,0.0
2,17.31,2,0,0.0,0.0578,0.0,0.0,0.0
2,17.32,4,0,0.0,0.0577,0.0,0.0,0.0
2,17.33,5,0,0.0,0.0577,0.0,0.0,0.0
2,17.34,1,0,0.0,0.0577,0.0,0.0,0.0
2,17.35,3,0,0.0,0.0576,0.0,0.0,0.0
2,17.37,2,0,0.0,0.0576,0.0,0.0,0.0
2,17.38,4,1,0.25,0.0575,4.345,7.3752,5.25
2,17.41,2,0,0.0,0.0574,0.0,0.0,0.0
2,17.42,4,0,0.0,0.0574,0.0,0.0,0.0
2,17.43,1,0,0.0,0.0574,0.0,0.0,0.0
2,17.44,2,0,0.0,0.0573,0.0,0.0,0.0
2,17.45,3,0,0.0,0.0573,0.0,0.0,0.0
2,17.46,1,0,0.0,0.0573,0.0,0.0,0.0
2,17.47,3,0,0.0,0.0572,0.0,0.0,0.0
2,17.48,2,0,0.0,0.0572,0.0,0.0,0.0
2,17.49,2,0,0.0,0.0572,0.0,0.0,0.0
2,17.50,1,0,0.0,0.0571,0.0,0.0,0.0
2,17.51,1,0,0.0,0.0571,0.0,0.0,0.0
2,17.52,5,0,0.0,0.0571,0.0,0.0,0.0
2,17.53,6,1,0.1667,0.057,2.9217,5.2279,3.8333
2,17.54,1,0,0.0,0.057,0.0,0.0,0.0
2,17.55,3,0,0.0,0.057,0.0,0.0,0.0
2,17.56,3,0,0.0,0.0569,0.0,0.0,0.0
2,17.57,2,0,0.0,0.0569,0.0,0.0,0.0
2,17.58,3,0,0.0,0.0569,0.0,0.0,0.0
2,17.59,4,0,0.0,0.0569,0.0,0.0,0.0
2,17.60,3,0,0.0,0.0568,0.0,0.0,0.0
2,17.61,1,0,0.0,0.0568,0.0,0.0,0.0
2,17.62,2,0,0.0,0.0568,0.0,0.0,0.0
2,17.63,2,0,0.0,0.0567,0.0,0.0,0.0
2,17.66,1,0,0.0,0.0566,0.0,0.0,0.0
2,17.67,2,0,0.0,0.0566,0.0,0.0,0.0
2,17.68,1,0,0.0,0.0566,0.0,0.0,0.0
2,17.69,1,0,0.0,0.0565,0.0,0.0,0.0
2,17.71,2,0,0.0,0.0565,0.0,0.0,0.0
2,17.72,2,0,0.0,0.0564,0.0,0.0,0.0
2,17.73,3,0,0.0,0.0564,0.0,0.0,0.0
2,17.74,3,0,0.0,0.0564,0.0,0.0,0.0
2,17.75,3,0,0.0,0.0563,0.0,0.0,0.0
2,17.76,2,0,0.0,0.0563,0.0,0.0,0.0
2,17.77,2,0,0.0,0.0563,0.0,0.0,0.0
2,17.78,2,0,0.0,0.0562,0.0,0.0,0.0
2,17.79,1,0,0.0,0.0562,0.0,0.0,0.0
2,17.80,2,1,0.5,0.0562,8.9,12.3348,11.975
2,17.81,1,0,0.0,0.0561,0.0,0.0,0.0
2,17.82,1,0,0.0,0.0561,0.0,0.0,0.0
2,17.83,1,0,0.0,0.0561,0.0,0.0,0.0
2,17.84,2,0,0.0,0.0561,0.0,0.0,0.0
2,17.85,1,0,0.0,0.056,0.0,0.0,0.0
2,17.86,2,0,0.0,0.056,0.0,0.0,0.0
2,17.87,2,1,0.5,0.056,8.935,12.3833,11.5
2,17.88,4,0,0.0,0.0559,0.0,0.0,0.0
2,17.89,1,0,0.0,0.0559,0.0,0.0,0.0
2,17.90,3,0,0.0,0.0559,0.0,0.0,0.0
2,17.91,1,0,0.0,0.0558,0.0,0.0,0.0
2,17.92,1,0,0.0,0.0558,0.0,0.0,0.0
2,17.93,2,0,0.0,0.0558,0.0,0.0,0.0
2,17.94,2,0,0.0,0.0557,0.0,0.0,0.0
2,17.95,2,0,0.0,0.0557,0.0,0.0,0.0
2,17.96,5,0,0.0,0.0557,0.0,0.0,0.0
2,17.97,2,0,0.0,0.0556,0.0,0.0,0.0
2,17.98,4,0,0.0,0.0556,0.0,0.0,0.0
2,17.99,1,0,0.0,0.0556,0.0,0.0,0.0
2,18.00,3,0,0.0,0.0556,0.0,0.0,0.0
2,18.03,2,0,0.0,0.0555,0.0,0.0,0.0
2,18.04,1,0,0.0,0.0554,0.0,0.0,0.0
2,18.06,3,0,0.0,0.0554,0.0,0.0,0.0
2,18.08,2,0,0.0,0.0553,0.0,0.0,0.0
2,18.09,1,0,0.0,0.0553,0.0,0.0,0.0
2,18.10,3,0,0.0,0.0552,0.0,0.0,0.0
2,18.11,3,0,0.0,0.0552,0.0,0.0,0.0
2,18.12,1,0,0.0,0.0552,0.0,0.0,0.0
2,18.13,1,0,0.0,0.0552,0.0,0.0,0.0
2,18.15,1,0,0.0,0.0551,0.0,0.0,0.0
2,18.16,1,0,0.0,0.0551,0.0,0.0,0.0
2,18.19,5,0,0.0,0.055,0.0,0.0,0.0
2,18.20,1,0,0.0,0.0549,0.0,0.0,0.0
2,18.21,1,0,0.0,0.0549,0.0,0.0,0.0
2,18.22,1,0,0.0,0.0549,0.0,0.0,0.0
2,18.23,2,0,0.0,0.0549,0.0,0.0,0.0
2,18.24,1,0,0.0,0.0548,0.0,0.0,0.0
2,18.26,2,0,0.0,0.0548,0.0,0.0,0.0
2,18.27,3,0,0.0,0.0547,0.0,0.0,0.0
2,18.29,4,0,0.0,0.0547,0.0,0.0,0.0
2,18.30,1,0,0.0,0.0546,0.0,0.0,0.0
2,18.31,2,0,0.0,0.0546,0.0,0.0,0.0
2,18.32,1,0,0.0,0.0546,0.0,0.0,0.0
2,18.33,2,0,0.0,0.0546,0.0,0.0,0.0
2,18.34,5,0,0.0,0.0545,0.0,0.0,0.0
2,18.36,4,0,0.0,0.0545,0.0,0.0,0.0
2,18.37,1,0,0.0,0.0544,0.0,0.0,0.0
2,18.38,2,0,0.0,0.0544,0.0,0.0,0.0
2,18.39,2,0,0.0,0.0544,0.0,0.0,0.0
2,18.40,3,0,0.0,0.0543,0.0,0.0,0.0
2,18.41,2,0,0.0,0.0543,0.0,0.0,0.0
2,18.42,3,0,0.0,0.0543,0.0,0.0,0.0
2,18.43,2,0,0.0,0.0543,0.0,0.0,0.0
2,18.44,1,0,0.0,0.0542,0.0,0.0,0.0
2,18.45,2,0,0.0,0.0542,0.0,0.0,0.0
2,18.46,1,0,0.0,0.0542,0.0,0.0,0.0
2,18.47,1,0,0.0,0.0541,0.0,0.0,0.0
2,18.49,1,0,0.0,0.0541,0.0,0.0,0.0
2,18.50,1,0,0.0,0.0541,0.0,0.0,0.0
2,18.51,1,0,0.0,0.054,0.0,0.0,0.0
2,18.53,3,0,0.0,0.054,0.0,0.0,0.0
2,18.54,2,1,0.5,0.0539,9.27,12.8476,10.5
2,18.56,3,0,0.0,0.0539,0.0,0.0,0.0
2,18.59,4,0,0.0,0.0538,0.0,0.0,0.0
2,18.60,3,1,0.3333,0.0538,6.2,9.9218,8.6667
2,18.61,2,0,0.0,0.0537,0.0,0.0,0.0
2,18.62,1,0,0.0,0.0537,0.0,0.0,0.0
2,18.63,1,0,0.0,0.0537,0.0,0.0,0.0
2,18.64,2,0,0.0,0.0536,0.0,0.0,0.0
2,18.65,1,0,0.0,0.0536,0.0,0.0,0.0
2,18.69,4,0,0.0,0.0535,0.0,0.0,0.0
2,18.70,1,0,0.0,0.0535,0.0,0.0,0.0
2,18.71,1,0,0.0,0.0534,0.0,0.0,0.0
2,18.72,3,0,0.0,0.0534,0.0,0.0,0.0
2,18.73,2,0,0.0,0.0534,0.0,0.0,0.0
2,18.74,2,0,0.0,0.0534,0.0,0.0,0.0
2,18.75,2,0,0.0,0.0533,0.0,0.0,0.0
2,18.76,1,1,1.0,0.0533,18.76,0.0,23.0
2,18.77,1,0,0.0,0.0533,0.0,0.0,0.0
2,18.78,1,0,0.0,0.0532,0.0,0.0,0.0
2,18.79,1,0,0.0,0.0532,0.0,0.0,0.0
2,18.80,3,0,0.0,0.0532,0.0,0.0,0.0
2,18.81,4,0,0.0,0.0532,0.0,0.0,0.0
2,18.83,3,0,0.0,0.0531,0.0,0.0,0.0
2,18.84,2,0,0.0,0.0531,0.0,0.0,0.0
2,18.86,3,0,0.0,0.053,0.0,0.0,0.0
2,18.87,1,0,0.0,0.053,0.0,0.0,0.0
2,18.88,1,0,0.0,0.053,0.0,0.0,0.0
2,18.89,2,0,0.0,0.0529,0.0,0.0,0.0
2,18.90,1,0,0.0,0.0529,0.0,0.0,0.0
2,18.91,2,0,0.0,0.0529,0.0,0.0,0.0
2,18.92,2,0,0.0,0.0529,0.0,0.0,0.0
2,18.93,1,0,0.0,0.0528,0.0,0.0,0.0
2,18.94,1,0,0.0,0.0528,0.0,0.0,0.0
2,18.96,5,0,0.0,0.0527,0.0,0.0,0.0
2,18.98,2,0,0.0,0.0527,0.0,0.0,0.0
2,18.99,2,0,0.0,0.0527,0.0,0.0,0.0
2,19.00,2,0,0.0,0.0526,0.0,0.0,0.0
2,19.01,1,0,0.0,0.0526,0.0,0.0,0.0
2,19.02,2,0,0.0,0.0526,0.0,0.0,0.0
2,19.03,1,0,0.0,0.0525,0.0,0.0,0.0
2,19.06,1,0,0.0,0.0525,0.0,0.0,0.0
2,19.07,1,0,0.0,0.0524,0.0,0.0,0.0
2,19.09,1,0,0.0,0.0524,0.0,0.0,0.0
2,19.10,1,0,0.0,0.0524,0.0,0.0,0.0
2,19.12,1,0,0.0,0.0523,0.0,0.0,0.0
2,19.14,2,0,0.0,0.0522,0.0,0.0,0.0
2,19.15,2,0,0.0,0.0522,0.0,0.0,0.0
2,19.16,1,0,0.0,0.0522,0.0,0.0,0.0
2,19.17,2,0,0.0,0.0522,0.0,0.0,0.0
2,19.18,2,0,0.0,0.0521,0.0,0.0,0.0
2,19.19,1,0,0.0,0.0521,0.0,0.0,0.0
2,19.20,2,0,0.0,0.0521,0.0,0.0,0.0
2,19.21,2,0,0.0,0.0521,0.0,0.0,0.0
2,19.22,2,0,0.0,0.052,0.0,0.0,0.0
2,19.23,2,0,0.0,0.052,0.0,0.0,0.0
2,19.24,1,0,0.0,0.052,0.0,0.0,0.0
2,19.25,2,0,0.0,0.0519,0.0,0.0,0.0
2,19.27,1,0,0.0,0.0519,0.0,0.0,0.0
2,19.28,2,0,0.0,0.0519,0.0,0.0,0.0
2,19.30,1,0,0.0,0.0518,0.0,0.0,0.0
2,19.31,2,0,0.0,0.0518,0.0,0.0,0.0
2,19.33,2,0,0.0,0.0517,0.0,0.0,0.0
2,19.36,1,0,0.0,0.0517,0.0,0.0,0.0
2,19.37,1,0,0.0,0.0516,0.0,0.0,0.0
2,19.38,1,0,0.0,0.0516,0.0,0.0,0.0
2,19.39,2,0,0.0,0.0516,0.0,0.0,0.0
2,19.40,2,0,0.0,0.0515,0.0,0.0,0.0
2,19.41,1,1,1.0,0.0515,19.41,0.0,23.45
2,19.44,1,0,0.0,0.0514,0.0,0.0,0.0
2,19.46,2,0,0.0,0.0514,0.0,0.0,0.0
2,19.47,2,0,0.0,0.0514,0.0,0.0,0.0
2,19.49,1,1,1.0,0.0513,19.49,0.0,25.14
2,19.51,1,0,0.0,0.0513,0.0,0.0,0.0
2,19.52,2,0,0.0,0.0512,0.0,0.0,0.0
2,19.53,1,0,0.0,0.0512,0.0,0.0,0.0
2,19.54,1,0,0.0,0.0512,0.0,0.0,0.0
2,19.55,2,0,0.0,0.0512,0.0,0.0,0.0
2,19.56,1,0,0.0,0.0511,0.0,0.0,0.0
2,19.57,2,1,0.5,0.0511,9.785,13.5613,12.0
2,19.58,1,0,0.0,0.0511,0.0,0.0,0.0
2,19.59,4,0,0.0,0.051,0.0,0.0,0.0
2,19.60,4,0,0.0,0.051,0.0,0.0,0.0
2,19.61,3,0,0.0,0.051,0.0,0.0,0.0
2,19.63,1,0,0.0,0.0509,0.0,0.0,0.0
2,19.64,2,0,0.0,0.0509,0.0,0.0,0.0
2,19.66,1,0,0.0,0.0509,0.0,0.0,0.0
2,19.68,2,0,0.0,0.0508,0.0,0.0,0.0
2,19.69,3,0,0.0,0.0508,0.0,0.0,0.0
2,19.70,1,0,0.0,0.0508,0.0,0.0,0.0
2,19.71,3,0,0.0,0.0507,0.0,0.0,0.0
2,19.72,2,1,0.5,0.0507,9.86,13.6653,11.5
2,19.73,1,0,0.0,0.0507,0.0,0.0,0.0
2,19.74,2,1,0.5,0.0507,9.87,13.6791,13.5
2,19.76,1,0,0.0,0.0506,0.0,0.0,0.0
2,19.77,1,0,0.0,0.0506,0.0,0.0,0.0
2,19.78,2,0,0.0,0.0506,0.0,0.0,0.0
2,19.79,4,0,0.0,0.0505,0.0,0.0,0.0
2,19.81,1,0,0.0,0.0505,0.0,0.0,0.0
2,19.82,1,0,0.0,0.0505,0.0,0.0,0.0
2,19.83,1,0,0.0,0.0504,0.0,0.0,0.0
2,19.84,1,0,0.0,0.0504,0.0,0.0,0.0
2,19.85,2,0,0.0,0.0504,0.0,0.0,0.0
2,19.86,1,1,1.0,0.0504,19.86,0.0,26.0
2,19.87,2,1,0.5,0.0503,9.935,13.7692,11.5
2,19.88,1,0,0.0,0.0503,0.0,0.0,0.0
2,19.89,4,1,0.25,0.0503,4.9725,8.4404,6.25
2,19.90,1,0,0.0,0.0503,0.0,0.0,0.0
2,19.91,2,0,0.0,0.0502,0.0,0.0,0.0
2,19.93,1,0,0.0,0.0502,0.0,0.0,0.0
2,19.95,3,0,0.0,0.0501,0.0,0.0,0.0
2,19.96,1,0,0.0,0.0501,0.0,0.0,0.0
2,19.97,2,0,0.0,0.0501,0.0,0.0,0.0
2,19.98,1,0,0.0,0.0501,0.0,0.0,0.0
2,19.99,1,0,0.0,0.05,0.0,0.0,0.0
2,20.00,2,0,0.0,0.05,0.0,0.0,0.0
2,20.01,1,0,0.0,0.05,0.0,0.0,0.0
2,20.03,1,0,0.0,0.0499,0.0,0.0,0.0
2,20.04,2,0,0.0,0.0499,0.0,0.0,0.0
2,20.05,1,0,0.0,0.0499,0.0,0.0,0.0
2,20.08,2,0,0.0,0.0498,0.0,0.0,0.0
2,20.09,1,0,0.0,0.0498,0.0,0.0,0.0
2,20.10,2,0,0.0,0.0498,0.0,0.0,0.0
2,20.11,1,0,0.0,0.0497,0.0,0.0,0.0
2,20.12,1,0,0.0,0.0497,0.0,0.0,0.0
2,20.14,3,1,0.3333,0.0497,6.7133,10.7433,7.6667
2,20.18,2,0,0.0,0.0496,0.0,0.0,0.0
2,20.24,1,0,0.0,0.0494,0.0,0.0,0.0
2,20.26,1,1,1.0,0.0494,20.26,0.0,24.0
2,20.27,1,0,0.0,0.0493,0.0,0.0,0.0
2,20.28,1,0,0.0,0.0493,0.0,0.0,0.0
2,20.30,1,0,0.0,0.0493,0.0,0.0,0.0
2,20.31,1,0,0.0,0.0492,0.0,0.0,0.0
2,20.32,1,0,0.0,0.0492,0.0,0.0,0.0
2,20.33,3,1,0.3333,0.0492,6.7767,10.8447,9.6667
2,20.34,2,0,0.0,0.0492,0.0,0.0,0.0
2,20.35,2,0,0.0,0.0491,0.0,0.0,0.0
2,20.36,2,0,0.0,0.0491,0.0,0.0,0.0
2,20.38,2,0,0.0,0.0491,0.0,0.0,0.0
2,20.39,3,0,0.0,0.049,0.0,0.0,0.0
2,20.43,1,0,0.0,0.0489,0.0,0.0,0.0
2,20.45,1,0,0.0,0.0489,0.0,0.0,0.0
2,20.47,1,0,0.0,0.0489,0.0,0.0,0.0
2,20.48,2,0,0.0,0.0488,0.0,0.0,0.0
2,20.51,3,0,0.0,0.0488,0.0,0.0,0.0
2,20.53,2,0,0.0,0.0487,0.0,0.0,0.0
2,20.55,2,0,0.0,0.0487,0.0,0.0,0.0
2,20.56,2,0,0.0,0.0486,0.0,0.0,0.0
2,20.57,2,0,0.0,0.0486,0.0,0.0,0.0
2,20.58,1,1,1.0,0.0486,20.58,0.0,26.0
2,20.59,3,0,0.0,0.0486,0.0,0.0,0.0
2,20.60,1,0,0.0,0.0485,0.0,0.0,0.0
2,20.62,3,0,0.0,0.0485,0.0,0.0,0.0
2,20.63,3,0,0.0,0.0485,0.0,0.0,0.0
2,20.64,2,0,0.0,0.0484,0.0,0.0,0.0
2,20.65,2,0,0.0,0.0484,0.0,0.0,0.0
2,20.66,1,0,0.0,0.0484,0.0,0.0,0.0
2,20.69,1,0,0.0,0.0483,0.0,0.0,0.0
2,20.70,1,0,0.0,0.0483,0.0,0.0,0.0
2,20.74,4,0,0.0,0.0482,0.0,0.0,0.0
2,20.75,2,1,0.5,0.0482,10.375,14.379,13.0
2,20.78,1,0,0.0,0.0481,0.0,0.0,0.0
2,20.79,1,0,0.0,0.0481,0.0,0.0,0.0
2,20.81,1,0,0.0,0.0481,0.0,0.0,0.0
2,20.83,2,0,0.0,0.048,0.0,0.0,0.0
2,20.84,3,0,0.0,0.048,0.0,0.0,0.0
2,20.85,1,0,0.0,0.048,0.0,0.0,0.0
2,20.89,2,0,0.0,0.0479,0.0,0.0,0.0
2,20.91,1,0,0.0,0.0478,0.0,0.0,0.0
2,20.92,1,0,0.0,0.0478,0.0,0.0,0.0
2,20.93,1,0,0.0,0.0478,0.0,0.0,0.0
2,20.94,1,0,0.0,0.0478,0.0,0.0,0.0
2,20.95,2,0,0.0,0.0477,0.0,0.0,0.0
2,20.96,1,0,0.0,0.0477,0.0,0.0,0.0
2,20.98,1,0,0.0,0.0477,0.0,0.0,0.0
2,20.99,2,0,0.0,0.0476,0.0,0.0,0.0
2,21.00,1,0,0.0,0.0476,0.0,0.0,0.0
2,21.01,1,0,0.0,0.0476,0.0,0.0,0.0
2,21.02,1,0,0.0,0.0476,0.0,0.0,0.0
2,21.03,1,0,0.0,0.0476,0.0,0.0,0.0
2,21.04,2,0,0.0,0.0475,0.0,0.0,0.0
2,21.05,3,0,0.0,0.0475,0.0,0.0,0.0
2,21.10,1,0,0.0,0.0474,0.0,0.0,0.0
2,21.12,1,0,0.0,0.0473,0.0,0.0,0.0
2,21.14,2,0,0.0,0.0473,0.0,0.0,0.0
2,21.18,1,0,0.0,0.0472,0.0,0.0,0.0
2,21.19,1,0,0.0,0.0472,0.0,0.0,0.0
2,21.20,1,0,0.0,0.0472,0.0,0.0,0.0
2,21.21,3,0,0.0,0.0471,0.0,0.0,0.0
2,21.22,1,0,0.0,0.0471,0.0,0.0,0.0
2,21.23,1,0,0.0,0.0471,0.0,0.0,0.0
2,21.24,3,0,0.0,0.0471,0.0,0.0,0.0
2,21.25,2,0,0.0,0.0471,0.0,0.0,0.0
2,21.28,1,0,0.0,0.047,0.0,0.0,0.0
2,21.30,1,0,0.0,0.0469,0.0,0.0,0.0
2,21.35,1,0,0.0,0.0468,0.0,0.0,0.0
2,21.36,1,0,0.0,0.0468,0.0,0.0,0.0
2,21.37,1,0,0.0,0.0468,0.0,0.0,0.0
2,21.39,2,0,0.0,0.0468,0.0,0.0,0.0
2,21.40,1,0,0.0,0.0467,0.0,0.0,0.0
2,21.43,3,0,0.0,0.0467,0.0,0.0,0.0
2,21.47,1,0,0.0,0.0466,0.0,0.0,0.0
2,21.48,1,0,0.0,0.0466,0.0,0.0,0.0
2,21.50,4,0,0.0,0.0465,0.0,0.0,0.0
2,21.51,3,0,0.0,0.0465,0.0,0.0,0.0
2,21.52,4,0,0.0,0.0465,0.0,0.0,0.0
2,21.53,1,0,0.0,0.0464,0.0,0.0,0.0
2,21.54,1,0,0.0,0.0464,0.0,0.0,0.0
2,21.55,1,0,0.0,0.0464,0.0,0.0,0.0
2,21.56,1,0,0.0,0.0464,0.0,0.0,0.0
2,21.57,1,0,0.0,0.0464,0.0,0.0,0.0
2,21.59,1,0,0.0,0.0463,0.0,0.0,0.0
2,21.63,2,0,0.0,0.0462,0.0,0.0,0.0
2,21.65,3,0,0.0,0.0462,0.0,0.0,0.0
2,21.67,1,0,0.0,0.0461,0.0,0.0,0.0
2,21.71,1,0,0.0,0.0461,0.0,0.0,0.0
2,21.72,1,0,0.0,0.046,0.0,0.0,0.0
2,21.73,1,0,0.0,0.046,0.0,0.0,0.0
2,21.75,1,0,0.0,0.046,0.0,0.0,0.0
2,21.79,2,0,0.0,0.0459,0.0,0.0,0.0
2,21.80,3,0,0.0,0.0459,0.0,0.0,0.0
2,21.82,1,0,0.0,0.0458,0.0,0.0,0.0
2,21.83,1,0,0.0,0.0458,0.0,0.0,0.0
2,21.88,2,0,0.0,0.0457,0.0,0.0,0.0
2,21.89,2,0,0.0,0.0457,0.0,0.0,0.0
2,21.91,1,0,0.0,0.0456,0.0,0.0,0.0
2,21.93,1,0,0.0,0.0456,0.0,0.0,0.0
2,21.94,1,0,0.0,0.0456,0.0,0.0,0.0
2,21.95,2,0,0.0,0.0456,0.0,0.0,0.0
2,21.98,1,1,1.0,0.0455,21.98,0.0,41.0
2,21.99,1,0,0.0,0.0455,0.0,0.0,0.0
2,22.01,2,0,0.0,0.0454,0.0,0.0,0.0
2,22.03,1,0,0.0,0.0454,0.0,0.0,0.0
2,22.04,2,0,0.0,0.0454,0.0,0.0,0.0
2,22.05,1,0,0.0,0.0454,0.0,0.0,0.0
2,22.06,2,0,0.0,0.0453,0.0,0.0,0.0
2,22.07,1,0,0.0,0.0453,0.0,0.0,0.0
2,22.12,2,0,0.0,0.0452,0.0,0.0,0.0
2,22.13,1,0,0.0,0.0452,0.0,0.0,0.0
2,22.15,2,0,0.0,0.0451,0.0,0.0,0.0
2,22.16,1,0,0.0,0.0451,0.0,0.0,0.0
2,22.18,1,0,0.0,0.0451,0.0,0.0,0.0
2,22.20,1,0,0.0,0.045,0.0,0.0,0.0
2,22.22,1,0,0.0,0.045,0.0,0.0,0.0
2,22.23,2,0,0.0,0.045,0.0,0.0,0.0
2,22.24,2,0,0.0,0.045,0.0,0.0,0.0
2,22.25,1,0,0.0,0.0449,0.0,0.0,0.0
2,22.27,1,0,0.0,0.0449,0.0,0.0,0.0
2,22.29,3,0,0.0,0.0449,0.0,0.0,0.0
2,22.31,2,0,0.0,0.0448,0.0,0.0,0.0
2,22.32,1,0,0.0,0.0448,0.0,0.0,0.0
2,22.33,1,0,0.0,0.0448,0.0,0.0,0.0
2,22.34,1,0,0.0,0.0448,0.0,0.0,0.0
2,22.35,2,1,0.5,0.0447,11.175,15.4878,14.5
2,22.37,1,0,0.0,0.0447,0.0,0.0,0.0
2,22.40,2,0,0.0,0.0446,0.0,0.0,0.0
2,22.41,1,0,0.0,0.0446,0.0,0.0,0.0
2,22.43,2,0,0.0,0.0446,0.0,0.0,0.0
2,22.44,1,0,0.0,0.0446,0.0,0.0,0.0
2,22.45,1,0,0.0,0.0445,0.0,0.0,0.0
2,22.46,2,0,0.0,0.0445,0.0,0.0,0.0
2,22.47,1,0,0.0,0.0445,0.0,0.0,0.0
2,22.52,1,0,0.0,0.0444,0.0,0.0,0.0
2,22.54,1,0,0.0,0.0444,0.0,0.0,0.0
2,22.55,1,0,0.0,0.0443,0.0,0.0,0.0
2,22.56,2,0,0.0,0.0443,0.0,0.0,0.0
2,22.59,1,0,0.0,0.0443,0.0,0.0,0.0
2,22.60,1,0,0.0,0.0442,0.0,0.0,0.0
2,22.62,2,0,0.0,0.0442,0.0,0.0,0.0
2,22.64,1,0,0.0,0.0442,0.0,0.0,0.0
2,22.65,1,0,0.0,0.0442,0.0,0.0,0.0
2,22.68,1,0,0.0,0.0441,0.0,0.0,0.0
2,22.69,1,0,0.0,0.0441,0.0,0.0,0.0
2,22.72,1,0,0.0,0.044,0.0,0.0,0.0
2,22.73,1,0,0.0,0.044,0.0,0.0,0.0
2,22.75,1,0,0.0,0.044,0.0,0.0,0.0
2,22.77,1,0,0.0,0.0439,0.0,0.0,0.0
2,22.78,2,0,0.0,0.0439,0.0,0.0,0.0
2,22.80,2,0,0.0,0.0439,0.0,0.0,0.0
2,22.81,2,0,0.0,0.0438,0.0,0.0,0.0
2,22.82,2,0,0.0,0.0438,0.0,0.0,0.0
2,22.83,1,0,0.0,0.0438,0.0,0.0,0.0
2,22.85,2,0,0.0,0.0438,0.0,0.0,0.0
2,22.86,1,0,0.0,0.0437,0.0,0.0,0.0
2,22.88,1,0,0.0,0.0437,0.0,0.0,0.0
2,22.91,1,0,0.0,0.0436,0.0,0.0,0.0
2,22.92,2,0,0.0,0.0436,0.0,0.0,0.0
2,22.93,1,0,0.0,0.0436,0.0,0.0,0.0
2,22.94,1,0,0.0,0.0436,0.0,0.0,0.0
2,22.95,1,0,0.0,0.0436,0.0,0.0,0.0
2,23.00,1,0,0.0,0.0435,0.0,0.0,0.0
2,23.03,1,0,0.0,0.0434,0.0,0.0,0.0
2,23.09,1,0,0.0,0.0433,0.0,0.0,0.0
2,23.11,1,0,0.0,0.0433,0.0,0.0,0.0
2,23.12,1,0,0.0,0.0433,0.0,0.0,0.0
2,23.13,1,0,0.0,0.0432,0.0,0.0,0.0
2,23.15,1,0,0.0,0.0432,0.0,0.0,0.0
2,23.16,1,0,0.0,0.0432,0.0,0.0,0.0
2,23.19,1,0,0.0,0.0431,0.0,0.0,0.0
2,23.23,1,0,0.0,0.043,0.0,0.0,0.0
2,23.25,1,0,0.0,0.043,0.0,0.0,0.0
2,23.28,2,0,0.0,0.043,0.0,0.0,0.0
2,23.29,1,0,0.0,0.0429,0.0,0.0,0.0
2,23.30,1,0,0.0,0.0429,0.0,0.0,0.0
2,23.35,1,0,0.0,0.0428,0.0,0.0,0.0
2,23.39,1,0,0.0,0.0428,0.0,0.0,0.0
2,23.40,1,0,0.0,0.0427,0.0,0.0,0.0
2,23.41,1,0,0.0,0.0427,0.0,0.0,0.0
2,23.44,1,0,0.0,0.0427,0.0,0.0,0.0
2,23.46,1,0,0.0,0.0426,0.0,0.0,0.0
2,23.48,1,0,0.0,0.0426,0.0,0.0,0.0
2,23.50,2,0,0.0,0.0426,0.0,0.0,0.0
2,23.51,1,0,0.0,0.0425,0.0,0.0,0.0
2,23.54,2,0,0.0,0.0425,0.0,0.0,0.0
2,23.58,1,0,0.0,0.0424,0.0,0.0,0.0
2,23.62,1,0,0.0,0.0423,0.0,0.0,0.0
2,23.64,1,0,0.0,0.0423,0.0,0.0,0.0
2,23.65,1,0,0.0,0.0423,0.0,0.0,0.0
2,23.69,1,0,0.0,0.0422,0.0,0.0,0.0
2,23.71,2,0,0.0,0.0422,0.0,0.0,0.0
2,23.72,2,0,0.0,0.0422,0.0,0.0,0.0
2,23.73,1,0,0.0,0.0421,0.0,0.0,0.0
2,23.77,1,0,0.0,0.0421,0.0,0.0,0.0
2,23.78,1,0,0.0,0.0421,0.0,0.0,0.0
2,23.83,1,0,0.0,0.042,0.0,0.0,0.0
2,23.87,1,0,0.0,0.0419,0.0,0.0,0.0
2,23.88,1,0,0.0,0.0419,0.0,0.0,0.0
2,23.91,1,0,0.0,0.0418,0.0,0.0,0.0
2,23.99,1,0,0.0,0.0417,0.0,0.0,0.0
2,24.00,1,0,0.0,0.0417,0.0,0.0,0.0
2,24.01,1,0,0.0,0.0416,0.0,0.0,0.0
2,24.05,2,0,0.0,0.0416,0.0,0.0,0.0
2,24.07,2,0,0.0,0.0415,0.0,0.0,0.0
2,24.10,1,0,0.0,0.0415,0.0,0.0,0.0
2,24.11,2,0,0.0,0.0415,0.0,0.0,0.0
2,24.12,1,0,0.0,0.0415,0.0,0.0,0.0
2,24.13,2,0,0.0,0.0414,0.0,0.0,0.0
2,24.15,2,0,0.0,0.0414,0.0,0.0,0.0
2,24.19,1,0,0.0,0.0413,0.0,0.0,0.0
2,24.20,2,0,0.0,0.0413,0.0,0.0,0.0
2,24.21,1,0,0.0,0.0413,0.0,0.0,0.0
2,24.22,1,0,0.0,0.0413,0.0,0.0,0.0
2,24.24,1,0,0.0,0.0413,0.0,0.0,0.0
2,24.26,4,0,0.0,0.0412,0.0,0.0,0.0
2,24.32,1,1,1.0,0.0411,24.32,0.0,29.0
2,24.33,1,0,0.0,0.0411,0.0,0.0,0.0
2,24.34,1,0,0.0,0.0411,0.0,0.0,0.0
2,24.38,1,0,0.0,0.041,0.0,0.0,0.0
2,24.41,1,1,1.0,0.041,24.41,0.0,34.0
2,24.42,2,0,0.0,0.041,0.0,0.0,0.0
2,24.44,1,0,0.0,0.0409,0.0,0.0,0.0
2,24.50,2,0,0.0,0.0408,0.0,0.0,0.0
2,24.54,1,0,0.0,0.0407,0.0,0.0,0.0
2,24.55,1,0,0.0,0.0407,0.0,0.0,0.0
2,24.56,2,0,0.0,0.0407,0.0,0.0,0.0
2,24.60,1,0,0.0,0.0407,0.0,0.0,0.0
2,24.61,1,0,0.0,0.0406,0.0,0.0,0.0
2,24.62,1,0,0.0,0.0406,0.0,0.0,0.0
2,24.64,4,0,0.0,0.0406,0.0,0.0,0.0
2,24.66,2,0,0.0,0.0406,0.0,0.0,0.0
2,24.67,1,0,0.0,0.0405,0.0,0.0,0.0
2,24.69,2,0,0.0,0.0405,0.0,0.0,0.0
2,24.73,1,0,0.0,0.0404,0.0,0.0,0.0
2,24.75,2,0,0.0,0.0404,0.0,0.0,0.0
2,24.76,1,0,0.0,0.0404,0.0,0.0,0.0
2,24.81,1,0,0.0,0.0403,0.0,0.0,0.0
2,24.82,1,0,0.0,0.0403,0.0,0.0,0.0
2,24.88,1,0,0.0,0.0402,0.0,0.0,0.0
2,24.90,1,0,0.0,0.0402,0.0,0.0,0.0
2,24.93,1,0,0.0,0.0401,0.0,0.0,0.0
2,24.94,1,0,0.0,0.0401,0.0,0.0,0.0
2,24.98,1,0,0.0,0.04,0.0,0.0,0.0
2,24.99,3,1,0.3333,0.04,8.33,13.3304,9.6667
2,25.03,1,0,0.0,0.04,0.0,0.0,0.0
2,25.08,1,0,0.0,0.0399,0.0,0.0,0.0
2,25.09,1,0,0.0,0.0399,0.0,0.0,0.0
2,25.10,2,0,0.0,0.0398,0.0,0.0,0.0
2,25.11,1,0,0.0,0.0398,0.0,0.0,0.0
2,25.22,1,0,0.0,0.0397,0.0,0.0,0.0
2,25.24,1,0,0.0,0.0396,0.0,0.0,0.0
2,25.26,1,0,0.0,0.0396,0.0,0.0,0.0
2,25.28,1,0,0.0,0.0396,0.0,0.0,0.0
2,25.36,1,0,0.0,0.0394,0.0,0.0,0.0
2,25.41,1,0,0.0,0.0394,0.0,0.0,0.0
2,25.43,2,0,0.0,0.0393,0.0,0.0,0.0
2,25.47,1,0,0.0,0.0393,0.0,0.0,0.0
2,25.48,1,0,0.0,0.0392,0.0,0.0,0.0
2,25.50,1,0,0.0,0.0392,0.0,0.0,0.0
2,25.54,1,0,0.0,0.0392,0.0,0.0,0.0
2,25.55,1,0,0.0,0.0391,0.0,0.0,0.0
2,25.58,1,0,0.0,0.0391,0.0,0.0,0.0
2,25.59,2,0,0.0,0.0391,0.0,0.0,0.0
2,25.60,1,0,0.0,0.0391,0.0,0.0,0.0
2,25.61,1,0,0.0,0.039,0.0,0.0,0.0
2,25.65,1,0,0.0,0.039,0.0,0.0,0.0
2,25.67,1,0,0.0,0.039,0.0,0.0,0.0
2,25.68,1,0,0.0,0.0389,0.0,0.0,0.0
2,25.71,1,0,0.0,0.0389,0.0,0.0,0.0
2,25.73,2,0,0.0,0.0389,0.0,0.0,0.0
2,25.74,1,0,0.0,0.0389,0.0,0.0,0.0
2,25.76,2,0,0.0,0.0388,0.0,0.0,0.0
2,25.77,1,0,0.0,0.0388,0.0,0.0,0.0
2,25.78,1,0,0.0,0.0388,0.0,0.0,0.0
2,25.79,1,0,0.0,0.0388,0.0,0.0,0.0
2,25.81,3,0,0.0,0.0387,0.0,0.0,0.0
2,25.83,1,0,0.0,0.0387,0.0,0.0,0.0
2,25.86,1,1,1.0,0.0387,25.86,0.0,41.0
2,25.87,1,0,0.0,0.0387,0.0,0.0,0.0
2,25.88,1,0,0.0,0.0386,0.0,0.0,0.0
2,25.94,1,0,0.0,0.0386,0.0,0.0,0.0
2,25.99,1,1,1.0,0.0385,25.99,0.0,41.85
2,26.00,1,0,0.0,0.0385,0.0,0.0,0.0
2,26.01,1,0,0.0,0.0384,0.0,0.0,0.0
2,26.06,1,0,0.0,0.0384,0.0,0.0,0.0
2,26.13,1,0,0.0,0.0383,0.0,0.0,0.0
2,26.26,1,0,0.0,0.0381,0.0,0.0,0.0
2,26.27,1,0,0.0,0.0381,0.0,0.0,0.0
2,26.31,1,0,0.0,0.038,0.0,0.0,0.0
2,26.34,1,0,0.0,0.038,0.0,0.0,0.0
2,26.36,1,0,0.0,0.0379,0.0,0.0,0.0
2,26.42,1,0,0.0,0.0379,0.0,0.0,0.0
2,26.43,1,0,0.0,0.0378,0.0,0.0,0.0
2,26.47,1,0,0.0,0.0378,0.0,0.0,0.0
2,26.51,1,0,0.0,0.0377,0.0,0.0,0.0
2,26.64,1,0,0.0,0.0375,0.0,0.0,0.0
2,26.81,1,0,0.0,0.0373,0.0,0.0,0.0
2,26.87,1,0,0.0,0.0372,0.0,0.0,0.0
2,26.91,1,0,0.0,0.0372,0.0,0.0,0.0
2,26.94,1,0,0.0,0.0371,0.0,0.0,0.0
2,26.95,2,0,0.0,0.0371,0.0,0.0,0.0
2,27.01,1,0,0.0,0.037,0.0,0.0,0.0
2,27.03,1,0,0.0,0.037,0.0,0.0,0.0
2,27.13,1,0,0.0,0.0369,0.0,0.0,0.0
2,27.15,2,0,0.0,0.0368,0.0,0.0,0.0
2,27.17,1,0,0.0,0.0368,0.0,0.0,0.0
2,27.21,1,0,0.0,0.0368,0.0,0.0,0.0
2,27.25,2,0,0.0,0.0367,0.0,0.0,0.0
2,27.28,1,0,0.0,0.0367,0.0,0.0,0.0
2,27.41,1,0,0.0,0.0365,0.0,0.0,0.0
2,27.43,1,0,0.0,0.0365,0.0,0.0,0.0
2,27.45,1,0,0.0,0.0364,0.0,0.0,0.0
2,27.49,1,0,0.0,0.0364,0.0,0.0,0.0
2,27.50,1,0,0.0,0.0364,0.0,0.0,0.0
2,27.51,1,0,0.0,0.0364,0.0,0.0,0.0
2,27.60,1,0,0.0,0.0362,0.0,0.0,0.0
2,27.61,1,0,0.0,0.0362,0.0,0.0,0.0
2,27.64,1,0,0.0,0.0362,0.0,0.0,0.0
2,27.68,1,0,0.0,0.0361,0.0,0.0,0.0
2,27.69,1,0,0.0,0.0361,0.0,0.0,0.0
2,27.70,1,0,0.0,0.0361,0.0,0.0,0.0
2,27.80,1,0,0.0,0.036,0.0,0.0,0.0
2,27.81,1,0,0.0,0.036,0.0,0.0,0.0
2,27.82,1,0,0.0,0.0359,0.0,0.0,0.0
2,27.83,1,0,0.0,0.0359,0.0,0.0,0.0
2,27.87,1,0,0.0,0.0359,0.0,0.0,0.0
2,27.89,1,0,0.0,0.0359,0.0,0.0,0.0
2,27.97,1,0,0.0,0.0358,0.0,0.0,0.0
2,28.00,1,0,0.0,0.0357,0.0,0.0,0.0
2,28.03,2,0,0.0,0.0357,0.0,0.0,0.0
2,28.06,1,0,0.0,0.0356,0.0,0.0,0.0
2,28.07,2,0,0.0,0.0356,0.0,0.0,0.0
2,28.08,1,0,0.0,0.0356,0.0,0.0,0.0
2,28.09,1,0,0.0,0.0356,0.0,0.0,0.0
2,28.11,2,0,0.0,0.0356,0.0,0.0,0.0
2,28.13,1,0,0.0,0.0355,0.0,0.0,0.0
2,28.23,1,0,0.0,0.0354,0.0,0.0,0.0
2,28.27,1,0,0.0,0.0354,0.0,0.0,0.0
2,28.30,1,0,0.0,0.0353,0.0,0.0,0.0
2,28.35,1,0,0.0,0.0353,0.0,0.0,0.0
2,28.36,2,0,0.0,0.0353,0.0,0.0,0.0
2,28.44,1,0,0.0,0.0352,0.0,0.0,0.0
2,28.52,1,0,0.0,0.0351,0.0,0.0,0.0
2,28.53,1,0,0.0,0.0351,0.0,0.0,0.0
2,28.54,1,0,0.0,0.035,0.0,0.0,0.0
2,28.60,1,0,0.0,0.035,0.0,0.0,0.0
2,28.61,1,0,0.0,0.035,0.0,0.0,0.0
2,28.64,1,0,0.0,0.0349,0.0,0.0,0.0
2,28.72,1,0,0.0,0.0348,0.0,0.0,0.0
2,28.75,1,0,0.0,0.0348,0.0,0.0,0.0
2,28.82,1,0,0.0,0.0347,0.0,0.0,0.0
2,28.85,1,0,0.0,0.0347,0.0,0.0,0.0
2,28.88,1,0,0.0,0.0346,0.0,0.0,0.0
2,28.91,1,0,0.0,0.0346,0.0,0.0,0.0
2,28.92,1,0,0.0,0.0346,0.0,0.0,0.0
2,29.03,1,0,0.0,0.0344,0.0,0.0,0.0
2,29.05,1,0,0.0,0.0344,0.0,0.0,0.0
2,29.06,1,0,0.0,0.0344,0.0,0.0,0.0
2,29.07,1,0,0.0,0.0344,0.0,0.0,0.0
2,29.18,1,0,0.0,0.0343,0.0,0.0,0.0
2,29.20,1,0,0.0,0.0342,0.0,0.0,0.0
2,29.23,1,0,0.0,0.0342,0.0,0.0,0.0
2,29.24,1,0,0.0,0.0342,0.0,0.0,0.0
2,29.25,1,0,0.0,0.0342,0.0,0.0,0.0
2,29.37,1,0,0.0,0.034,0.0,0.0,0.0
2,29.40,1,0,0.0,0.034,0.0,0.0,0.0
2,29.48,1,0,0.0,0.0339,0.0,0.0,0.0
2,29.52,1,0,0.0,0.0339,0.0,0.0,0.0
2,29.53,1,0,0.0,0.0339,0.0,0.0,0.0
2,29.57,1,0,0.0,0.0338,0.0,0.0,0.0
2,29.61,1,0,0.0,0.0338,0.0,0.0,0.0
2,29.63,1,0,0.0,0.0337,0.0,0.0,0.0
2,29.72,1,0,0.0,0.0336,0.0,0.0,0.0
2,29.77,1,0,0.0,0.0336,0.0,0.0,0.0
2,29.79,1,0,0.0,0.0336,0.0,0.0,0.0
2,29.85,1,0,0.0,0.0335,0.0,0.0,0.0
2,29.87,1,0,0.0,0.0335,0.0,0.0,0.0
2,29.97,1,0,0.0,0.0334,0.0,0.0,0.0
2,30.00,1,0,0.0,0.0333,0.0,0.0,0.0
2,30.01,1,0,0.0,0.0333,0.0,0.0,0.0
2,30.06,1,0,0.0,0.0333,0.0,0.0,0.0
2,30.07,1,0,0.0,0.0333,0.0,0.0,0.0
2,30.13,1,0,0.0,0.0332,0.0,0.0,0.0
2,30.20,1,0,0.0,0.0331,0.0,0.0,0.0
2,30.21,1,0,0.0,0.0331,0.0,0.0,0.0
2,30.23,2,0,0.0,0.0331,0.0,0.0,0.0
2,30.33,1,0,0.0,0.033,0.0,0.0,0.0
2,30.37,1,0,0.0,0.0329,0.0,0.0,0.0
2,30.41,1,0,0.0,0.0329,0.0,0.0,0.0
2,30.43,1,0,0.0,0.0329,0.0,0.0,0.0
2,30.46,1,0,0.0,0.0328,0.0,0.0,0.0
2,30.50,1,0,0.0,0.0328,0.0,0.0,0.0
2,30.61,1,0,0.0,0.0327,0.0,0.0,0.0
2,30.63,1,0,0.0,0.0326,0.0,0.0,0.0
2,30.64,1,0,0.0,0.0326,0.0,0.0,0.0
2,30.72,1,0,0.0,0.0326,0.0,0.0,0.0
2,30.74,1,0,0.0,0.0325,0.0,0.0,0.0
2,30.75,1,0,0.0,0.0325,0.0,0.0,0.0
2,30.76,1,0,0.0,0.0325,0.0,0.0,0.0
2,30.83,1,0,0.0,0.0324,0.0,0.0,0.0
2,30.93,1,0,0.0,0.0323,0.0,0.0,0.0
2,30.98,2,0,0.0,0.0323,0.0,0.0,0.0
2,31.00,1,0,0.0,0.0323,0.0,0.0,0.0
2,31.01,1,0,0.0,0.0322,0.0,0.0,0.0
2,31.31,1,0,0.0,0.0319,0.0,0.0,0.0
2,31.45,1,0,0.0,0.0318,0.0,0.0,0.0
2,31.54,1,0,0.0,0.0317,0.0,0.0,0.0
2,31.61,1,0,0.0,0.0316,0.0,0.0,0.0
2,31.81,2,0,0.0,0.0314,0.0,0.0,0.0
2,31.85,1,0,0.0,0.0314,0.0,0.0,0.0
2,31.95,1,0,0.0,0.0313,0.0,0.0,0.0
2,32.00,1,0,0.0,0.0312,0.0,0.0,0.0
2,32.22,1,0,0.0,0.031,0.0,0.0,0.0
2,32.25,1,0,0.0,0.031,0.0,0.0,0.0
2,32.26,1,0,0.0,0.031,0.0,0.0,0.0
2,32.36,1,1,1.0,0.0309,32.36,0.0,46.0
2,32.37,1,0,0.0,0.0309,0.0,0.0,0.0
2,32.47,1,0,0.0,0.0308,0.0,0.0,0.0
2,32.50,1,0,0.0,0.0308,0.0,0.0,0.0
2,32.53,1,0,0.0,0.0307,0.0,0.0,0.0
2,32.54,1,0,0.0,0.0307,0.0,0.0,0.0
2,32.99,1,0,0.0,0.0303,0.0,0.0,0.0
2,33.20,1,0,0.0,0.0301,0.0,0.0,0.0
2,33.30,1,0,0.0,0.03,0.0,0.0,0.0
2,33.32,1,0,0.0,0.03,0.0,0.0,0.0
2,33.38,1,0,0.0,0.03,0.0,0.0,0.0
2,33.42,2,0,0.0,0.0299,0.0,0.0,0.0
2,33.43,1,0,0.0,0.0299,0.0,0.0,0.0
2,33.53,1,0,0.0,0.0298,0.0,0.0,0.0
2,33.57,1,0,0.0,0.0298,0.0,0.0,0.0
2,33.60,1,0,0.0,0.0298,0.0,0.0,0.0
2,33.69,1,0,0.0,0.0297,0.0,0.0,0.0
2,33.70,1,0,0.0,0.0297,0.0,0.0,0.0
2,33.80,1,0,0.0,0.0296,0.0,0.0,0.0
2,33.93,1,0,0.0,0.0295,0.0,0.0,0.0
2,34.19,1,0,0.0,0.0292,0.0,0.0,0.0
2,34.70,1,0,0.0,0.0288,0.0,0.0,0.0
2,35.15,1,0,0.0,0.0284,0.0,0.0,0.0
2,35.20,1,0,0.0,0.0284,0.0,0.0,0.0
2,35.35,1,0,0.0,0.0283,0.0,0.0,0.0
2,35.58,1,0,0.0,0.0281,0.0,0.0,0.0
2,35.67,1,0,0.0,0.028,0.0,0.0,0.0
2,35.69,1,0,0.0,0.028,0.0,0.0,0.0
2,35.88,1,0,0.0,0.0279,0.0,0.0,0.0
2,36.14,1,0,0.0,0.0277,0.0,0.0,0.0
2,36.19,1,0,0.0,0.0276,0.0,0.0,0.0
2,36.25,1,0,0.0,0.0276,0.0,0.0,0.0
2,36.28,1,0,0.0,0.0276,0.0,0.0,0.0
2,36.37,1,0,0.0,0.0275,0.0,0.0,0.0
2,36.41,1,0,0.0,0.0275,0.0,0.0,0.0
2,36.69,1,0,0.0,0.0273,0.0,0.0,0.0
2,36.72,1,0,0.0,0.0272,0.0,0.0,0.0
2,36.77,1,0,0.0,0.0272,0.0,0.0,0.0
2,36.91,1,0,0.0,0.0271,0.0,0.0,0.0
2,37.11,1,0,0.0,0.0269,0.0,0.0,0.0
2,37.20,1,0,0.0,0.0269,0.0,0.0,0.0
2,37.89,1,0,0.0,0.0264,0.0,0.0,0.0
2,37.94,1,0,0.0,0.0264,0.0,0.0,0.0
2,38.17,1,0,0.0,0.0262,0.0,0.0,0.0
2,38.30,1,0,0.0,0.0261,0.0,0.0,0.0
2,38.54,1,0,0.0,0.0259,0.0,0.0,0.0
2,38.59,1,0,0.0,0.0259,0.0,0.0,0.0
2,39.02,1,0,0.0,0.0256,0.0,0.0,0.0
2,39.44,1,0,0.0,0.0254,0.0,0.0,0.0
2,39.77,1,0,0.0,0.0251,0.0,0.0,0.0
2,40.23,1,0,0.0,0.0249,0.0,0.0,0.0
2,40.61,1,0,0.0,0.0246,0.0,0.0,0.0
2,40.67,1,0,0.0,0.0246,0.0,0.0,0.0
2,40.86,1,0,0.0,0.0245,0.0,0.0,0.0
2,40.93,1,0,0.0,0.0244,0.0,0.0,0.0
2,41.10,1,0,0.0,0.0243,0.0,0.0,0.0
2,41.82,1,0,0.0,0.0239,0.0,0.0,0.0
2,42.46,1,0,0.0,0.0236,0.0,0.0,0.0
2,42.74,1,0,0.0,0.0234,0.0,0.0,0.0
2,42.94,1,0,0.0,0.0233,0.0,0.0,0.0
2,43.76,1,0,0.0,0.0229,0.0,0.0,0.0
2,45.03,1,0,0.0,0.0222,0.0,0.0,0.0
2,45.45,1,0,0.0,0.022,0.0,0.0,0.0
2,47.23,1,0,0.0,0.0212,0.0,0.0,0.0
2,56.27,1,0,0.0,0.0178,0.0,0.0,0.0
2,60.07,1,0,0.0,0.0166,0.0,0.0,0.0
